source,review_description,sentiment,stemmed_text,lemma_text
App Store,I’m excited for this app but the MAJORITY of my feed is people I don’t follow and brands! Please stop. I don’t want those on my home page. I’m happy to check recommended content on an explore page but what’s the point of choosing who to follow if the app is going to decide what I’m going to see for me??,Negative,im excit app major feed peopl dont follow brand pleas stop dont want home page im happi check recommend content explor page what point choos follow app go decid im go see,im excited app majority feed people dont follow brand please stop dont want home page im happy check recommended content explore page whats point choosing follow app going decide im going see
Google Play,First downloader so follow me Insta id. sam_asif_07,Positive,first download follow insta id samasif,first downloader follow insta id samasif
Google Play,Not bad at all,Negative,bad,bad
Google Play,Needed some new app.,Positive,need new app,needed new app
Google Play,Haven't used the app yet but from what I see from people's reviews I think it's great so I'm giving it 5 stars 🥰,Positive,havent use app yet see peopl review think great im give star,havent used app yet see people review think great im giving star
Google Play,Want to attach screenshots of the problem I am facing. Screen got shivering while I am entering into it and it is the worst😠,Negative,want attach screenshot problem face screen got shiver enter worst,want attach screenshots problem facing screen got shivering entering worst
Google Play,Horrible could not keep app open.,Negative,horribl could keep app open,horrible could keep app open
Google Play,Better than Twitter...,Positive,better twitter,better twitter
Google Play,"Good, plain, easy. No WIDGETS???",Positive,good plain easi widget,good plain easy widget
Google Play,This app is beautiful and trustful 👍👍,Neutral,app beauti trust,app beautiful trustful
Google Play,What a smooth ui,Positive,smooth ui,smooth ui
Google Play,Probably the first person tell you why i gave it a 5 star is because i think is better than twitter but is my opinion,Positive,probabl first person tell gave star think better twitter opinion,probably first person tell gave star think better twitter opinion
Google Play,Nothing special,Neutral,noth special,nothing special
Google Play,Love it!,Positive,love,love
Google Play,This app is not safe,Negative,app safe,app safe
Google Play,They want me to pay for a service that show's no improvement,Negative,want pay servic show improv,want pay service show improvement
Google Play,"U wont let us to curse and post lewd, twitter is better then",Neutral,u wont let us curs post lewd twitter better,u wont let u curse post lewd twitter better
Google Play,Very true,Positive,true,true
Google Play,I am facing an issue with this application. Whenever I am trying to reply or quote a video the application shuts off by itself and that video disappears. It's happening from the day one that I had downloaded threads. Please fix that problem. Thank you.,Negative,face issu applic whenev tri repli quot video applic shut video disappear happen day one download thread pleas fix problem thank,facing issue application whenever trying reply quote video application shuts video disappears happening day one downloaded thread please fix problem thank
Google Play,"Not bad as a new app.. however, it does need a few improvement of features as well as some new features... I hope also that it will be allowed to navigate through different accounts just like Instagram. I have multiple accounts for multiple purposes and I would like to have separate threads accounts that are easily navigated through.",Neutral,bad new app howev need improv featur well new featur hope also allow navig differ account like instagram multipl account multipl purpos would like separ thread account easili navig,bad new app however need improvement feature well new feature hope also allowed navigate different account like instagram multiple account multiple purpose would like separate thread account easily navigated
Google Play,This app heg me...😠🤬,Neutral,app heg,app heg
Google Play,Ita not working in my device after login it buffering while scrolling and showing overlapping post and content.,Neutral,ita work devic login buffer scroll show overlap post content,ita working device login buffering scrolling showing overlapping post content
Google Play,App is not working correctly it blurs all posts and letters,Negative,app work correctli blur post letter,app working correctly blur post letter
Google Play,No chat no cool,Negative,chat cool,chat cool
Google Play,looks more simpler to catch up,Positive,look simpler catch,look simpler catch
App Store,"I definitely think this app is a good idea but it’s missing a few key features that still make Twitter better such as having a following tab so I can just see threads from the people I follow, a notifications tab so I can see the threads that I turned notifications on for without having to search for them after I open the app, if those two things were implemented this app could be better than Twitter",Neutral,definit think app good idea miss key featur still make twitter better follow tab see thread peopl follow notif tab see thread turn notif without search open app two thing implement app could better twitter,definitely think app good idea missing key feature still make twitter better following tab see thread people follow notification tab see thread turned notification without search open app two thing implemented app could better twitter
Google Play,Has potential but pretty bare bones atm. The lack of hashtags and the inability to search Threads makes discoverablity nonexistent. Bookmarks and media tab would also be good.,Neutral,potenti pretti bare bone atm lack hashtag inabl search thread make discoverabl nonexist bookmark media tab would also good,potential pretty bare bone atm lack hashtags inability search thread make discoverablity nonexistent bookmark medium tab would also good
Google Play,No information from the user....,Negative,inform user,information user
Google Play,better laugh than twitter,Positive,better laugh twitter,better laugh twitter
Google Play,Enjoy the censorship if that's your thing,Negative,enjoy censorship that thing,enjoy censorship thats thing
Google Play,"Stability is terrible, app seems fun though. Lots of activity and getting plenty of support by users.",Neutral,stabil terribl app seem fun though lot activ get plenti support user,stability terrible app seems fun though lot activity getting plenty support user
Google Play,LOG IN WITH INSTAGRAM ACCOUNT WHY⁉️⁉️😕,Negative,log instagram account,log instagram account
Google Play,"The app keeps stopping, the replies on a post are repeated while scrolling then the app closes and it is not easy to find friend's posts and profiles",Neutral,app keep stop repli post repeat scroll app close easi find friend post profil,app keep stopping reply post repeated scrolling app close easy find friend post profile
Google Play,the meta has changed,Positive,meta chang,meta changed
Google Play,Mark bro we love you 👌,Positive,mark bro love,mark bro love
Google Play,Still need a lot of improvement can you upgrade apply a google translation/translation,Negative,still need lot improv upgrad appli googl translationtransl,still need lot improvement upgrade apply google translationtranslation
Google Play,Still learning and navigating but seriously I don't care nor want to discover random people's posts that I am not following on my page. If I wanted to I would search them up to get their posts specifically. Also can't find the posts from accounts that I do follow. Please fix this as this is one of Twitters only redeeming qualities that they have over you.,Neutral,still learn navig serious dont care want discov random peopl post follow page want would search get post specif also cant find post account follow pleas fix one twitter redeem qualiti,still learning navigating seriously dont care want discover random people post following page wanted would search get post specifically also cant find post account follow please fix one twitter redeeming quality
Google Play,"Very Great App, Much Better Than The Chaos Of Twitter!",Positive,great app much better chao twitter,great app much better chaos twitter
Google Play,So Much Bugs In The App ! nothing Superb Features Copied Everything From Twitter,Negative,much bug app noth superb featur copi everyth twitter,much bug app nothing superb feature copied everything twitter
Google Play,This is just what the world needed.,Positive,world need,world needed
Google Play,It keeps stopping while I try to post a photo,Negative,keep stop tri post photo,keep stopping try post photo
Google Play,Loving it so far. Would love an edit feature tho ❤️,Positive,love far would love edit featur tho,loving far would love edit feature tho
Google Play,Copy,Neutral,copi,copy
Google Play,Very Cool app,Positive,cool app,cool app
Google Play,Good app,Positive,good app,good app
App Store,Would appreciate to see a following only feed instead of seeing others post that i don’t follow.,Positive,would appreci see follow feed instead see other post dont follow,would appreciate see following feed instead seeing others post dont follow
Google Play,Threads app is best app this app distroy the Twitter amazing yaar so continuous the meta,Positive,thread app best app app distroy twitter amaz yaar continu meta,thread app best app app distroy twitter amazing yaar continuous meta
Google Play,Great app. Abhi agile development ho raha hai iss karan se shuruaati features bs aaye hai. Jismein kaam chal Raha hai. Baad mein advanced features bhi aayenge jaise image download aur most hated ADs.,Positive,great app abhi agil develop ho raha hai iss karan se shuruaati featur bs aay hai jismein kaam chal raha hai baad mein advanc featur bhi aayeng jais imag download aur hate ad,great app abhi agile development ho raha hai iss karan se shuruaati feature b aaye hai jismein kaam chal raha hai baad mein advanced feature bhi aayenge jaise image download aur hated ad
Google Play,Great app but no themes Only dark them and there is no data save like autoplay you can't control it to never or something I hope next update trying to fix it,Neutral,great app theme dark data save like autoplay cant control never someth hope next updat tri fix,great app theme dark data save like autoplay cant control never something hope next update trying fix
Google Play,5⭐ Service So I gave 5⭐ 🚧🚧🚧🚧🚧,Positive,servic gave,service gave
Google Play,"This is a very good social media app, in future it can compete with social media apps like Twitter.",Positive,good social media app futur compet social media app like twitter,good social medium app future compete social medium apps like twitter
Google Play,Trending section maybe.,Positive,trend section mayb,trending section maybe
App Store,…is that it’s not owned by Elon Musk.,Positive,own elon musk,owned elon musk
Google Play,Cool....,Neutral,cool,cool
Google Play,Wonderful... Just need some new features,Positive,wonder need new featur,wonderful need new feature
Google Play,"its okayy👌, but could you please add a translation button please",Positive,okayi could pleas add translat button pleas,okayy could please add translation button please
Google Play,It's looks good,Positive,look good,look good
Google Play,"The app is amazing, I really loved it but I am having issues change the mode of the app. It is only on dark mode on my device and I don't know how to change it back",Positive,app amaz realli love issu chang mode app dark mode devic dont know chang back,app amazing really loved issue change mode app dark mode device dont know change back
App Store,"Boring, most followers are just ported over from Instagram and with no hashtags or local content, it’s difficult to find a reason to use.",Negative,bore follow port instagram hashtag local content difficult find reason use,boring follower ported instagram hashtags local content difficult find reason use
Google Play,Great alternative to the chaos and hate of Twitter.,Positive,great altern chao hate twitter,great alternative chaos hate twitter
Google Play,The real reason why people are quitting Threads because it is literally boring. We have nothing to do on threads rather we prefer using Instagram.,Neutral,real reason peopl quit thread liter bore noth thread rather prefer use instagram,real reason people quitting thread literally boring nothing thread rather prefer using instagram
Google Play,"If a person removes thread badge on Instagram there should be an option to get back that badge, i mean there's no sense why not you het that back",Negative,person remov thread badg instagram option get back badg mean there sens het back,person remove thread badge instagram option get back badge mean there sense het back
Google Play,"Very poor app, don't know the actual use",Negative,poor app dont know actual use,poor app dont know actual use
App Store,"Its fine ig, its early but it seems kind of clunky so far.",Neutral,fine ig earli seem kind clunki far,fine ig early seems kind clunky far
Google Play,Very nice application,Positive,nice applic,nice application
Google Play,Nice thread,Positive,nice thread,nice thread
Google Play,"In this app, you can't control the video and the pictures. Even the data saver doesn't work. Please, there should be a ""never auto autopkay "" and also hide or reduce the pictures quality",Neutral,app cant control video pictur even data saver doesnt work pleas never auto autopkay also hide reduc pictur qualiti,app cant control video picture even data saver doesnt work please never auto autopkay also hide reduce picture quality
Google Play,"Never thought I would be installing a meta app on my phone but the fumes coming off the cesspool at the original ""internet town square"" is becoming too much.",Positive,never thought would instal meta app phone fume come cesspool origin internet town squar becom much,never thought would installing meta app phone fume coming cesspool original internet town square becoming much
Google Play,It's just ok. It definitely isn't Twitter. No hashtags and bio character length isn't as long as Twitter. Feels like a beta version.,Negative,ok definit isnt twitter hashtag bio charact length isnt long twitter feel like beta version,ok definitely isnt twitter hashtags bio character length isnt long twitter feel like beta version
Google Play,"Another heavily censored, Trans pedo loving app by the personal data selling scum that own insta and Facebook. For christ sake DO NOT use this app.",Negative,anoth heavili censor tran pedo love app person data sell scum insta facebook christ sake use app,another heavily censored trans pedo loving app personal data selling scum insta facebook christ sake use app
App Store,Will never be better than twitter,Negative,never better twitter,never better twitter
Google Play,Cheap copy of twitter 😦,Negative,cheap copi twitter,cheap copy twitter
Google Play,Wanna know about this app,Negative,wanna know app,wanna know app
Google Play,You can't just copy and paste it... Twitter will always be superior than Threads..!,Negative,cant copi past twitter alway superior thread,cant copy paste twitter always superior thread
Google Play,This is a cheap imitation of another popular app known as twitter. The interface is average.,Negative,cheap imit anoth popular app known twitter interfac averag,cheap imitation another popular app known twitter interface average
Google Play,The big failure about this app is that attached with Instagram.,Negative,big failur app attach instagram,big failure app attached instagram
Google Play,The most restrictive use app that i have ever seen in my life.,Negative,restrict use app ever seen life,restrictive use app ever seen life
App Store,Twitter without Elon? Sign me up,Positive,twitter without elon sign,twitter without elon sign
Google Play,I need to be famous on the app @max_manso,Neutral,need famou app maxmanso,need famous app maxmanso
Google Play,How will i change it to dark mode,Neutral,chang dark mode,change dark mode
Google Play,Threads > twitter 😂,Positive,thread twitter,thread twitter
App Store,Please add DMs sooner or later. I wanna be able to send my friends posts and talk to them on the threads app instead of switching back to instagram,Positive,pleas add dm sooner later wanna abl send friend post talk thread app instead switch back instagram,please add dm sooner later wanna able send friend post talk thread app instead switching back instagram
App Store,Tired of seeing random famous people I dont wanna see on my feed lol,Neutral,tire see random famou peopl dont wanna see feed lol,tired seeing random famous people dont wanna see feed lol
Google Play,Twiter tu toh gya,Positive,twiter tu toh gya,twiter tu toh gya
Google Play,Very bad,Negative,bad,bad
Google Play,Great app 😁,Positive,great app,great app
Google Play,Flexible currently. But should be improve,Positive,flexibl current improv,flexible currently improve
Google Play,"Please reduce the size of the app. Also launch a lite version of threads , please.",Neutral,pleas reduc size app also launch lite version thread pleas,please reduce size app also launch lite version thread please
Google Play,Still too much bugs,Negative,still much bug,still much bug
Google Play,So glitchy! Like a boot leg Twitter,Negative,glitchi like boot leg twitter,glitchy like boot leg twitter
Google Play,Dirty tricks,Negative,dirti trick,dirty trick
Google Play,"It's a great app, but it's crashing when I try to upload a photo. Please have a look",Neutral,great app crash tri upload photo pleas look,great app crashing try upload photo please look
Google Play,I am very said when i have a fastest internet and the thread is always loading loading and loading very disappointed,Negative,said fastest internet thread alway load load load disappoint,said fastest internet thread always loading loading loading disappointed
Google Play,For Twitter. #TeamElonMusk,Negative,twitter teamelonmusk,twitter teamelonmusk
Google Play,Boring,Neutral,bore,boring
Google Play,"Garbanzo, looks like MySpace had a bastard with Twitter. Terrible UI and nothing relevant.",Negative,garbanzo look like myspac bastard twitter terribl ui noth relev,garbanzo look like myspace bastard twitter terrible ui nothing relevant
Google Play,Mark Zuckerberg sir thank for threading application can you please and I suggest you new application similar by sanpchaat good opportunity for you ☺️,Positive,mark zuckerberg sir thank thread applic pleas suggest new applic similar sanpchaat good opportun,mark zuckerberg sir thank threading application please suggest new application similar sanpchaat good opportunity
Google Play,"Very promising so far, interested to see where it goes. Will adjust my review later when I've really gotten some good use out of it.",Positive,promis far interest see goe adjust review later ive realli gotten good use,promising far interested see go adjust review later ive really gotten good use
Google Play,"Could be promising, but it's already randomly closing out entirely. I feel like instead of developing a new app, Meta should just focus on making its current apps work like they should.",Neutral,could promis alreadi randomli close entir feel like instead develop new app meta focu make current app work like,could promising already randomly closing entirely feel like instead developing new app meta focus making current apps work like
Google Play,New app very Hot app 😍😍😍,Positive,new app hot app,new app hot app
Google Play,It's full of glitch.. can't even scroll,Negative,full glitch cant even scroll,full glitch cant even scroll
Google Play,"Why is it that when I post a video, the sound does not appear with the video?",Neutral,post video sound appear video,post video sound appear video
Google Play,"Threads has definitely grown on me, the algorithm has also gotten drastically better for me which helps a lot. It's only little problems I have with the app now. Wish there was an option to hide reposts from people I follow. Really wish we could pinch and zoom on images; and wish videos would unmute when opened. Otherwise, this is a tremendous first release. It seems to accomplish the goal of Twitter's For You page well and in a way that is enjoyable to use.",Positive,thread definit grown algorithm also gotten drastic better help lot littl problem app wish option hide repost peopl follow realli wish could pinch zoom imag wish video would unmut open otherwis tremend first releas seem accomplish goal twitter page well way enjoy use,thread definitely grown algorithm also gotten drastically better help lot little problem app wish option hide reposts people follow really wish could pinch zoom image wish video would unmute opened otherwise tremendous first release seems accomplish goal twitter page well way enjoyable use
App Store,I havent installed yet but im giving one star in advance,Negative,havent instal yet im give one star advanc,havent installed yet im giving one star advance
Google Play,Get something of your own mark,Negative,get someth mark,get something mark
Google Play,Good one,Positive,good one,good one
Google Play,Some bugs in this application please solve all problems...,Negative,bug applic pleas solv problem,bug application please solve problem
Google Play,"I m getting problm in downloading the app. The app not able to get installed , it have some bugs . Please review it.",Negative,get problm download app app abl get instal bug pleas review,getting problm downloading app app able get installed bug please review
Google Play,Lot of bugs in this application.,Negative,lot bug applic,lot bug application
Google Play,Great app!,Positive,great app,great app
Google Play,Very nice. Thanks to meta. I am a big fan of Mark Zuckerberg 🫡🫡. You are my boss.,Positive,nice thank meta big fan mark zuckerberg boss,nice thanks meta big fan mark zuckerberg bos
Google Play,"Requires an Instagram account, I don't want 2 apps just to use 1. Uninstall.",Neutral,requir instagram account dont want app use uninstal,requires instagram account dont want apps use uninstall
App Store,I dont even want to go on the app anymore because I see so much random stuff. Fix it to where I only see what my friends post.,Negative,dont even want go app anymor see much random stuff fix see friend post,dont even want go app anymore see much random stuff fix see friend post
Google Play,One of best app for future,Positive,one best app futur,one best app future
Google Play,"I cant post a picture oh threads, it force close by it self",Neutral,cant post pictur oh thread forc close self,cant post picture oh thread force close self
App Store,"Read the Terms of Service, they’re insane and make other social media platforms look harmless when it comes to spying on you.

Meta recently hired several “former” CIA and FBI to work on threads. Not a coincidence.",Negative,read term servic theyr insan make social media platform look harmless come spi meta recent hire sever former cia fbi work thread coincid,read term service theyre insane make social medium platform look harmless come spying meta recently hired several former cia fbi work thread coincidence
Google Play,I am using threads from 7 July but I didn't get any followers. Although I am posting positive content after every five hours.,Negative,use thread juli didnt get follow although post posit content everi five hour,using thread july didnt get follower although posting positive content every five hour
Google Play,"Awful App - I was inundated with posts from people I wasn't following, and there's no way to stop it, so I couldn't find posts from people I was following, so deleted it.",Negative,aw app inund post peopl wasnt follow there way stop couldnt find post peopl follow delet,awful app inundated post people wasnt following there way stop couldnt find post people following deleted
Google Play,This app is very sweet and nice. The funny part of it is that it's easy to gain followers,Positive,app sweet nice funni part easi gain follow,app sweet nice funny part easy gain follower
Google Play,This app is very good 😊😊😊 i,Positive,app good,app good
App Store,"The app loads up nice and quick, the interface is nice, and the profile set up was painless. But I can't post anything because the app just crashes every time I attempt to",Negative,app load nice quick interfac nice profil set painless cant post anyth app crash everi time attempt,app load nice quick interface nice profile set painless cant post anything app crash every time attempt
Google Play,I am person who end 2M and start 2.1,Positive,person end start,person end start
Google Play,"For some reason, I cannot use this app properly. It's having a glitch throughout and it's annoying. The whole page is filled with glitches. Please do something about it.",Negative,reason cannot use app properli glitch throughout annoy whole page fill glitch pleas someth,reason cannot use app properly glitch throughout annoying whole page filled glitch please something
Google Play,Doesn't charge me to use the app. All I need,Positive,doesnt charg use app need,doesnt charge use app need
Google Play,"YOU CANT DELETE YOUR THREADS ACCOUNT UNLESS YOU DELETE YOUR INSTAGRAM also it doesn't have hastags, and its still an insta product so no nudity",Negative,cant delet thread account unless delet instagram also doesnt hastag still insta product nuditi,cant delete thread account unless delete instagram also doesnt hastags still insta product nudity
Google Play,After using this app my Instagram account stop working. Even I can't open Instagram app on my device. What should I do?,Negative,use app instagram account stop work even cant open instagram app devic,using app instagram account stop working even cant open instagram app device
Google Play,basically twitter,Neutral,basic twitter,basically twitter
Google Play,My first 2 posts haven't been uploaded for over 1hr now. What's up?,Negative,first post havent upload hr what,first post havent uploaded hr whats
Google Play,"There's only one thing left, dude. Mr. Zuck, hit us up with a DM, ya know? Saw a beautiful girl on this app, but can't seem to find no DM option.",Positive,there one thing left dude mr zuck hit us dm ya know saw beauti girl app cant seem find dm option,there one thing left dude mr zuck hit u dm ya know saw beautiful girl app cant seem find dm option
Google Play,It should be for non instagram users also.,Negative,non instagram user also,non instagram user also
Google Play,Good apps,Positive,good app,good apps
Google Play,"So far, so good. Simple and easy to use!",Positive,far good simpl easi use,far good simple easy use
Google Play,Not show view,Neutral,show view,show view
Google Play,Keeps crashing! Can't post anything.,Negative,keep crash cant post anyth,keep crashing cant post anything
App Store,verify me since I’m the first review please 🫶🏾,Positive,verifi sinc im first review pleas,verify since im first review please
Google Play,"This is a very good social media platform, it is much better than twitter, I hope that the application will continue to work well.",Positive,good social media platform much better twitter hope applic continu work well,good social medium platform much better twitter hope application continue work well
App Store,Better than twitter 👍,Positive,better twitter,better twitter
Google Play,"No more homophobic, transphobic, xenophobic CEO to ruin your day!",Positive,homophob transphob xenophob ceo ruin day,homophobic transphobic xenophobic ceo ruin day
Google Play,It is a very unique app in terms of design 🫡,Positive,uniqu app term design,unique app term design
Google Play,Very poor apps,Negative,poor app,poor apps
Google Play,Very easy to use,Positive,easi use,easy use
Google Play,Worst app,Negative,worst app,worst app
Google Play,It's a great app but boring tbh. Hoping to improve it more!!,Neutral,great app bore tbh hope improv,great app boring tbh hoping improve
Google Play,Very good app,Positive,good app,good app
Google Play,Overall I love the app. However.... I have not been able to follow new people or follow back any of my new followers for over 3 days now and I can not get anyone to help with this issue. Ive even tried to become verified but guess what can't do that either. This is very very frustrating!!!!! 3 stars because of this issue could be 5 if someone from support could help me out.** 5 days now so I'm going to start dropping the stars.,Negative,overal love app howev abl follow new peopl follow back new follow day get anyon help issu ive even tri becom verifi guess cant either frustrat star issu could someon support could help day im go start drop star,overall love app however able follow new people follow back new follower day get anyone help issue ive even tried become verified guess cant either frustrating star issue could someone support could help day im going start dropping star
Google Play,Buggy app on Android,Negative,buggi app android,buggy app android
Google Play,"The more you praise this app, the less it is because its features are amazing.",Positive,prais app less featur amaz,praise app less feature amazing
Google Play,App Doesn't work properly.. Showing some error please fix this problem,Negative,app doesnt work properli show error pleas fix problem,app doesnt work properly showing error please fix problem
Google Play,"Na, too like Twitter but owned by Meta. I'll take Twitter 2.0 over Threads any day. No censorship which is all Meta/Facebook does...",Negative,na like twitter own meta ill take twitter thread day censorship metafacebook,na like twitter owned meta ill take twitter thread day censorship metafacebook
App Store,Facebook making new apps when all we want to know is when Zuck is gonna fight Elon,Neutral,facebook make new app want know zuck gonna fight elon,facebook making new apps want know zuck gonna fight elon
Google Play,Works seamlessly for me with no errors. Quick easy access to the functions I use most often.,Positive,work seamlessli error quick easi access function use often,work seamlessly error quick easy access function use often
Google Play,It's really a great apk,Positive,realli great apk,really great apk
Google Play,Loving it so far,Positive,love far,loving far
Google Play,Best opportunity by Instagram,Positive,best opportun instagram,best opportunity instagram
Google Play,Good start but still needs so many features like Twitter if meta really wants to succeed.,Neutral,good start still need mani featur like twitter meta realli want succeed,good start still need many feature like twitter meta really want succeed
Google Play,"Very vest of time application, worst experience, copy of Twitter, threads is a Twitter little brother, I deleted threads and all so Instagram, and Instagram like a tik tok 2.0 version, and really rate of both app 100/-1 they are deserving this rate.",Negative,vest time applic worst experi copi twitter thread twitter littl brother delet thread instagram instagram like tik tok version realli rate app deserv rate,vest time application worst experience copy twitter thread twitter little brother deleted thread instagram instagram like tik tok version really rate app deserving rate
App Store,"Whatever anyone says this app is the best thing to come out right now ever since musk took over twitter. Threads is basically like a big group chat and we’re all like a family
on there. Nobodies being weird or saying out of pocket things everyone is actually nice to each other, unlike the other app. Zuck you really stepped up and made one of the best apps out there. And everyone is already addicted, keep it up!",Positive,whatev anyon say app best thing come right ever sinc musk took twitter thread basic like big group chat like famili nobodi weird say pocket thing everyon actual nice unlik app zuck realli step made one best app everyon alreadi addict keep,whatever anyone say app best thing come right ever since musk took twitter thread basically like big group chat like family nobody weird saying pocket thing everyone actually nice unlike app zuck really stepped made one best apps everyone already addicted keep
App Store,not even a completed app,Negative,even complet app,even completed app
Google Play,"I want to know one thing that Instagram still underdevelopment, cannot serve ads and start payment for users alike YouTube, and developing new app... First develope Insta fully, so users can earn on insta and value of insta should go up ... People making reels to earn as they are earning from youtube.",Neutral,want know one thing instagram still underdevelop cannot serv ad start payment user alik youtub develop new app first develop insta fulli user earn insta valu insta go peopl make reel earn earn youtub,want know one thing instagram still underdevelopment cannot serve ad start payment user alike youtube developing new app first develope insta fully user earn insta value insta go people making reel earn earning youtube
Google Play,"Great App! Reminds me of the early days of another app. ;) If you're looking for something new, it's the place to go. Love the Clean/Minimal UI. Looking forward to the future of the App.",Positive,great app remind earli day anoth app your look someth new place go love cleanminim ui look forward futur app,great app reminds early day another app youre looking something new place go love cleanminimal ui looking forward future app
App Store,"Overall I think the app is pretty good for it being just released but as of now the only thing i can think  of that would make it a lot better for me personally is a section for threads you don’t want to post yet or just want to keep to yourself— essentially drafts. There have been many threads i have wanted to draft just to keep them for myself but can’t because the app simply doesn’t have that feature as of now, but i hope that as the app develops and updates more that we will have it in the future along with many other things",Positive,overal think app pretti good releas thing think would make lot better person section thread dont want post yet want keep essenti draft mani thread want draft keep cant app simpli doesnt featur hope app develop updat futur along mani thing,overall think app pretty good released thing think would make lot better personally section thread dont want post yet want keep essentially draft many thread wanted draft keep cant app simply doesnt feature hope app develops update future along many thing
Google Play,"It doesn't matter who you follow, everyone's posts go on your wall and you have to physically block the 100 million you don't want to see one at a time. They Zuckered it up real good. 1 billion ads.",Negative,doesnt matter follow everyon post go wall physic block million dont want see one time zucker real good billion ad,doesnt matter follow everyones post go wall physically block million dont want see one time zuckered real good billion ad
Google Play,"Clean and Nice UI . I like it so far , but there are some points need to be fixed . 1- i follow Arabic and English content in my account, but the alignment is bad , if put the app language is English, the Arabic content will be a chaos and vice versa . 2- waiting for the follow and hashtags features, I'm ready to give it 5 stars after these points fixed .",Neutral,clean nice ui like far point need fix follow arab english content account align bad put app languag english arab content chao vice versa wait follow hashtag featur im readi give star point fix,clean nice ui like far point need fixed follow arabic english content account alignment bad put app language english arabic content chaos vice versa waiting follow hashtags feature im ready give star point fixed
Google Play,Nice app for experience some new like knowledge and fun etc,Positive,nice app experi new like knowledg fun etc,nice app experience new like knowledge fun etc
App Store,"I am hoping this app will replace Twitter eventually but some features should be added like translation, GIF’s etc keep working on it it’s promising but so far it feel like another version of ig but not as streamlined.",Neutral,hope app replac twitter eventu featur ad like translat gif etc keep work promis far feel like anoth version ig streamlin,hoping app replace twitter eventually feature added like translation gifs etc keep working promising far feel like another version ig streamlined
Google Play,My app crashes when I try to post pictures,Neutral,app crash tri post pictur,app crash try post picture
Google Play,Interesting🧐,Positive,interest,interesting
App Store,Otherwise it’ll be just as toxic as twitter,Positive,otherwis itll toxic twitter,otherwise itll toxic twitter
Google Play,"Recently using it and there's an error in this app. I am reloading the screen for the nth times and the only thing it says is ""something went wrong""",Neutral,recent use there error app reload screen nth time thing say someth went wrong,recently using there error app reloading screen nth time thing say something went wrong
Google Play,This new app is so great to comunicate with others.,Positive,new app great comun other,new app great comunicate others
Google Play,NOT BAD ALL THE FEATURES AVLIAVLE 💓💓,Positive,bad featur avliavl,bad feature avliavle
Google Play,This app very good but so give me blue tick ❤️❤️ Farhad khan,Positive,app good give blue tick farhad khan,app good give blue tick farhad khan
Google Play,"umm, am i the only one who's experiencing a force close bug when trying to click on repost notifications? it's happened all the time smh.",Neutral,umm one who experienc forc close bug tri click repost notif happen time smh,umm one who experiencing force close bug trying click repost notification happened time smh
Google Play,Im in already love with this app ❣️,Positive,im alreadi love app,im already love app
Google Play,Not tried it yet but i think it needs a 5 star rating,Positive,tri yet think need star rate,tried yet think need star rating
App Store,"I like it but there are basic features missing (photo edits in thread, hashtags) and how about a user guide? We know not everyone has it but after the c r a p from twatter, let's make threads happen.",Positive,like basic featur miss photo edit thread hashtag user guid know everyon c r p twatter let make thread happen,like basic feature missing photo edits thread hashtags user guide know everyone c r p twatter let make thread happen
Google Play,Boring,Negative,bore,boring
Google Play,Great 👍,Positive,great,great
Google Play,Great app,Positive,great app,great app
App Store,Can't explain why but it feels like Facebook. And it's sooooo connected to your IG that you don't really feel free to say anything. Also no +18 makes this a big nono,Negative,cant explain feel like facebook sooooo connect ig dont realli feel free say anyth also make big nono,cant explain feel like facebook sooooo connected ig dont really feel free say anything also make big nono
Google Play,Installed / Got bored / Uninstalled.,Negative,instal got bore uninstal,installed got bored uninstalled
Google Play,Lets see how many followers I'm gonna get from here my user @arh4mm,Positive,let see mani follow im gonna get user arhmm,let see many follower im gonna get user arhmm
App Store,5 stars after this is implemented,Neutral,star implement,star implemented
Google Play,I downloaded the app but it wont work smoothly on my phone and my andriod is version 9 which means it compatible for it. But any time i want to scroll through the feed the writeup get clumsy together and the text and images start shaking...how can i rectify this problem?,Negative,download app wont work smoothli phone andriod version mean compat time want scroll feed writeup get clumsi togeth text imag start shakinghow rectifi problem,downloaded app wont work smoothly phone andriod version mean compatible time want scroll feed writeup get clumsy together text image start shakinghow rectify problem
Google Play,The algorithm is not that great yet. Why am I seeing threads from celebs that I don't necessarily follow? It was nice for a while then poof random celeb threads appeared and I simply hated it. I wish there was a way to only see threads from people you follow.,Neutral,algorithm great yet see thread celeb dont necessarili follow nice poof random celeb thread appear simpli hate wish way see thread peopl follow,algorithm great yet seeing thread celebs dont necessarily follow nice poof random celeb thread appeared simply hated wish way see thread people follow
Google Play,"Very nice app,who will beat twetter",Positive,nice appwho beat twetter,nice appwho beat twetter
Google Play,Because Elon musk crying 😂,Negative,elon musk cri,elon musk cry
Google Play,Better than Twitter 🐦,Positive,better twitter,better twitter
Google Play,App not working properly... Screen getting fluctuations and blurred. Kindly fix it.,Negative,app work properli screen get fluctuat blur kindli fix,app working properly screen getting fluctuation blurred kindly fix
Google Play,I am using this app. I think it's quite good . Mark Zuckerberg well done..👍👍,Positive,use app think quit good mark zuckerberg well done,using app think quite good mark zuckerberg well done
Google Play,It still lacks lots of features but there's hope for the future. I appreciate the competition it brings to the table.,Neutral,still lack lot featur there hope futur appreci competit bring tabl,still lack lot feature there hope future appreciate competition brings table
Google Play,it's glitching,Negative,glitch,glitching
Google Play,Nice app with features you would expect for a first release. However it does crash to the homescreen after doing actions in the app sometimes,Neutral,nice app featur would expect first releas howev crash homescreen action app sometim,nice app feature would expect first release however crash homescreen action app sometimes
Google Play,An ugly copy of twitter.,Negative,ugli copi twitter,ugly copy twitter
Google Play,Great 👍,Positive,great,great
Google Play,Great app but add an option to create account without Instagram. I like threads but I hate using Instagram.,Negative,great app add option creat account without instagram like thread hate use instagram,great app add option create account without instagram like thread hate using instagram
Google Play,"A general flexible and nice app, missing some features but if it's one thing I know about mark Zuckerberg he always brings the updates",Positive,gener flexibl nice app miss featur one thing know mark zuckerberg alway bring updat,general flexible nice app missing feature one thing know mark zuckerberg always brings update
Google Play,Good👍. But not necessary to use,Positive,good necessari use,good necessary use
Google Play,Better than Twitter.,Positive,better twitter,better twitter
Google Play,Idk y dis app can't deactivate account permanently. Twitter and threads. Wats going on?!,Negative,idk di app cant deactiv account perman twitter thread wat go,idk dis app cant deactivate account permanently twitter thread wats going
Google Play,This is a quick suggestion! While uploading files their is no option to navigate to sub directories... You only have an option to upload via gallery as a whole... I mean only all the media from the phone is visible.. No navigation option for subdirectory is available... Please incorporate the change.,Neutral,quick suggest upload file option navig sub directori option upload via galleri whole mean media phone visibl navig option subdirectori avail pleas incorpor chang,quick suggestion uploading file option navigate sub directory option upload via gallery whole mean medium phone visible navigation option subdirectory available please incorporate change
Google Play,"Clean off the jump. As a less than average Twitter user, I can see the appeal right away here. Will update review as necessary.",Positive,clean jump less averag twitter user see appeal right away updat review necessari,clean jump less average twitter user see appeal right away update review necessary
Google Play,copy twitter +paste = threads,Negative,copi twitter past thread,copy twitter paste thread
Google Play,Giving a strong competition to Twitter. Loving this app.❤️❤️,Positive,give strong competit twitter love app,giving strong competition twitter loving app
Google Play,Why this app is not on huawei APP Gallery? I badly want this app 😔,Positive,app huawei app galleri badli want app,app huawei app gallery badly want app
Google Play,"I like that it doesn't show like count but number of replies. Social Media is about community, not popularity. Good job Instagram and Meta!",Positive,like doesnt show like count number repli social media commun popular good job instagram meta,like doesnt show like count number reply social medium community popularity good job instagram meta
Google Play,Hate it.,Negative,hate,hate
Google Play,Great,Positive,great,great
Google Play,So far its bad but its new app so we gotta wait until its better,Neutral,far bad new app gotta wait better,far bad new app gotta wait better
Google Play,Sasta Twitter 🤣,Negative,sasta twitter,sasta twitter
Google Play,Sir it's good but in my phone sir always happening crash problem sir whenever I am opening my threads app always crash happens plz 🙏 solve this problem sir as soon as possible...,Negative,sir good phone sir alway happen crash problem sir whenev open thread app alway crash happen plz solv problem sir soon possibl,sir good phone sir always happening crash problem sir whenever opening thread app always crash happens plz solve problem sir soon possible
Google Play,The app is smooth to use can't wait for more features !,Positive,app smooth use cant wait featur,app smooth use cant wait feature
Google Play,I keep crashing while typing a thread and it's really long and now gone,Negative,keep crash type thread realli long gone,keep crashing typing thread really long gone
Google Play,"In android, the screen and texts are smeared",Negative,android screen text smear,android screen text smeared
Google Play,It keeps crashing the moment I open it I go back to my home screen,Negative,keep crash moment open go back home screen,keep crashing moment open go back home screen
App Store,"Useless, wouldn’t trust Facebook/meta/threads  with my personal data if my life depended on it.",Negative,useless wouldnt trust facebookmetathread person data life depend,useless wouldnt trust facebookmetathreads personal data life depended
Google Play,Can't post any pictures. Why can some people post photos but I can't? Definitely reflecting my rating of this app!,Negative,cant post pictur peopl post photo cant definit reflect rate app,cant post picture people post photo cant definitely reflecting rating app
Google Play,The app keeps glitching and bug on my phone,Negative,app keep glitch bug phone,app keep glitching bug phone
Google Play,"I installed this thread app 2 or 3 times but still it is getting fully glitched if it was pbm of my phone thn whatsApp, insta all shld have got glitched. Didn't like this app . Sorry.. But i appreciate the hard work u ppl have put to make this application.",Negative,instal thread app time still get fulli glitch pbm phone thn whatsapp insta shld got glitch didnt like app sorri appreci hard work u ppl put make applic,installed thread app time still getting fully glitched pbm phone thn whatsapp insta shld got glitched didnt like app sorry appreciate hard work u ppl put make application
Google Play,There is a difficulty to download the app however the network is OK in my region.,Negative,difficulti download app howev network ok region,difficulty download app however network ok region
Google Play,Glitch app not working,Negative,glitch app work,glitch app working
Google Play,Stop showing me posts from accounts I don't follow,Negative,stop show post account dont follow,stop showing post account dont follow
Google Play,Story Thevaych Option Dya Jara 😅🤣🙏,Positive,stori thevaych option dya jara,story thevaych option dya jara
Google Play,Good stuff,Positive,good stuff,good stuff
Google Play,Just got in threads and I am super happy with it! Can't wait to do my next post!,Positive,got thread super happi cant wait next post,got thread super happy cant wait next post
Google Play,"Not a perfect app,",Negative,perfect app,perfect app
Google Play,"it was supposed to be a copy of twitter, but they copied it badly",Negative,suppos copi twitter copi badli,supposed copy twitter copied badly
Google Play,Great design and awesome features but sometimes app isn't working prorperly and showing insta followers on threads and somehow disappearing threads posts. Need little bit fixing.,Neutral,great design awesom featur sometim app isnt work prorperli show insta follow thread somehow disappear thread post need littl bit fix,great design awesome feature sometimes app isnt working prorperly showing insta follower thread somehow disappearing thread post need little bit fixing
Google Play,Copy cat cant even do basic functions properly,Negative,copi cat cant even basic function properli,copy cat cant even basic function properly
Google Play,Very Good App,Positive,good app,good app
Google Play,Cool,Positive,cool,cool
Google Play,Cool.,Positive,cool,cool
App Store,I will stop using Twitter immediately if Threads is on web,Neutral,stop use twitter immedi thread web,stop using twitter immediately thread web
Google Play,"I love this app, way fewer spam bots than most, great community. Needs a few more features and that's it.",Positive,love app way fewer spam bot great commun need featur that,love app way fewer spam bot great community need feature thats
Google Play,"I have Android 9, and the app goes crazy once I open it. It is rendering all the screens at once, so whenever I scroll, all of it renders at once instead of rendering just one screen. Disappointed",Negative,android app goe crazi open render screen whenev scroll render instead render one screen disappoint,android app go crazy open rendering screen whenever scroll render instead rendering one screen disappointed
Google Play,Full of glitches 😞😞😞😭,Negative,full glitch,full glitch
Google Play,Trash. Can't even select your username. Just another useless app from Meta.,Negative,trash cant even select usernam anoth useless app meta,trash cant even select username another useless app meta
Google Play,Better than Twitter,Positive,better twitter,better twitter
Google Play,My experience is that I am the 1st user to rate this app . Another experience is that the app is a rivalry motivated product with a expectation to beat Twitter... Let's ride...,Positive,experi st user rate app anoth experi app rivalri motiv product expect beat twitter let ride,experience st user rate app another experience app rivalry motivated product expectation beat twitter let ride
Google Play,It's kindaa fun to use but what is it use for mark bruhhhhhu 😂,Positive,kindaa fun use use mark bruhhhhhu,kindaa fun use use mark bruhhhhhu
Google Play,The app glitches on my phone.,Negative,app glitch phone,app glitch phone
Google Play,This good group message photo,Positive,good group messag photo,good group message photo
Google Play,"Needs more work, its ok but it keeps putting in unwanted posts",Neutral,need work ok keep put unwant post,need work ok keep putting unwanted post
Google Play,"This app is good but i hope in the next update they add something that we can put back the ""thread badge"" on our Instagram profile, i removed the badge and realized its much easier for my friends to track my thread. Plsss add it so ppl can also decide to remove or put it back huhu",Positive,app good hope next updat add someth put back thread badg instagram profil remov badg realiz much easier friend track thread plsss add ppl also decid remov put back huhu,app good hope next update add something put back thread badge instagram profile removed badge realized much easier friend track thread plsss add ppl also decide remove put back huhu
Google Play,Not worth it,Negative,worth,worth
Google Play,Threads is better than Twitter 🐦,Positive,thread better twitter,thread better twitter
Google Play,It's better than twitter,Positive,better twitter,better twitter
Google Play,Cool app,Positive,cool app,cool app
Google Play,Can't see any use of the apo.,Negative,cant see use apo,cant see use apo
Google Play,Threads wow ❤️🤩,Positive,thread wow,thread wow
Google Play,"Some sort of static content retention mechanism to show the last seen Thread before closing the app after a re-open would be perfect. New threads should show thumbnail of their publisher's pfp at the top, giving the user the control to go up or go down the feed.",Neutral,sort static content retent mechan show last seen thread close app reopen would perfect new thread show thumbnail publish pfp top give user control go go feed,sort static content retention mechanism show last seen thread closing app reopen would perfect new thread show thumbnail publisher pfp top giving user control go go feed
Google Play,Very boring app,Negative,bore app,boring app
Google Play,hello my name is akbar lovely bajire bbj thank you,Neutral,hello name akbar love bajir bbj thank,hello name akbar lovely bajire bbj thank
App Store,recently installed the Threads app. Looks good. 5 stars,Positive,recent instal thread app look good star,recently installed thread app look good star
App Store,"I've done all I know to do short of reformat my device. I know I don't have the latest hardware, but it is up to date. If I try to post or comment it crashes.",Negative,ive done know short reformat devic know dont latest hardwar date tri post comment crash,ive done know short reformat device know dont latest hardware date try post comment crash
Google Play,Twitter rip-off Enough said,Neutral,twitter ripoff enough said,twitter ripoff enough said
Google Play,I hope it will be good,Positive,hope good,hope good
Google Play,Very glitchy first experience. While scrolling all the text leaves a trail of itsself and doesnt get refreshed. So it's hard to scroll and read.,Negative,glitchi first experi scroll text leav trail itsself doesnt get refresh hard scroll read,glitchy first experience scrolling text leaf trail itsself doesnt get refreshed hard scroll read
App Store,"To be fair tho what

Vik??

Did I? 
I thought that was Harry who said that
No vik you literally said to be fair tho
Oh oh I was agreeing with Harry",Positive,fair tho vik thought harri said vik liter said fair tho oh oh agre harri,fair tho vik thought harry said vik literally said fair tho oh oh agreeing harry
Google Play,"I understand it's connected to Instagram, but being a text based app, shouldn't it have messaging features as well?",Neutral,understand connect instagram text base app shouldnt messag featur well,understand connected instagram text based app shouldnt messaging feature well
Google Play,I want to delete this stupid app without deleting my insta. Fix it.,Negative,want delet stupid app without delet insta fix,want delete stupid app without deleting insta fix
Google Play,Cool👍🏻,Positive,cool,cool
Google Play,Another Instagram worst,Negative,anoth instagram worst,another instagram worst
Google Play,The app is good its almost like twitter Just implement the trending 📈 feature and add aome new other features that twitter lack,Positive,app good almost like twitter implement trend featur add aom new featur twitter lack,app good almost like twitter implement trending feature add aome new feature twitter lack
App Store,Like this games. Threads.,Positive,like game thread,like game thread
Google Play,Instagram account holder only login thread why,Negative,instagram account holder login thread,instagram account holder login thread
Google Play,can't upload photos,Neutral,cant upload photo,cant upload photo
Google Play,Nice app threads Twitter to gya,Positive,nice app thread twitter gya,nice app thread twitter gya
Google Play,It's a good platform but you want to also add a hashtag features on it,Neutral,good platform want also add hashtag featur,good platform want also add hashtag feature
Google Play,"Power move, Zuch!",Positive,power move zuch,power move zuch
Google Play,Better app than twitter,Positive,better app twitter,better app twitter
Google Play,"I dont know how to feel, so its like a tamed version of twitter with the people you follow on insta? I dont get it",Negative,dont know feel like tame version twitter peopl follow insta dont get,dont know feel like tamed version twitter people follow insta dont get
App Store,"There is a world in which this app could elevate to simply being mediocre. However, in our world, any potential good functionality has been sacrificed in the name of the almighty algorithm and the glazed-eye dream of corporate profits. Most social media apps tried to entice you with an initially good experience. This app boldly gives you a terrible experience up front. Let’s instead hang out on Mastodon.",Negative,world app could elev simpli mediocr howev world potenti good function sacrif name almighti algorithm glazedey dream corpor profit social media app tri entic initi good experi app boldli give terribl experi front let instead hang mastodon,world app could elevate simply mediocre however world potential good functionality sacrificed name almighty algorithm glazedeye dream corporate profit social medium apps tried entice initially good experience app boldly give terrible experience front let instead hang mastodon
Google Play,"You can't compete against Twitter if you sensor and have horrible data access policies... Who are these ""independent fact checkers"" that pop up on my posts?",Negative,cant compet twitter sensor horribl data access polici independ fact checker pop post,cant compete twitter sensor horrible data access policy independent fact checker pop post
Google Play,I don't want to use both Twitter and Instagram in same app it sucks..🤣😆,Negative,dont want use twitter instagram app suck,dont want use twitter instagram app suck
Google Play,After installation texts are overlapping on each other,Negative,instal text overlap,installation text overlapping
Google Play,"I realize the app is in its infancy, but this thing is really inconvenient. I can only use the app from my phone to post. I can't use it on my laptop at all, not even taking something from my Instagram page and crossposting. Please fix this. Allow us to post from devices other than just phones. I have failing eyesight and this becomes a real problem for me because my phone screen (and anything I write using it) is so small.",Negative,realiz app infanc thing realli inconveni use app phone post cant use laptop even take someth instagram page crosspost pleas fix allow us post devic phone fail eyesight becom real problem phone screen anyth write use small,realize app infancy thing really inconvenient use app phone post cant use laptop even taking something instagram page crossposting please fix allow u post device phone failing eyesight becomes real problem phone screen anything write using small
Google Play,I dunno what happened but can you bring back my account?? like fr my threads suddenly got disabled and now even my Instagram account was disabled.. seriously I shouldn't have downloaded this app if I know what's gonna happen,Negative,dunno happen bring back account like fr thread suddenli got disabl even instagram account disabl serious shouldnt download app know what gonna happen,dunno happened bring back account like fr thread suddenly got disabled even instagram account disabled seriously shouldnt downloaded app know whats gonna happen
Google Play,"I don't use Instagram, I quit it but I wanna try threads and it's not allowing without insta account.",Negative,dont use instagram quit wanna tri thread allow without insta account,dont use instagram quit wanna try thread allowing without insta account
Google Play,A good application,Positive,good applic,good application
Google Play,"The worst app ever, no feature, just random people out of nowhere, unstable and laggy.",Negative,worst app ever featur random peopl nowher unstabl laggi,worst app ever feature random people nowhere unstable laggy
App Store,"I like being able to have this option - I'm not necessarily opposed to it. But PLEASE... for the love of everything that is good in this world - bring back old Instagram!!! I know SO MANY people who would get back on Instagram if y'all focused on POSTS again & made a SEPARATE app for reels. If you can make a separate app for these functions, please also make a separate app for the other new features you had added. This would truly be mutually beneficial.",Negative,like abl option im necessarili oppos pleas love everyth good world bring back old instagram know mani peopl would get back instagram yall focus post made separ app reel make separ app function pleas also make separ app new featur ad would truli mutual benefici,like able option im necessarily opposed please love everything good world bring back old instagram know many people would get back instagram yall focused post made separate app reel make separate app function please also make separate app new feature added would truly mutually beneficial
Google Play,"its good , with nice ui , but i wish there was an option where you could get rid of the timeline full of influencers and celebs when you refresh. its so annoying seeing posts from people i dont know and dont follow, probably the only thing stopping me from moving over to threads entirely , i hate it",Neutral,good nice ui wish option could get rid timelin full influenc celeb refresh annoy see post peopl dont know dont follow probabl thing stop move thread entir hate,good nice ui wish option could get rid timeline full influencers celebs refresh annoying seeing post people dont know dont follow probably thing stopping moving thread entirely hate
Google Play,BRO..THIS APP CRASHES A LOTT..I MEAN..AS SOON AS I OPEN THE APP..IDK WHAT HAPPENES..EBERY BUTTON OR TEXT OR IMAHE START OVERLAPPING EACH OTHER OR SOMETHING..IDK BUT THIS JS HAPPENING WITH MOST OF US..FIXX IT AS SOON AS POSSIBLE..WE CAN'T DO A SINGLE TASK WITH THIS GLITCH..I WANNA CHECK THE APP AND ITS FEATURES..BUT THIS SRUPID GLITCH IN FRONT APPERS AND DOESN'T END,Negative,brothi app crash lotti meana soon open appidk happeneseberi button text imah start overlap somethingidk js happen usfixx soon possiblew cant singl task glitchi wanna check app featuresbut srupid glitch front apper doesnt end,brothis app crash lotti meanas soon open appidk happenesebery button text imahe start overlapping somethingidk j happening usfixx soon possiblewe cant single task glitchi wanna check app featuresbut srupid glitch front appers doesnt end
Google Play,"For first experience, the app is good. Maybe later could you please add inbox/DM feature, and section for media (pics n vids) in profile section together with thread and reply. Please add section for media so we wont need to scroll so much for pics we upload. Thanks",Positive,first experi app good mayb later could pleas add inboxdm featur section media pic n vid profil section togeth thread repli pleas add section media wont need scroll much pic upload thank,first experience app good maybe later could please add inboxdm feature section medium pic n vids profile section together thread reply please add section medium wont need scroll much pic upload thanks
Google Play,Nthing special,Neutral,nthing special,nthing special
Google Play,Why on God's green earth you need my medical info access? I can't believe it!,Negative,god green earth need medic info access cant believ,god green earth need medical info access cant believe
Google Play,Good copy of Twitter but not better than Twitter 😅,Neutral,good copi twitter better twitter,good copy twitter better twitter
Google Play,Trash,Negative,trash,trash
Google Play,"Yes, it's a new app. But Meta is not exactly an indie developer! There is literally no reason to be flooding us with Rando Accounts. That should have been basic functionality from Day 1. But like Instagram, seems Threads just wants to push random posts on us whether we like it or not. Until basic functions are in, I'll be sticking with Twitter.",Negative,ye new app meta exactli indi develop liter reason flood us rando account basic function day like instagram seem thread want push random post us whether like basic function ill stick twitter,yes new app meta exactly indie developer literally reason flooding u rando account basic functionality day like instagram seems thread want push random post u whether like basic function ill sticking twitter
Google Play,Useless pale copy of Twitter without soul and no fun and tremendous use of data. Pointless.,Negative,useless pale copi twitter without soul fun tremend use data pointless,useless pale copy twitter without soul fun tremendous use data pointless
Google Play,Needs chronological timeline of follows,Negative,need chronolog timelin follow,need chronological timeline follows
Google Play,Bad experience at all,Negative,bad experi,bad experience
App Store,"App that was definitely just dropped because people were fussing about twitter again and don’t get me wrong because I’d love to see new competition so twitter will step up and stop making dumb decisions, but as of now, why would I have any reason to use threads? Profiles are boring and messy, no customization besides changing your icon and putting a link, no pinned posts or some sort of media tab, no way to browse people you ACTUALLY follow, and what was the point of flexing no ads if the following feed is brand after brand after brand anyways?   There’s also no dms. 
Uninstalled after muting over a hundreds accounts, random celebrities and tiktok stars and brands I’ve never even heard of just keep appearing. Not worth your time, just keep using instagram because really, what’s the point of this app with how empty it is? Maybe in the future they will add dms and options to pin posts or have a media tab, but I legitimately can’t believe people were hyping up what’s half of a finished app",Negative,app definit drop peopl fuss twitter dont get wrong id love see new competit twitter step stop make dumb decis would reason use thread profil bore messi custom besid chang icon put link pin post sort media tab way brows peopl actual follow point flex ad follow feed brand brand brand anyway there also dm uninstal mute hundr account random celebr tiktok star brand ive never even heard keep appear worth time keep use instagram realli what point app empti mayb futur add dm option pin post media tab legitim cant believ peopl hype what half finish app,app definitely dropped people fussing twitter dont get wrong id love see new competition twitter step stop making dumb decision would reason use thread profile boring messy customization besides changing icon putting link pinned post sort medium tab way browse people actually follow point flexing ad following feed brand brand brand anyways there also dm uninstalled muting hundred account random celebrity tiktok star brand ive never even heard keep appearing worth time keep using instagram really whats point app empty maybe future add dm option pin post medium tab legitimately cant believe people hyping whats half finished app
Google Play,It's is good,Positive,good,good
Google Play,"Competion is good, an alternative to Twitter was long due.",Positive,compet good altern twitter long due,competion good alternative twitter long due
Google Play,"Too much data collection and can't trust meta with my data, history has proven that meta is selling data or it get leaked very easy",Negative,much data collect cant trust meta data histori proven meta sell data get leak easi,much data collection cant trust meta data history proven meta selling data get leaked easy
Google Play,"can I see the photos and videos designed alone, can we go live video, please",Neutral,see photo video design alon go live video pleas,see photo video designed alone go live video please
Google Play,"Pretty good app apparently it's like classic Twitter. It could use a few tweaks and adjustments especially the ability to edit your thread and better audio support for videos as well as gif insertion, also a timeline just for the people you follow would be great too, but otherwise it's solid.",Neutral,pretti good app appar like classic twitter could use tweak adjust especi abil edit thread better audio support video well gif insert also timelin peopl follow would great otherwis solid,pretty good app apparently like classic twitter could use tweak adjustment especially ability edit thread better audio support video well gif insertion also timeline people follow would great otherwise solid
Google Play,"I try to upload a picture or video, then the app crashes... Hopefully it gets fixed. Good app anyways, great alternative to Twitter for real.",Neutral,tri upload pictur video app crash hope get fix good app anyway great altern twitter real,try upload picture video app crash hopefully get fixed good app anyways great alternative twitter real
Google Play,"Hey ,please don't make same color and options like Instagram make it different and use some color with the opening logo. I like the sign up option with Instagram but again I tell you please don't mix insta and thread together",Neutral,hey pleas dont make color option like instagram make differ use color open logo like sign option instagram tell pleas dont mix insta thread togeth,hey please dont make color option like instagram make different use color opening logo like sign option instagram tell please dont mix insta thread together
Google Play,Copy,Negative,copi,copy
Google Play,Terrible and boring app!!!,Negative,terribl bore app,terrible boring app
Google Play,Nice as comptiter of Twitter,Positive,nice comptit twitter,nice comptiter twitter
Google Play,need more features,Positive,need featur,need feature
Google Play,Good app,Positive,good app,good app
Google Play,Very very buggy! If I try to scroll all the info on screen drags and overlays on top of each other. It's unusable,Negative,buggi tri scroll info screen drag overlay top unus,buggy try scroll info screen drag overlay top unusable
Google Play,How upload profile picture 📸,Negative,upload profil pictur,upload profile picture
Google Play,TWITTER S BEST HAI 😅,Positive,twitter best hai,twitter best hai
Google Play,Very Good app 👍🏻,Positive,good app,good app
Google Play,"This disgustingly look exactly like Twitter, create your own thing. It's stealing 🚫",Negative,disgustingli look exactli like twitter creat thing steal,disgustingly look exactly like twitter create thing stealing
Google Play,Just a cheap knockoff of twitter no special features nothing different to stand out,Negative,cheap knockoff twitter special featur noth differ stand,cheap knockoff twitter special feature nothing different stand
App Store,"as the tittle says, pretty decent & has potential! but personally, as i’m sure others would agree too (i also know you’re still developing/tweaking) but i would love my home feed/timeline to consist of ONLY the people i follow. i’d like a separate explore tab with all the random ppl (the home page you currently have) would be nice! i would love to pick & choose when i get to see random people i don’t follow because my home page just feels like spam/junk mail with zero access to content i actually care about.  also, would love to see a, who i’m following tab as well. thanks!",Neutral,tittl say pretti decent potenti person im sure other would agre also know your still developingtweak would love home feedtimelin consist peopl follow id like separ explor tab random ppl home page current would nice would love pick choos get see random peopl dont follow home page feel like spamjunk mail zero access content actual care also would love see im follow tab well thank,tittle say pretty decent potential personally im sure others would agree also know youre still developingtweaking would love home feedtimeline consist people follow id like separate explore tab random ppl home page currently would nice would love pick choose get see random people dont follow home page feel like spamjunk mail zero access content actually care also would love see im following tab well thanks
Google Play,2rd copy of Twitter Zuck keyboard = copy & paste 😤😤😤,Negative,rd copi twitter zuck keyboard copi past,rd copy twitter zuck keyboard copy paste
Google Play,"Please be my pin, because I'm the thread that you need 😜😮‍💨",Positive,pleas pin im thread need,please pin im thread need
Google Play,"If you will login once in threads, you can't delete your threads profile ever. If you want to delete your threads profile, your Instagram profile will also delete. You can only deactivate the threads account. So think before download.",Negative,login thread cant delet thread profil ever want delet thread profil instagram profil also delet deactiv thread account think download,login thread cant delete thread profile ever want delete thread profile instagram profile also delete deactivate thread account think download
Google Play,Good app!,Neutral,good app,good app
App Store,"it’s basically a way to connect with people who are interested in what you are interested in aswell, nice app zuckerberg 📝",Positive,basic way connect peopl interest interest aswel nice app zuckerberg,basically way connect people interested interested aswell nice app zuckerberg
App Store,"I can't log in into this application and i don't know why! 
I'll be thankful that someone helps me :)
I've tried many times but i just recived erros but nothing..",Negative,cant log applic dont know ill thank someon help ive tri mani time reciv erro noth,cant log application dont know ill thankful someone help ive tried many time recived erros nothing
Google Play,Because My video viws not coming,Negative,video viw come,video viws coming
Google Play,"Fixed the comment pane, tks 👍👍👍",Positive,fix comment pane tk,fixed comment pane tks
Google Play,Good aap. It's good to see that they are providing a threads version.,Neutral,good aap good see provid thread version,good aap good see providing thread version
Google Play,Nice job with you guys and gold for you guys,Positive,nice job guy gold guy,nice job guy gold guy
Google Play,The rest of the age will come to know experiment when it is necessary to be more and different even if all looked same yes (feature) could have been introduced in some new form. But he was not kept equal to his rival. It is expected that more good things will be seen in the future.,Neutral,rest age come know experi necessari differ even look ye featur could introduc new form kept equal rival expect good thing seen futur,rest age come know experiment necessary different even looked yes feature could introduced new form kept equal rival expected good thing seen future
Google Play,If insta and Twitter had a child,Positive,insta twitter child,insta twitter child
Google Play,As is it's impossible to use. I do not have an Instagram account. I cannot use the app without creating an Instagram account. You cannot create an Instagram account from within the app. Ergo the app is impossible to use without already having an Instagram account or going to Instagram to create an account outside of the app. 0/10,Negative,imposs use instagram account cannot use app without creat instagram account cannot creat instagram account within app ergo app imposs use without alreadi instagram account go instagram creat account outsid app,impossible use instagram account cannot use app without creating instagram account cannot create instagram account within app ergo app impossible use without already instagram account going instagram create account outside app
Google Play,Very nice this app💜,Positive,nice app,nice app
Google Play,Why its connected with Instagram.. i installed it and open account from insta. Now this thread badge is shown up in insta's bio. I Removed it many times from there..but its again shown on page refresh. Please do this app independently from insta...or i uninstall both the app..🙂,Negative,connect instagram instal open account insta thread badg shown insta bio remov mani time therebut shown page refresh pleas app independ instaor uninstal app,connected instagram installed open account insta thread badge shown instas bio removed many time therebut shown page refresh please app independently instaor uninstall app
Google Play,Nice this twit app,Positive,nice twit app,nice twit app
Google Play,Theif,Negative,theif,theif
Google Play,Wow 😮 very good,Positive,wow good,wow good
Google Play,Nice app..... Add DMs to it and allow me to pin a post ☺️,Positive,nice app add dm allow pin post,nice app add dm allow pin post
Google Play,Musk ko compitition 👍👍✌️,Positive,musk ko compitit,musk ko compitition
Google Play,It's fun ...but need translate tweet option as soon as possible,Positive,fun need translat tweet option soon possibl,fun need translate tweet option soon possible
Google Play,Good Application,Positive,good applic,good application
Google Play,Exceptional extraordinary meta experience index over the hurtle and brightening my life.,Positive,except extraordinari meta experi index hurtl brighten life,exceptional extraordinary meta experience index hurtle brightening life
Google Play,"constantly bugs out, unusable for now",Negative,constantli bug unus,constantly bug unusable
Google Play,She blocked on redmi note 8,Negative,block redmi note,blocked redmi note
Google Play,Aap is so interesting. But it is not good,Negative,aap interest good,aap interesting good
Google Play,"It's nice App, but you need to bring direct message feature please.",Positive,nice app need bring direct messag featur pleas,nice app need bring direct message feature please
Google Play,Breath of fresh Air! I never knew just HOW toxic the other app had gotten until I switched to Threads. It's only been a week and everyday it gets better and better.,Positive,breath fresh air never knew toxic app gotten switch thread week everyday get better better,breath fresh air never knew toxic app gotten switched thread week everyday get better better
Google Play,"Why am I facing glitching issues every time I open the app, i tried uninstalling the app and then reinstalling,then also it didn't work, all i could see was an entire screen full of glitches",Negative,face glitch issu everi time open app tri uninstal app reinstallingthen also didnt work could see entir screen full glitch,facing glitching issue every time open app tried uninstalling app reinstallingthen also didnt work could see entire screen full glitch
Google Play,Not bad initiative.,Neutral,bad initi,bad initiative
Google Play,"The application keeps glitching since i open it, once i touch the screen it glitchs, can't use it at all",Negative,applic keep glitch sinc open touch screen glitch cant use,application keep glitching since open touch screen glitch cant use
Google Play,Great application,Positive,great applic,great application
Google Play,I think it's good to compete with Twitter. They are creating monopoly.,Positive,think good compet twitter creat monopoli,think good compete twitter creating monopoly
Google Play,The app crashes often hope you fix it soon,Neutral,app crash often hope fix soon,app crash often hope fix soon
App Store,Much to be desired as of now.,Neutral,much desir,much desired
App Store,Watch Sound of Freedom! A true story movie about human/child trafficking in certain theaters now or soon to be on Twitter thanks to Elon. The movie was made 5 years ago and they’ve tried to put it on all streaming platforms and got denied by all of them. Multiple roadblocks in their way but the truth always comes out. Gods children are not for sale.,Negative,watch sound freedom true stori movi humanchild traffick certain theater soon twitter thank elon movi made year ago theyv tri put stream platform got deni multipl roadblock way truth alway come god children sale,watch sound freedom true story movie humanchild trafficking certain theater soon twitter thanks elon movie made year ago theyve tried put streaming platform got denied multiple roadblock way truth always come god child sale
Google Play,Wish I didn't have to have an Instagram account to use this. It is what it is I guess...,Negative,wish didnt instagram account use guess,wish didnt instagram account use guess
App Store,"App is terrible. A rip off of Twitter and Zuck just wants to be Elon so bad. These clowns in these reviews saying Twitter is dead are just full of it and just be bots. Enjoy your one sided views on everything, with no opinions from the other side to promote discussion and critical thinking. Uninstalling immediately.",Negative,app terribl rip twitter zuck want elon bad clown review say twitter dead full bot enjoy one side view everyth opinion side promot discuss critic think uninstal immedi,app terrible rip twitter zuck want elon bad clown review saying twitter dead full bot enjoy one sided view everything opinion side promote discussion critical thinking uninstalling immediately
Google Play,The only reason I'm giving it a three star is because when you follow people they don't show up on your feed it's a bunch of random users other than that the app itself is pretty cool,Neutral,reason im give three star follow peopl dont show feed bunch random user app pretti cool,reason im giving three star follow people dont show feed bunch random user app pretty cool
Google Play,I cannot download this app as the button which is for the word download does not appear .,Positive,cannot download app button word download appear,cannot download app button word download appear
App Store,"No chronological feed, no control over what posts you see in your feed. Following people is basically useless. Don’t download this or you will have to delete your Instagram to delete threads.",Negative,chronolog feed control post see feed follow peopl basic useless dont download delet instagram delet thread,chronological feed control post see feed following people basically useless dont download delete instagram delete thread
Google Play,It can be something good in the future.,Neutral,someth good futur,something good future
App Store,"So I had enough time to use this app and it’s going places 

All I wish for is:
The ability to have multiple accounts like instagram 
More settings 
Stories should be on threads also 
Direct messaging (end to end encrypted)
And others but overall it’s a very great app",Positive,enough time use app go place wish abil multipl account like instagram set stori thread also direct messag end end encrypt other overal great app,enough time use app going place wish ability multiple account like instagram setting story thread also direct messaging end end encrypted others overall great app
Google Play,hello spyware,Negative,hello spywar,hello spyware
App Store,"Everybody has commented about the features and functionality that are still needed. I assume those will come with time.

I am a little concerned that the app seems to access every bit of private data possible.  The app has private settings, but they are convoluted and not so easy to work through.

The app is also draining my battery like no other app. If I can't figure out a fix for this, I'm not sure I can leave the app installed.",Neutral,everybodi comment featur function still need assum come time littl concern app seem access everi bit privat data possibl app privat set convolut easi work app also drain batteri like app cant figur fix im sure leav app instal,everybody commented feature functionality still needed assume come time little concerned app seems access every bit private data possible app private setting convoluted easy work app also draining battery like app cant figure fix im sure leave app installed
Google Play,Isse ek baar I'd banane pe isse delete account krne pe aapka insta account bhi delete ho jayega It's so very bad 😞 app 🤣🤣,Negative,iss ek baar id banan pe iss delet account krne pe aapka insta account bhi delet ho jayega bad app,isse ek baar id banane pe isse delete account krne pe aapka insta account bhi delete ho jayega bad app
Google Play,It's an amazing app.. just loving it !!,Positive,amaz app love,amazing app loving
Google Play,Nice experience better than Twitter great job mark zuck,Positive,nice experi better twitter great job mark zuck,nice experience better twitter great job mark zuck
Google Play,Freezing up and not working properly,Negative,freez work properli,freezing working properly
App Store,"I see the potential, but it keeps logging me out every time I want to comment or post. A bug needing fix.",Negative,see potenti keep log everi time want comment post bug need fix,see potential keep logging every time want comment post bug needing fix
Google Play,Very good app,Positive,good app,good app
App Store,"i think you should make it easier to switch accounts instead of having to log out and then log into another account, make it something similar to insta. i also think you should make it where you can double tap to like a post",Positive,think make easier switch account instead log log anoth account make someth similar insta also think make doubl tap like post,think make easier switch account instead log log another account make something similar insta also think make double tap like post
Google Play,Cool,Positive,cool,cool
Google Play,It actually have a lot of bugs! Thread team should fix the bug first before it launched!,Negative,actual lot bug thread team fix bug first launch,actually lot bug thread team fix bug first launched
Google Play,I posted so many post.😔 but didn't even get a like.😔 And not reached also.😔,Negative,post mani post didnt even get like reach also,posted many post didnt even get like reached also
Google Play,"Content feed is full of people I neither know, nor have ever heard of. Scrolling forever to see anyone I follow. Just going to keep using Mastodon.",Negative,content feed full peopl neither know ever heard scroll forev see anyon follow go keep use mastodon,content feed full people neither know ever heard scrolling forever see anyone follow going keep using mastodon
Google Play,No translate function just like in ig or twitter that is very inconvenient. Hope can add this function very soon.,Neutral,translat function like ig twitter inconveni hope add function soon,translate function like ig twitter inconvenient hope add function soon
App Store,"Hi Meta, I really like how simple and intuitive the UI is for this app. Though, I think this app desperately needs a “trending page” where you can see any big events or news at a glance like how you can on twitter. This would definitely help drive more people away from twitter and onto your platform.",Positive,hi meta realli like simpl intuit ui app though think app desper need trend page see big event news glanc like twitter would definit help drive peopl away twitter onto platform,hi meta really like simple intuitive ui app though think app desperately need trending page see big event news glance like twitter would definitely help drive people away twitter onto platform
Google Play,"Overall experience is good but I have facing issues while uploading the photos ,that was very disappointed",Neutral,overal experi good face issu upload photo disappoint,overall experience good facing issue uploading photo disappointed
Google Play,warning this app WILL suspend your instagram account if you decide to follow all the accounts you follow already on Instagram. There is ZERO appeal process.,Negative,warn app suspend instagram account decid follow account follow alreadi instagram zero appeal process,warning app suspend instagram account decide follow account follow already instagram zero appeal process
Google Play,Can't get onto instagram so no chance of getting onto threads!!!!!,Negative,cant get onto instagram chanc get onto thread,cant get onto instagram chance getting onto thread
Google Play,It's not good as Facebook,Negative,good facebook,good facebook
Google Play,"Nepotism, 😏",Positive,nepot,nepotism
Google Play,Nice app but need to include features like :- 1. Poll option 2. Image cropping before posting 3. Data saver mode like Video Autoplay off 4. Media section seperately on Profile page.,Neutral,nice app need includ featur like poll option imag crop post data saver mode like video autoplay media section seper profil page,nice app need include feature like poll option image cropping posting data saver mode like video autoplay medium section seperately profile page
Google Play,"The application works fine without problems, but there is a very noticeable minus there is no transfer in Threads, and you need to make two buttons, the first recommendation, the second on which you are subscribed, this is my personal opinion, otherwise 4 stars, I hope the developers will notice this, and by the way, me too programmer",Positive,applic work fine without problem notic minu transfer thread need make two button first recommend second subscrib person opinion otherwis star hope develop notic way programm,application work fine without problem noticeable minus transfer thread need make two button first recommendation second subscribed personal opinion otherwise star hope developer notice way programmer
Google Play,Very nice app 🤠👍👍,Positive,nice app,nice app
Google Play,Loving it,Positive,love,loving
Google Play,It's better than Twitter,Positive,better twitter,better twitter
Google Play,UI looks clean but Please provide save picture or video option. Also Home feed looks odd. It should show the posts from who we follow or show related to who we follow or based on our location,Neutral,ui look clean pleas provid save pictur video option also home feed look odd show post follow show relat follow base locat,ui look clean please provide save picture video option also home feed look odd show post follow show related follow based location
Google Play,Nice app tho,Positive,nice app tho,nice app tho
Google Play,Unable to download app,Negative,unabl download app,unable download app
Google Play,The thing is i was really excited to try threads but when I downloaded it on my Samsung tablet it had grafical error it was just broken I am redownloading it to see if the issue is still there if is I will edit this,Neutral,thing realli excit tri thread download samsung tablet grafic error broken redownload see issu still edit,thing really excited try thread downloaded samsung tablet grafical error broken redownloading see issue still edit
Google Play,Excellent app for communication interface. Truly I'm addicted for this app. Instead of twitter I'll use this. Thank me META for providing such useful application.,Positive,excel app commun interfac truli im addict app instead twitter ill use thank meta provid use applic,excellent app communication interface truly im addicted app instead twitter ill use thank meta providing useful application
Google Play,"Not too different from insta, I'd stick to insta then. And it's not even that interesting",Negative,differ insta id stick insta even interest,different insta id stick insta even interesting
Google Play,It is a good app and overall good concept but I guess it is better if u add chat option and stories with the new updates. This is just the beginning. I hope we will see good later,Positive,good app overal good concept guess better u add chat option stori new updat begin hope see good later,good app overall good concept guess better u add chat option story new update beginning hope see good later
App Store,"This is a good app! I like it so far, I just wish I could have a “following” page and a “for you” page that are separate. I want to see what just my friends are saying or just new people, not a mix of both. Otherwise, great!",Positive,good app like far wish could follow page page separ want see friend say new peopl mix otherwis great,good app like far wish could following page page separate want see friend saying new people mix otherwise great
Google Play,"The app is good because I can share what's on my mind, but the problem is there's no followback button. You need to visit the profile first so you can follow it back",Positive,app good share what mind problem there followback button need visit profil first follow back,app good share whats mind problem there followback button need visit profile first follow back
Google Play,Lol what the hell is this zuck needs more data buzz of meta Twitter is best,Negative,lol hell zuck need data buzz meta twitter best,lol hell zuck need data buzz meta twitter best
Google Play,"Good Twitter alternative, but at the moment the app crashes whenever I post HD images",Neutral,good twitter altern moment app crash whenev post hd imag,good twitter alternative moment app crash whenever post hd image
Google Play,Server too slow pls improve,Neutral,server slow pl improv,server slow pls improve
Google Play,This app is not stable,Negative,app stabl,app stable
Google Play,"So is this app available in the EU or not? Because I was able to download it and follow a bunch of pages just fine, but now it's just ""something went wrong"" all the time. What's up?",Negative,app avail eu abl download follow bunch page fine someth went wrong time what,app available eu able download follow bunch page fine something went wrong time whats
Google Play,"This app is good to use, however I can't post photos.",Neutral,app good use howev cant post photo,app good use however cant post photo
Google Play,Copy paste of Twitter🙄,Neutral,copi past twitter,copy paste twitter
Google Play,"There is no reason provided for updates, so I provide no reason for more than 1 star.",Negative,reason provid updat provid reason star,reason provided update provide reason star
App Store,"You have to link your Instagram account, no other option. And if you want to delete Threads, you have yo delete your Instagram account. I never link accounts, ever. I won’t be signing up until you can create independent accounts.",Negative,link instagram account option want delet thread yo delet instagram account never link account ever wont sign creat independ account,link instagram account option want delete thread yo delete instagram account never link account ever wont signing create independent account
Google Play,"This app really needs improvement. Because after opening threads, my instagram account cannot be opened. It always sunddenly closes.",Negative,app realli need improv open thread instagram account cannot open alway sunddenli close,app really need improvement opening thread instagram account cannot opened always sunddenly close
Google Play,Copy,Negative,copi,copy
Google Play,"If I don't have / want an Instagram account so I can't login, that's not acceptable. I am uninstalling the app.",Negative,dont want instagram account cant login that accept uninstal app,dont want instagram account cant login thats acceptable uninstalling app
App Store,"It’s a good app however it needs a lot of work and features that all other social networks have.

1. Chronological home feed so you can view thing in order.

2. For you feed so you ca see only the Threads from people you follow also in chronological order.

3. The ability to view the list of people you follow and ability to unfollow from the list.

4. The ability to view things you liked and favorited as a feed in your profile page.

These are major things that all other social networks have and Threads doesn’t have and for a lot of people that’s a deal breaker. I hope to see these features sooner rather then later because people WILL stop using this app and go back the the app Elon is currently hellbent on killing because there will be no better place.",Neutral,good app howev need lot work featur social network chronolog home feed view thing order feed ca see thread peopl follow also chronolog order abil view list peopl follow abil unfollow list abil view thing like favorit feed profil page major thing social network thread doesnt lot peopl that deal breaker hope see featur sooner rather later peopl stop use app go back app elon current hellbent kill better place,good app however need lot work feature social network chronological home feed view thing order feed ca see thread people follow also chronological order ability view list people follow ability unfollow list ability view thing liked favorited feed profile page major thing social network thread doesnt lot people thats deal breaker hope see feature sooner rather later people stop using app go back app elon currently hellbent killing better place
Google Play,Save yourself the uninstall and just don't download it.,Negative,save uninstal dont download,save uninstall dont download
Google Play,"There is a bug in the app , please improve it instagram team",Neutral,bug app pleas improv instagram team,bug app please improve instagram team
Google Play,So far not a big fan. Its alright but my feed is majority people I am not following nor are of any interest to me. Until I only see people I follow on my feed I wont give it any more stars. I dont care about things that dont align with my interests.,Neutral,far big fan alright feed major peopl follow interest see peopl follow feed wont give star dont care thing dont align interest,far big fan alright feed majority people following interest see people follow feed wont give star dont care thing dont align interest
Google Play,"Currently unusable, everytime I open threads and scroll up and down, the UIs and Texts keeps multiplying like India's population rate",Negative,current unus everytim open thread scroll ui text keep multipli like india popul rate,currently unusable everytime open thread scroll uis text keep multiplying like india population rate
App Store,"When installing the application, I hid it, but now I want it to be visible in my instagram profile that I am registered in Threads. 
Add this parameter and you will have a high score!
Thank you.",Negative,instal applic hid want visibl instagram profil regist thread add paramet high score thank,installing application hid want visible instagram profile registered thread add parameter high score thank
Google Play,Downloaded It --> Tried Opening the app --> App Crashed --> App uninstalled--> Good Riddance,Negative,download tri open app app crash app uninstal good riddanc,downloaded tried opening app app crashed app uninstalled good riddance
Google Play,"I really love this app, but dear Devs, please help: I was in the zone with the bad internet, where I got an error saying that the feed cannot be loaded. But when I came home, the problem didn't disappear. And unfortunately, I still cannot post for some reason, see my threads and likes. I cleaned cache, reinstalled the app, checked the network access. How can I solve this?",Negative,realli love app dear dev pleas help zone bad internet got error say feed cannot load came home problem didnt disappear unfortun still cannot post reason see thread like clean cach reinstal app check network access solv,really love app dear devs please help zone bad internet got error saying feed cannot loaded came home problem didnt disappear unfortunately still cannot post reason see thread like cleaned cache reinstalled app checked network access solve
Google Play,Smooth onboarding and sync with Instagram. But please allow us to pick media from folder other than root gallery,Positive,smooth onboard sync instagram pleas allow us pick media folder root galleri,smooth onboarding sync instagram please allow u pick medium folder root gallery
Google Play,🔥 first review,Positive,first review,first review
Google Play,The fact that it forces me to see content I don't want gives it a one-star review immediately. I don't want to see any content from anyone other than the followers I have selected.,Negative,fact forc see content dont want give onestar review immedi dont want see content anyon follow select,fact force see content dont want give onestar review immediately dont want see content anyone follower selected
App Store,"Pretty cool app. A great way to connect with friends. 

I would appreciate an explore page so that our main TL isn’t saturated with accounts that we don’t follow.",Neutral,pretti cool app great way connect friend would appreci explor page main tl isnt satur account dont follow,pretty cool app great way connect friend would appreciate explore page main tl isnt saturated account dont follow
Google Play,"This app is an amazing app, very interesting, but it doesn't have a future of direct message.",Positive,app amaz app interest doesnt futur direct messag,app amazing app interesting doesnt future direct message
Google Play,It only accept left wing propaganda,Negative,accept left wing propaganda,accept left wing propaganda
Google Play,Like Twitter it's just for large corporations to say dumb things. Doesn't seem like there are any real people on here,Negative,like twitter larg corpor say dumb thing doesnt seem like real peopl,like twitter large corporation say dumb thing doesnt seem like real people
Google Play,Love the UI and it's really smooth,Positive,love ui realli smooth,love ui really smooth
Google Play,But the fact that the president,Positive,fact presid,fact president
Google Play,"Click on Twitter, Press Ctrl+C then Click on Instagram nd Press Ctrl+V..",Negative,click twitter press ctrlc click instagram nd press ctrlv,click twitter press ctrlc click instagram nd press ctrlv
Google Play,This app is so very nice ❤️❤️,Positive,app nice,app nice
Google Play,So many crashes! On xiaomi ! From this morning! I can't even use the app! And beside all that! If it's trying to take Twitter's place ! Where the heck is explore?? Seriously?,Neutral,mani crash xiaomi morn cant even use app besid tri take twitter place heck explor serious,many crash xiaomi morning cant even use app beside trying take twitter place heck explore seriously
Google Play,Waiting for more option,Neutral,wait option,waiting option
Google Play,Amazing creation,Positive,amaz creation,amazing creation
Google Play,"So far so good. Seems to be working out some bugs, I keep getting kick out the app whenever I try to respond to comments. My phone also provided a pop-up stating that it has bugs. So I'm hoping that works itself out bc I really do enjoy it.",Neutral,far good seem work bug keep get kick app whenev tri respond comment phone also provid popup state bug im hope work bc realli enjoy,far good seems working bug keep getting kick app whenever try respond comment phone also provided popup stating bug im hoping work bc really enjoy
Google Play,"I would really like to be able to use more than one account. I have 2 IG accounts, 1 business and 1 personal, but can only use one on the app on my phone by just switching like on the IG app.",Positive,would realli like abl use one account ig account busi person use one app phone switch like ig app,would really like able use one account ig account business personal use one app phone switching like ig app
Google Play,Marathi language is not available,Negative,marathi languag avail,marathi language available
Google Play,Good application 😍,Positive,good applic,good application
Google Play,Dire. Installed and uninstalled because the flow of it isn't upto scratch. You get random posts in your feed. The data collection is very bad and intrusive,Negative,dire instal uninstal flow isnt upto scratch get random post feed data collect bad intrus,dire installed uninstalled flow isnt upto scratch get random post feed data collection bad intrusive
Google Play,"I installed the program and after the countdown on Instagram, I visited the program several times to run. But unfortunately it does not work yet",Neutral,instal program countdown instagram visit program sever time run unfortun work yet,installed program countdown instagram visited program several time run unfortunately work yet
Google Play,Cheap copy of twitter thread,Negative,cheap copi twitter thread,cheap copy twitter thread
Google Play,First review 😎,Positive,first review,first review
Google Play,Good app but doesn't work properly what ever I do it comes up 'sorry can't load try again' or 'sorry we couldn't complete your request please try again in a moment' and how many times I try again it never works.,Negative,good app doesnt work properli ever come sorri cant load tri sorri couldnt complet request pleas tri moment mani time tri never work,good app doesnt work properly ever come sorry cant load try sorry couldnt complete request please try moment many time try never work
Google Play,"Going on two weeks since public launch now and this app is starting to suffer from lack of very common features (which honestly should have been standard at launch). No ability to filter your feed or search posts/tags. Account follower import seems to be messy for those with a larger following. It has some good things like in line thread adding good media display. But, these are not enough to keep the app afloat on their own.",Neutral,go two week sinc public launch app start suffer lack common featur honestli standard launch abil filter feed search poststag account follow import seem messi larger follow good thing like line thread ad good media display enough keep app afloat,going two week since public launch app starting suffer lack common feature honestly standard launch ability filter feed search poststags account follower import seems messy larger following good thing like line thread adding good medium display enough keep app afloat
Google Play,The experience is awesome but it would be great to be able to translate certain posts to our respective languages to understand just like on Instagram,Positive,experi awesom would great abl translat certain post respect languag understand like instagram,experience awesome would great able translate certain post respective language understand like instagram
Google Play,Can even download the app,Negative,even download app,even download app
Google Play,Worst experience,Negative,worst experi,worst experience
Google Play,So much glitch and lag... Automatically turns off and stops responding. Please fix this bug ASAP!,Negative,much glitch lag automat turn stop respond pleas fix bug asap,much glitch lag automatically turn stop responding please fix bug asap
Google Play,Congratulations ISRO Chandrayaan -3 Misstion successful,Positive,congratul isro chandrayaan misstion success,congratulation isro chandrayaan misstion successful
Google Play,"If you are concerned about privacy & data protection, avoid this app.",Negative,concern privaci data protect avoid app,concerned privacy data protection avoid app
Google Play,Gorgeous,Positive,gorgeou,gorgeous
Google Play,Worst app ever,Negative,worst app ever,worst app ever
Google Play,Can't upload videos with photos lately!!! Buggy!!!!,Negative,cant upload video photo late buggi,cant upload video photo lately buggy
App Store,UI is simple and pretty cool,Positive,ui simpl pretti cool,ui simple pretty cool
Google Play,"Worst app,twitter is better with freedom of speech without cancellation",Negative,worst apptwitt better freedom speech without cancel,worst apptwitter better freedom speech without cancellation
Google Play,Why is the Hashtags not working 😏😏😏,Neutral,hashtag work,hashtags working
Google Play,"The app as a platform is great, besides the interface and stuff... but one only issue is that scrolling is low smooth plus I would like to suggest some ways to make Threads go incredibly stylish, such as the like button animation and the app's icon color matching for android 13+ However it's an excellent app that's looking to be perfect, thank you Marks crew 👌",Positive,app platform great besid interfac stuff one issu scroll low smooth plu would like suggest way make thread go incred stylish like button anim app icon color match android howev excel app that look perfect thank mark crew,app platform great besides interface stuff one issue scrolling low smooth plus would like suggest way make thread go incredibly stylish like button animation apps icon color matching android however excellent app thats looking perfect thank mark crew
Google Play,"Excited to try out, just meh, 1 star rating for Account deletion process. DO NOT USE if you are not 100% committed or else you will have to delete your Instagram account as well",Negative,excit tri meh star rate account delet process use commit els delet instagram account well,excited try meh star rating account deletion process use committed else delete instagram account well
Google Play,Mostly viral app,Neutral,mostli viral app,mostly viral app
Google Play,I am disappointed for your threads app your app is after the download then I enter your app the app flickering and a page is like disconnected cable connection problem🤣🥴. So to solve the problem,Negative,disappoint thread app app download enter app app flicker page like disconnect cabl connect problem solv problem,disappointed thread app app download enter app app flickering page like disconnected cable connection problem solve problem
Google Play,"I accidentally remove the threads badge on my instagram profile and there's no way to recover it back :-( Can you please solve this problems ""hide badge"" thingy. Can you please put or add ""unhide badge"" on instagram so that I can really enjoy this app.",Negative,accident remov thread badg instagram profil there way recov back pleas solv problem hide badg thingi pleas put add unhid badg instagram realli enjoy app,accidentally remove thread badge instagram profile there way recover back please solve problem hide badge thingy please put add unhide badge instagram really enjoy app
Google Play,"Definitely still enjoying this low stress and low drama experience on day 2. It has room to grow and improve, and a rollout of new features will help to retain users, but for something in its infancy, it's pretty great.",Positive,definit still enjoy low stress low drama experi day room grow improv rollout new featur help retain user someth infanc pretti great,definitely still enjoying low stress low drama experience day room grow improve rollout new feature help retain user something infancy pretty great
Google Play,It's not opening,Negative,open,opening
Google Play,another comfy zone i guess(?),Positive,anoth comfi zone guess,another comfy zone guess
Google Play,Connecting and redirecting to Instagram resets the Threads' profile. And then shows partial data from Instagram. Test it well team 😗🤏🏼,Neutral,connect redirect instagram reset thread profil show partial data instagram test well team,connecting redirecting instagram reset thread profile show partial data instagram test well team
Google Play,"Very2 simple, and i love the clean look!!! I know this app need to add more features but pls pls pls pls make it simple and not messy like Facebook & Instagram? Pls hear what users want.. Instagram algorithms sucks, so far i love this one.",Positive,simpl love clean look know app need add featur pl pl pl pl make simpl messi like facebook instagram pl hear user want instagram algorithm suck far love one,simple love clean look know app need add feature pls pls pls pls make simple messy like facebook instagram pls hear user want instagram algorithm suck far love one
App Store,"So far it reminds me of twitter, already saw a thirst trap.",Neutral,far remind twitter alreadi saw thirst trap,far reminds twitter already saw thirst trap
App Store,"I logged in but get a message that says,

An unexpected error occured.
You are receiving this error because something went wrong loading this screen. Tap the refresh icon below to try again.",Positive,log get messag say unexpect error occur receiv error someth went wrong load screen tap refresh icon tri,logged get message say unexpected error occured receiving error something went wrong loading screen tap refresh icon try
Google Play,it's okay. I'm going to give the app time to grow,Neutral,okay im go give app time grow,okay im going give app time grow
Google Play,"It's like the new twitter! Love this app i can rant, i cant talk to friends thru threads!!",Positive,like new twitter love app rant cant talk friend thru thread,like new twitter love app rant cant talk friend thru thread
Google Play,So far so good I would like to put this out there please please make sure that this platform stays Scam free we don't need or want it. And please keep it free from hate only advertisement s from real business not scams,Positive,far good would like put pleas pleas make sure platform stay scam free dont need want pleas keep free hate advertis real busi scam,far good would like put please please make sure platform stay scam free dont need want please keep free hate advertisement real business scam
App Store,"When I click a thread I can’t see any replies. Instead I get a message saying “Sorry, something went wrong. Try again.” Same thing when I click on someone’s profile. I go to their page but don’t see any of their threads or replies. It says “Content not available”. When I try to reply to a thread it shows up as a reply but it says “your thread failed to upload”. If I click the heart at the bottom I go to the Activity page. On that page no matter what I select from the menu: All, Follows, Replies, etc… each says “Sorry,something went wrong. Try again”. My wireless connection is strong. I’ve tried both with and without a VPN. I’ve deleted and re-downloaded the app a few times. Nothing helps. Always the same result with the same bugs.",Positive,click thread cant see repli instead get messag say sorri someth went wrong tri thing click someon profil go page dont see thread repli say content avail tri repli thread show repli say thread fail upload click heart bottom go activ page page matter select menu follow repli etc say sorrysometh went wrong tri wireless connect strong ive tri without vpn ive delet redownload app time noth help alway result bug,click thread cant see reply instead get message saying sorry something went wrong try thing click someone profile go page dont see thread reply say content available try reply thread show reply say thread failed upload click heart bottom go activity page page matter select menu follows reply etc say sorrysomething went wrong try wireless connection strong ive tried without vpn ive deleted redownloaded app time nothing help always result bug
Google Play,I wish I were install it yesterday 😞,Positive,wish instal yesterday,wish install yesterday
Google Play,Lacking so much behind... Blue bird 🐦 >>>> Threads,Negative,lack much behind blue bird thread,lacking much behind blue bird thread
Google Play,"No search option to search for post only for accounts, i see post from people i didnt follow.",Negative,search option search post account see post peopl didnt follow,search option search post account see post people didnt follow
Google Play,The home screen is just mixing up everything maybe a bug please fix it,Negative,home screen mix everyth mayb bug pleas fix,home screen mixing everything maybe bug please fix
Google Play,This app is next level and will beat twitter,Positive,app next level beat twitter,app next level beat twitter
Google Play,Idk but this app is buffering when i opened it check my threads on ash233u account,Negative,idk app buffer open check thread ashu account,idk app buffering opened check thread ashu account
App Store,To many scam bots trying to make you click virus links,Neutral,mani scam bot tri make click viru link,many scam bot trying make click virus link
Google Play,Now twitter is over for sure....,Positive,twitter sure,twitter sure
Google Play,Chutia ap by mark juker tying to copy twitter,Negative,chutia ap mark juker tie copi twitter,chutia ap mark juker tying copy twitter
Google Play,You have to be an Instagram user before you can use Threads. That makes it seem like a bit of a bait-and-switch if you just want to use Threads.,Neutral,instagram user use thread make seem like bit baitandswitch want use thread,instagram user use thread make seem like bit baitandswitch want use thread
Google Play,Really impressive,Positive,realli impress,really impressive
Google Play,Yea no thanks after seeing all the Data that is collected on this app. No thanks especially after META was working with the GOV.,Negative,yea thank see data collect app thank especi meta work gov,yea thanks seeing data collected app thanks especially meta working gov
Google Play,It's OK but it's crashes to much,Negative,ok crash much,ok crash much
App Store,"We need a likes tab on profiles that users can choose to make private or public but that they have access to and can see all their liked posts at.

The likes feature should be used to connect and keep track of information but right now that information is hidden to the users while fully visible to the engineers. 

I understand it needs to be different than other platforms but I think accessing “likes” on profiles is a universal feature and would not make threads more like any other platform, it would just make it more user friendly.

Thanks!",Neutral,need like tab profil user choos make privat public access see like post like featur use connect keep track inform right inform hidden user fulli visibl engin understand need differ platform think access like profil univers featur would make thread like platform would make user friendli thank,need like tab profile user choose make private public access see liked post like feature used connect keep track information right information hidden user fully visible engineer understand need different platform think accessing like profile universal feature would make thread like platform would make user friendly thanks
Google Play,"I dont know what happened but as soon as I log in into threads, its kind of a bug or something, my screen suddenly starts acting weird and the title and post begins to flicker. I reinstalled it many times but didn't worked. I can't even read a thing.",Negative,dont know happen soon log thread kind bug someth screen suddenli start act weird titl post begin flicker reinstal mani time didnt work cant even read thing,dont know happened soon log thread kind bug something screen suddenly start acting weird title post begin flicker reinstalled many time didnt worked cant even read thing
Google Play,Unable to log in after logging out to switch account.,Negative,unabl log log switch account,unable log logging switch account
App Store,"So far, Threads forced me to view “threads” by people I do not follow, and artificially jumbles the order of threads so I cannot keep track of any event/news in real time. Not everyone just wants Instagram in text form.

This app will become workable when they permit the option to only see threads from people I follow, and in chronological order..",Negative,far thread forc view thread peopl follow artifici jumbl order thread cannot keep track eventnew real time everyon want instagram text form app becom workabl permit option see thread peopl follow chronolog order,far thread forced view thread people follow artificially jumble order thread cannot keep track eventnews real time everyone want instagram text form app become workable permit option see thread people follow chronological order
Google Play,Great app o also waiting to fix the hashtag option and trend page also will be nice if we can join same all our Facebook friends or follower as instegram and option to share any video to another app or downloa I have great suggestions to give the first all first 50 millions the Install it and use it the blue confirm they deserve it because they trust and make other trust,Positive,great app also wait fix hashtag option trend page also nice join facebook friend follow instegram option share video anoth app downloa great suggest give first first million instal use blue confirm deserv trust make trust,great app also waiting fix hashtag option trend page also nice join facebook friend follower instegram option share video another app downloa great suggestion give first first million install use blue confirm deserve trust make trust
Google Play,it's Very Good App like Instagram make early account to take your Name,Positive,good app like instagram make earli account take name,good app like instagram make early account take name
Google Play,I love this app so much it's better than Twitter not gonna lie,Positive,love app much better twitter gonna lie,love app much better twitter gonna lie
Google Play,This is not opening,Negative,open,opening
Google Play,"This application is good but there are no trending features, I hope it can be developed again",Positive,applic good trend featur hope develop,application good trending feature hope developed
Google Play,App is crushing while posting a thread with photo. Besides it uses more phone ram & lag the whole device.,Negative,app crush post thread photo besid use phone ram lag whole devic,app crushing posting thread photo besides us phone ram lag whole device
Google Play,This is a good app,Positive,good app,good app
Google Play,It keeps on glitching it looks like a broken phone whenever I open the app,Neutral,keep glitch look like broken phone whenev open app,keep glitching look like broken phone whenever open app
Google Play,Basically a poor man's Twitter,Negative,basic poor man twitter,basically poor man twitter
Google Play,"This app is the worst version of Twitter, the only thing Lark Lukerberg knows is copy paste from other apps. Twitter is way ahead of this mid app.",Negative,app worst version twitter thing lark lukerberg know copi past app twitter way ahead mid app,app worst version twitter thing lark lukerberg know copy paste apps twitter way ahead mid app
Google Play,"Cool interface. Nice idea. However, I'm unable to browse different locations in my phone to add a photo or video to my post. This is significant issue and a turn off",Neutral,cool interfac nice idea howev im unabl brows differ locat phone add photo video post signific issu turn,cool interface nice idea however im unable browse different location phone add photo video post significant issue turn
Google Play,"First time trying threads app basically just instagram based text or comments section, maybe the different between this app and twitter from the POV of user where at twitter users tend to hides their real name/username or alter account but it is different within this threads app automatically sync uname with instagram",Positive,first time tri thread app basic instagram base text comment section mayb differ app twitter pov user twitter user tend hide real nameusernam alter account differ within thread app automat sync unam instagram,first time trying thread app basically instagram based text comment section maybe different app twitter pov user twitter user tend hide real nameusername alter account different within thread app automatically sync uname instagram
Google Play,"Add thread *pinned 📌* feature , That would be very cool",Neutral,add thread pin featur would cool,add thread pinned feature would cool
Google Play,Great Application,Positive,great applic,great application
Google Play,Is very realy,Positive,reali,realy
Google Play,Great app and much better than Twitter.,Positive,great app much better twitter,great app much better twitter
Google Play,Very impressed I like this app,Positive,impress like app,impressed like app
Google Play,Innovate something you theifs,Negative,innov someth theif,innovate something theifs
Google Play,"Very disappointed,first of all we can't logout,then when I am opening Instagram the app keeps automatically logout",Negative,disappointedfirst cant logoutthen open instagram app keep automat logout,disappointedfirst cant logoutthen opening instagram app keep automatically logout
Google Play,"This app has potential, but it needs an explore option, hashtags, and promotion.",Neutral,app potenti need explor option hashtag promot,app potential need explore option hashtags promotion
Google Play,"Bug where instagram link not appear when visitting someone thread account, no 'recent activity' so you can't see liked or saved threads",Positive,bug instagram link appear visit someon thread account recent activ cant see like save thread,bug instagram link appear visitting someone thread account recent activity cant see liked saved thread
