recommendationid,author_steamid,author_num_games_owned,author_num_reviews,author_playtime_forever,author_playtime_last_two_weeks,language,review,timestamp_created,timestamp_updated,voted_up,votes_up,votes_funny,weighted_vote_score,steam_purchase,received_for_free,review_cleaned,review_normalized
204938348,76561198828442946,185,1,1452,0,en,"i rarely leave reviews, but this one deserves it. a truly moving experience that just gripped me, wrapped in unsettling, heavy atmosphere, sound, and themes. it’s far more than just fog and monsters—it’s a journey into the darkest corners of humanity.",1758537207,1758537207,True,80,0,0.8554422855377197,True,False,rarely leave review one deserves truly moving experience gripped wrapped unsettling heavy atmosphere sound theme far fog monstersits journey darkest corner humanity,rarely leave review one deserves truly moving experience gripped wrapped unsettling heavy atmosphere sound theme far fog monstersits journey darkest corner humanity
206312096,76561198039027057,4513,99,1273,739,en,"It's the town I name ALL my towns after when a game lets you name a city/farm/town. A true legacy here! Beautiful, subtle horror, my favorite kind. This game put me on the path to horror I liked verses horror I did not. Silent Hill teaches you about yourself! I had such a creeping sense of dread while playing.. I could not wait to get to the next bit with a PERSON, and the game does a masterful job of revealing just enough to keep you excited for the next meeting. And you will WORK FOR IT because there are so many puzzles, and creepy monsters between you & the story. But it's worth it, even if you know the ending(s) it still packs a punch. I liked this new James better, but the ladies were hotter in the original, it's true! We knew how to make some real hotsie totsies back in the day! Once you get your chosen ending, respect for those who go back for the others - I just looked them up online and they're all amazing! I wish I had the fortitude to get the DOG ending, but there's just so much to play. Love this, very scary, traumatizing, it'll make you think about it FOR DECADES after it ends. Rest easy, sweet Silent Hill.",1760072733,1760072753,True,29,0,0.7713728547096252,False,False,town name town game let name cityfarmtown true legacy beautiful subtle horror favorite kind game put path horror liked verse horror silent hill teach creeping sense dread playing could wait get next bit person game masterful job revealing enough keep excited next meeting work many puzzle creepy monster story worth even know ending still pack punch liked new james better lady hotter original true knew make real hotsie totsies back day get chosen ending respect go back others looked online theyre amazing wish fortitude get dog ending there much play love scary traumatizing itll make think decade end rest easy sweet silent hill,town name town game let name cityfarmtown true legacy beautiful subtle horror favorite kind game put path horror liked verse horror silent hill teach creeping sense dread playing could wait get next bit person game masterful job revealing enough keep excited next meeting work many puzzle creepy monster story worth even know ending still pack punch liked new james better lady hotter original true knew make real hotsie totsies back day get chosen ending respect go back others looked online theyre amazing wish fortitude get dog ending there much play love scary traumatizing itll make think decade end rest easy sweet silent hill
205294606,76561198422639965,225,21,1202,0,en,"Dog ending is canon.   ... No, but seriously. Bloober Team did an amazing job on the remake of this classic. Need them to remake the first game next.",1758954601,1758954601,True,25,2,0.6888585686683654,True,False,dog ending canon seriously bloober team amazing job remake classic need remake first game next,dog ending canon seriously bloober team amazing job remake classic need remake first game next
205110143,76561198063007752,296,41,4128,0,en,"10/10 , an absolute masterpiece!  Atmosphere , combat , music , story , every part of this game is so great. Suffocating fog , crushing darkness , unnerving sound design wrap , Akira Yamaoka's soundtrack is absolutly unforgettable... If you search for good psychological horror game you are on right place then.  Amazing job done with remaking this one and this it's a ""must play game"" with no doubts about it.",1758735813,1758735813,True,15,0,0.6340010166168212,False,False,absolute masterpiece atmosphere combat music story every part game great suffocating fog crushing darkness unnerving sound design wrap akira yamaokas soundtrack absolutly unforgettable search good psychological horror game right place amazing job done remaking one must play game doubt,absolute masterpiece atmosphere combat music story every part game great suffocating fog crushing darkness unnerving sound design wrap akira yamaokas soundtrack absolutly unforgettable search good psychological horror game right place amazing job done remaking one must play game doubt
205021337,76561198145486074,738,135,1865,0,en,"One of my favorite horror games, both this one and the original. Really good remake visually, the atmosphere is so well done and the voice actors really nailed it. The music is iconic. A must play.",1758627073,1758627073,True,18,1,0.619636595249176,True,False,one favorite horror game one original really good remake visually atmosphere well done voice actor really nailed music iconic must play,one favorite horror game one original really good remake visually atmosphere well done voice actor really nailed music iconic must play
204964857,76561198838073784,72,6,1085,0,en,Game war goil. Story goil. Combat system goil. grafik goil. Performance ganz ok. Maria smash.,1758564715,1758564715,True,9,7,0.5894762873649597,False,False,game war goil story goil combat system goil grafik goil performance ganz ok maria smash,game war goil story goil combat system goil grafik goil performance ganz ok maria smash
206812698,76561197999996623,2957,46,1187,967,en,"UPDATE:   After disabling all mods the problem is solved, so I've changed my review to recommended. This was not immediately obvious because none of the commonly suggested fixes include disabling mods. The only mods I had installed were small and seemingly insignificant. I'm leaving this review up in case anyone else has the same issue.  ORIGINAL REVIEW:   The game itself is decent, but I've encountered a game-breaking bug where, after jumping down into another room, the entire screen goes black and cannot progress. This is a known and common issue. I've tried all ""solutions"" including DX11, cancelling the jump before jumping, alt-tabbing out of the game mid-jump, adjusting graphics options, etc.  To make matters worse, the save system is so infrequent that just to be able to test if a change helped or not I have to replay the same 10-15 mins over and over and over again. You can't just immediately test after restarting the game because there's no way to save before you have to close the game.   Besides that the optimization is absolutely atrocious, with constant stuttering (another known issue that will never be patched). This is the worst optimized game I've ever played, even after community ""fixes"".",1760563770,1760567246,True,8,0,0.5742543935775756,False,False,update disabling mod problem solved ive changed review recommended immediately obvious none commonly suggested fix include disabling mod mod installed small seemingly insignificant im leaving review case anyone else issue original review game decent ive encountered gamebreaking bug jumping another room entire screen go black progress known common issue ive tried solution including dx cancelling jump jumping alttabbing game midjump adjusting graphic option etc make matter worse save system infrequent able test change helped replay min cant immediately test restarting game there way save close game besides optimization absolutely atrocious constant stuttering another known issue never patched worst optimized game ive ever played even community fix,update disabling mod problem solved i have changed review recommended immediately obvious none commonly suggested fix include disabling mod mod installed small seemingly insignificant i am leaving review case anyone else issue original review game decent i have encountered gamebreaking bug jumping another room entire screen go black progress known common issue i have tried solution including dx cancelling jump jumping alttabbing game midjump adjusting graphic option etc make matter worse save system infrequent able test change helped replay min cannot immediately test restarting game there way save close game besides optimization absolutely atrocious constant stuttering another known issue never patched worst optimized game i have ever played even community fix
206210737,76561199181527357,205,11,2745,0,en,a HOOD classic! also bloober killed it on the remake can't wait to see how they tackle silent hill 1.,1759949635,1759949635,True,5,0,0.5690416693687438,True,False,hood classic also bloober killed remake cant wait see tackle silent hill,hood classic also bloober killed remake cannot wait see tackle silent hill
205720505,76561198099274185,1908,320,1345,359,en,"Pretty good. Graphics, gameplay and voice are all great. Faithful to OG. But, it has some severe bugs and performance problems that can stop you from progressing.",1759436584,1760562355,True,3,0,0.5625,False,False,pretty good graphic gameplay voice great faithful og severe bug performance problem stop progressing,pretty good graphic gameplay voice great faithful og severe bug performance problem stop progressing
205051623,76561198027149997,252,2,1915,0,en,Silent Hell 2 - It's amazing for the first 5 minutes until you get to that town - you know the town FPS/Lag/Stutter CITY Population Probably 95% of everyone who owns/plays this game. Now that being said my two systems I played through are i9/32GB/4070m and i7/48GB/4070s - both ran about the same with the classic open the item menu/pause the game and you get 100% GPU use this must be an new feature from Nvidia trying to bring back the days of the 400 series cards - Thing's it does right well it isn't a Desktop Simulator A+++ - It actually fully supports PS5 DS controller - If you have OCD/constantly want to have to adjust some setting because it all the sudden is having frame rate issues in the same area this game is for you! In all seriousness if you made it this far - WAIT FOR IT TO BE ON SALE!,1758655976,1758655976,False,4,2,0.5557039976119995,True,False,silent hell amazing first minute get town know town fpslagstutter city population probably everyone ownsplays game said two system played igbm igbs ran classic open item menupause game get gpu use must new feature nvidia trying bring back day series card thing right well isnt desktop simulator actually fully support p d controller ocdconstantly want adjust setting sudden frame rate issue area game seriousness made far wait sale,silent hell amazing first minute get town know town fpslagstutter city population probably everyone ownsplays game said two system played igbm igbs ran classic open item menupause game get gpu use must new feature nvidia trying bring back day series card thing right well isnt desktop simulator actually fully support p d controller ocdconstantly want adjust setting sudden frame rate issue area game seriousness made far wait sale
206285489,76561199000566282,0,6,841,469,en,"I haven't played a game in my life that had this atmosphere, horror games don't really scare me but this one did, the sound design is 10/10, its a masterpiece in horror and generally a chilling experience, I cant think of anything that comes close to this, so good, horrifyingly good.",1760039678,1760040120,True,5,0,0.5454545617103576,True,False,havent played game life atmosphere horror game dont really scare one sound design masterpiece horror generally chilling experience cant think anything come close good horrifyingly good,havent played game life atmosphere horror game do not really scare one sound design masterpiece horror generally chilling experience cannot think anything come close good horrifyingly good
206953266,76561198958647687,66,7,1797,1105,en,"It is the first game that i replayed right after the first playthrough. I didn't play original, but saw same comparison and wow, what i beautifull remake. I thought that my second run will be less scary, but i was absolute wrong. It is even scarier knowing all the story and how it ends. Thanks to Bloober Team for this remake, we see that passion and tribute to the original one",1760732714,1760732714,True,2,0,0.5435684919357299,True,False,first game replayed right first playthrough didnt play original saw comparison wow beautifull remake thought second run less scary absolute wrong even scarier knowing story end thanks bloober team remake see passion tribute original one,first game replayed right first playthrough didnt play original saw comparison wow beautifull remake thought second run less scary absolute wrong even scarier knowing story end thanks bloober team remake see passion tribute original one
206213508,76561198027102438,1363,164,1417,0,en,"In short - Awesome, awesome, awesome remake to the awesome SH classing, and finally some breathe of life to the franchise.   ✅ Pros + Bloober Team respects original source material and enhances it greatly. + This has everything that made SH2 great and improving pretty much everything that can be improved without hurting the original magic: Better combat, better graphics, better voice acting, awesome soundtrack + Great scared, eerie tone and psychological fear + Can easily be a strong entry point for newbies to Silent Hill or survival horror games. + Difficulty feels fair and balanced while still challenging, on Normal (Action\Puzzles) + There's puzzles difficultly and combat difficulty, yay!  ⚖️ If that's your thing: +/- Classic Survival Horror games can at many times feel like closed doors simulator, and the remake doesn't so anything to change this (Which I personally didn't expect or mind) +/- Combat is greatly improved but still feels clunky, in a genre-fitting way I believe +/- Linear and relatively short (As pretty much most SH games)  ❌ Cons None!   Longer version no one reads:  I'm finishing this game with a sigh of relief, as looks like at least for the time being, Silent Hill is back on track.  After having played and loved almost all main Silent Hill games (Besides Downpour, on which I didn't get my hands on yet) (And yeah, I loved even Homecoming!), Seemed Silent Hill went dead forever, and then we got.... Well, Silent Hill Ascension, which was.... Ugh, let's not get into it. But then we got THIS.  I was expecting the remake for a long time, and having also played and enjoyed The Medium by Bloober I also had faith they'd do a good job, but still had doubts as their previous games weren't so much action oriented.  I guess making a remake is somewhat easier in that case as they didn't have to create something completely anew but more of re-doing some already existing powerful source material. While I'm not that hardcore fan which completed every SH 20 times - I've only completed the original once, and that was many years ago, so I cannot point out all the differences etc. Still in my honest opinion, I feel Bloober did a perfect job in this one - much respect to the source material, they're really managed to capture the magic and horror of the original game, preserving what worked and improving everything that could be improved - The soundtrack remains loyal to the original with some musical overhaul from time to time (which I liked). The new voice overs work well and capture the eeriness and weirdness of the original characters. Graphics are obviously overhauled and look modern and pretty darn good (and scary!). Script and story remained mostly (if not completely) the same as far as I can remember, which is a good thing. Combat is greatly improved and feels mostly great, while still keeping that survival-horror awkwardness (which some may feel is a ""bug"" and some a ""feature"", but I think it serves the game just right). I think some puzzles were replaced but I've enjoyed the whole experienced on Normal from beginning to an end. Quality of scares does not fall short from original game and there's just the right balance between jump scares and some freaking psychological fear (Oh and that damn limbs monster got me squeaking every time!)  I feel this game can also serve as a great entry point for newcomers to both Silent Hill and\or Survival Horror, this is truly a modern version capturing all the best things about Silent Hill, in my opinion. I can see why some might prefer a more Resident-Evil-ish direction when SH games can sometimes feel like closed doors simulator, but hey, isn't that part of Survival Horroring?  Already expecting to play Silent Hill F although not by same dev, but seems it's doing pretty well by the reviews, and mainly I'm very happy having some attention and actual resources going towards this series, and very hopeful we'll keep seeing some more quality stuff from the franchise (And I wouldn't mind another remake as well (=;  ) ",1759952303,1759952303,True,2,0,0.5435684919357299,True,False,short awesome awesome awesome remake awesome sh classing finally breathe life franchise pro bloober team respect original source material enhances greatly everything made sh great improving pretty much everything improved without hurting original magic better combat better graphic better voice acting awesome soundtrack great scared eerie tone psychological fear easily strong entry point newbie silent hill survival horror game difficulty feel fair balanced still challenging normal actionpuzzles there puzzle difficultly combat difficulty yay thats thing classic survival horror game many time feel like closed door simulator remake doesnt anything change personally didnt expect mind combat greatly improved still feel clunky genrefitting way believe linear relatively short pretty much sh game con none longer version one read im finishing game sigh relief look like least time silent hill back track played loved almost main silent hill game besides downpour didnt get hand yet yeah loved even homecoming seemed silent hill went dead forever got well silent hill ascension ugh let get got expecting remake long time also played enjoyed medium bloober also faith theyd good job still doubt previous game werent much action oriented guess making remake somewhat easier case didnt create something completely anew redoing already existing powerful source material im hardcore fan completed every sh time ive completed original many year ago point difference etc still honest opinion feel bloober perfect job one much respect source material theyre really managed capture magic horror original game preserving worked improving everything could improved soundtrack remains loyal original musical overhaul time time liked new voice over work well capture eeriness weirdness original character graphic obviously overhauled look modern pretty darn good scary script story remained mostly completely far remember good thing combat greatly improved feel mostly great still keeping survivalhorror awkwardness may feel bug feature think serf game right think puzzle replaced ive enjoyed whole experienced normal beginning end quality scare fall short original game there right balance jump scare freaking psychological fear oh damn limb monster got squeaking every time feel game also serve great entry point newcomer silent hill andor survival horror truly modern version capturing best thing silent hill opinion see might prefer residentevilish direction sh game sometimes feel like closed door simulator hey isnt part survival horroring already expecting play silent hill f although dev seems pretty well review mainly im happy attention actual resource going towards series hopeful well keep seeing quality stuff franchise wouldnt mind another remake well,short awesome awesome awesome remake awesome sh classing finally breathe life franchise pro bloober team respect original source material enhances greatly everything made sh great improving pretty much everything improved without hurting original magic better combat better graphic better voice acting awesome soundtrack great scared eerie tone psychological fear easily strong entry point newbie silent hill survival horror game difficulty feel fair balanced still challenging normal actionpuzzles there puzzle difficultly combat difficulty yay thats thing classic survival horror game many time feel like closed door simulator remake doesnt anything change personally didnt expect mind combat greatly improved still feel clunky genrefitting way believe linear relatively short pretty much sh game con none longer version one read i am finishing game sigh relief look like least time silent hill back track played loved almost main silent hill game besides downpour didnt get hand yet yeah loved even homecoming seemed silent hill went dead forever got well silent hill ascension ugh let get got expecting remake long time also played enjoyed medium bloober also faith theyd good job still doubt previous game werent much action oriented guess making remake somewhat easier case didnt create something completely anew redoing already existing powerful source material i am hardcore fan completed every sh time i have completed original many year ago point difference etc still honest opinion feel bloober perfect job one much respect source material theyre really managed capture magic horror original game preserving worked improving everything could improved soundtrack remains loyal original musical overhaul time time liked new voice over work well capture eeriness weirdness original character graphic obviously overhauled look modern pretty darn good scary script story remained mostly completely far remember good thing combat greatly improved feel mostly great still keeping survivalhorror awkwardness may feel bug feature think serf game right think puzzle replaced i have enjoyed whole experienced normal beginning end quality scare fall short original game there right balance jump scare freaking psychological fear oh damn limb monster got squeaking every time feel game also serve great entry point newcomer silent hill andor survival horror truly modern version capturing best thing silent hill opinion see might prefer residentevilish direction sh game sometimes feel like closed door simulator hey isnt part survival horroring already expecting play silent hill f although dev seems pretty well review mainly i am happy attention actual resource going towards series hopeful well keep seeing quality stuff franchise wouldnt mind another remake well
205677427,76561198055630944,219,94,1537,0,en,"I beat this a little while back, it's a great game. I don't think it's super replayable personally just because I feel like it's a game that's more about the experience than it is about the gameplay itself. As the game itself is very basic and barebones but the atmosphere is incredible and the story kinda relies on you not knowing what's going on.  Don't go in here expecting Resident Evil. Go in here expecting more of an atmospheric exploration game, and it excels at that extremely well.",1759395176,1759395176,True,2,0,0.5435684919357299,True,False,beat little back great game dont think super replayable personally feel like game thats experience gameplay game basic barebones atmosphere incredible story kinda relies knowing whats going dont go expecting resident evil go expecting atmospheric exploration game excels extremely well,beat little back great game do not think super replayable personally feel like game thats experience gameplay game basic barebones atmosphere incredible story kinda relies knowing whats going do not go expecting resident evil go expecting atmospheric exploration game excels extremely well
204673048,76561198832710287,198,37,871,0,en,this game has the worst performance issues ive ever seen but just get the fps fix mod. game is awesome i was genuinely scared for the first 5 hours til i grew hair on my nuts and raced to the end. great story and the game is a classic for a reason. ,1758259103,1758259103,True,2,0,0.5435684919357299,False,False,game worst performance issue ive ever seen get fps fix mod game awesome genuinely scared first hour til grew hair nut raced end great story game classic reason,game worst performance issue i have ever seen get fps fix mod game awesome genuinely scared first hour til grew hair nut raced end great story game classic reason
205141145,76561197984387499,0,28,1517,0,en,"I’ve been stuck in my own version of Silent Hill. Regret, guilt, and memories I’d rather not look at. This game didn’t fix that. But it reminded me that it’s okay to leave — not to run, but to heal. You can sit with your pain, learn from it, and still move forward.  [i]Silent Hill isn’t just a place. It’s what happens when you can’t forgive yourself.[/i] And maybe, like James, I’m starting to find my way out.",1758771792,1758771792,True,2,0,0.5416666865348815,True,False,ive stuck version silent hill regret guilt memory id rather look game didnt fix reminded okay leave run heal sit pain learn still move forward isilent hill isnt place happens cant forgive yourselfi maybe like james im starting find way,i have stuck version silent hill regret guilt memory id rather look game didnt fix reminded okay leave run heal sit pain learn still move forward isilent hill isnt place happens cannot forgive yourselfi maybe like james i am starting find way
206877828,76561198453072915,0,1,4421,428,en,"Konami actually saved a franchise they left in the dust. Should've won GOTY imho. Beautiful graphics, expanded upon lore, improved mechanics. Please lord keep bloober team for future remakes....",1760643747,1760643747,True,2,0,0.5410748124122619,False,False,konami actually saved franchise left dust shouldve goty imho beautiful graphic expanded upon lore improved mechanic please lord keep bloober team future remake,konami actually saved franchise left dust shouldve goty imho beautiful graphic expanded upon lore improved mechanic please lord keep bloober team future remake
205131801,76561199693084588,64,4,993,0,en,Need a bigger brain to understand this game. only thing i understood was i was getting my ass beaten by weird ass creatures  and that i have to find my wife  but after watching the explanation video i have to say  i really enjoyed this game!  8/10,1758758837,1758758837,True,4,0,0.5400788187980651,True,False,need bigger brain understand game thing understood getting as beaten weird as creature find wife watching explanation video say really enjoyed game,need bigger brain understand game thing understood getting as beaten weird as creature find wife watching explanation video say really enjoyed game
205575529,76561198079609072,0,218,2358,0,en,"All that for James Sunderland to be a piece of shit, lol. But hey, nothing beats the atmosphere of this game, or the soundtrack for that matter. I will probably continue to play it. The complete 1:1 of the Stanley Hotel was incredible, that brought a massive weird wave across me when I realized. You should play this game so many years later if you haven't yet, like me!",1759269694,1759269694,True,3,0,0.5391368269920349,True,False,james sunderland piece shit lol hey nothing beat atmosphere game soundtrack matter probably continue play complete stanley hotel incredible brought massive weird wave across realized play game many year later havent yet like,james sunderland piece shit laughing out loud hey nothing beat atmosphere game soundtrack matter probably continue play complete stanley hotel incredible brought massive weird wave across realized play game many year later havent yet like
206707760,76561198905637631,0,186,1013,1013,en,"I consider the original Silent Hill 2 to be a masterpiece. So, what does it mean if I like the remake even more? It adds so much more to the game and the story. So far, every change has been a nice surprise and kept things true to the original while also refreshing the experience, making it feel new. They did a solid job, legitimately. I still have the end of the labyrinth and the hotel left. However, I'm pretty sure it's going to playout magnificently.",1760446159,1760446159,True,2,0,0.5310834646224974,True,False,consider original silent hill masterpiece mean like remake even add much game story far every change nice surprise kept thing true original also refreshing experience making feel new solid job legitimately still end labyrinth hotel left however im pretty sure going playout magnificently,consider original silent hill masterpiece mean like remake even add much game story far every change nice surprise kept thing true original also refreshing experience making feel new solid job legitimately still end labyrinth hotel left however i am pretty sure going playout magnificently
205151775,76561198963216536,0,3,1688,0,en,"I have played the original Silent Hill 2 and to be honest, this remake of a classic is pretty damn good, ESPECIALLY considering that the this games development team, Bloober Team, had a bad record of making ACTUALLY GOOD horror games.  It's is a miracle that they didn't fuck this up, THANK GOD. Normally, due to my about 10 years worth of experience as a gamer, 70€ for a game is a bit too much to ask. But since this is a remake of a cult classic, AND it's a miracle that they didn't butcher this game SOMEHOW, I'd say 70€ for this game is deserved.",1758789443,1758789443,True,1,0,0.5275590419769287,True,False,played original silent hill honest remake classic pretty damn good especially considering game development team bloober team bad record making actually good horror game miracle didnt fuck thank god normally due year worth experience gamer game bit much ask since remake cult classic miracle didnt butcher game somehow id say game deserved,played original silent hill honest remake classic pretty damn good especially considering game development team bloober team bad record making actually good horror game miracle didnt fuck thank god normally due year worth experience gamer game bit much ask since remake cult classic miracle didnt butcher game somehow id say game deserved
205122645,76561198309435993,194,17,3676,872,en,"Perfect. Just perfect. The storyline is mind-blowing, and the sound design is pure genius — it sends chills down your spine. I honestly wish I could erase my memories just to play it again and sink back into that atmosphere of loneliness and anxiety.  Huge respect to the team that brought this masterpiece to life.",1758747530,1758747876,True,2,0,0.5260769128799438,True,False,perfect perfect storyline mindblowing sound design pure genius sends chill spine honestly wish could erase memory play sink back atmosphere loneliness anxiety huge respect team brought masterpiece life,perfect perfect storyline mindblowing sound design pure genius sends chill spine honestly wish could erase memory play sink back atmosphere loneliness anxiety huge respect team brought masterpiece life
206739250,76561199019600227,0,2,1609,0,en,"for a remake this game runs great and is honestly is a step up from the original, buy on sale only",1760474495,1760474495,True,1,0,0.5238095521926879,True,False,remake game run great honestly step original buy sale,remake game run great honestly step original buy sale
206598266,76561198167434287,0,122,1000,617,en,"Easily one of the best horror games I've played in a while. The pace, the game loop, graphics, sound, story and environments. It's the right amount of scary without being stressful. Not too forgiving with resources, yet generous enough. Puzzles are fun. Fighting mechanics are intuitive.  I've been a fan of horror games since the first Resident Evil came out. But for some reason I just could not get into Silent Hill, despite being such a popular franchise. And it was not because I didn't want it, but because circumstances never let it happen.  It was until the PS3 era when I first got to play one: Silent Hill Homecoming. While that game is universally hated, it was my first Silent Hill and I found it to be an amazing horror game. The only negatives I could find was the bad controls and overall performance, which was not very good.  I don't feel that this game is that different in terms of content, but just the fact that it is very well polished and the graphics have been improved, make it a much more enjoyable experience.  I don't have much to say in terms of lore and such because this is my second Silent Hill, and my first mainline title. Compared to the only Silent Hill I've played before, it feels like it follows the same formula (I know I'll get destroyed by SH fans for saying this).  I never expected to enjoy it as much as I have. I don't think I can find any negatives about this game. Even performance has been solid. No crashes, stuttering, FPS dips, etc. Maxed out graphics, 1440p, RT on, 120fps. And it plays great with a generic Xbox One controller.",1760315532,1760315532,True,1,0,0.5238095521926879,True,False,easily one best horror game ive played pace game loop graphic sound story environment right amount scary without stressful forgiving resource yet generous enough puzzle fun fighting mechanic intuitive ive fan horror game since first resident evil came reason could get silent hill despite popular franchise didnt want circumstance never let happen p era first got play one silent hill homecoming game universally hated first silent hill found amazing horror game negative could find bad control overall performance good dont feel game different term content fact well polished graphic improved make much enjoyable experience dont much say term lore second silent hill first mainline title compared silent hill ive played feel like follows formula know ill get destroyed sh fan saying never expected enjoy much dont think find negative game even performance solid crash stuttering fps dip etc maxed graphic p rt fps play great generic xbox one controller,easily one best horror game i have played pace game loop graphic sound story environment right amount scary without stressful forgiving resource yet generous enough puzzle fun fighting mechanic intuitive i have fan horror game since first resident evil came reason could get silent hill despite popular franchise didnt want circumstance never let happen p era first got play one silent hill homecoming game universally hated first silent hill found amazing horror game negative could find bad control overall performance good do not feel game different term content fact well polished graphic improved make much enjoyable experience do not much say term lore second silent hill first mainline title compared silent hill i have played feel like follows formula know ill get destroyed sh fan saying never expected enjoy much do not think find negative game even performance solid crash stuttering fps dip etc maxed graphic p rt fps play great generic xbox one controller
206588045,76561199175878406,0,7,1095,1095,en,"Kesinlikle tavsiye ederim. Beni çok sürükledi. Yayında oynayacak oyun arıyordum ve uzun zamandır aklımda olan bu oyunu artık oynama vaktimin geldiğini düşündüm ve oynadım. Tadını çıkarmak istiyorsanız zor seviyede oynayın. Bence en iyi korku oyunu olabilir. Hikayesi ve müzikleri çok hoş.  I definitely recommend it. It really captivated me. I was looking for a game to play on stream, and I decided it was time to play this game, which I'd been thinking about for a while, so I did. If you want to enjoy it, play it on the hard difficulty setting. I think it might be the best horror game out there. The story and music are lovely.",1760304639,1760304639,True,1,0,0.5238095521926879,True,False,kesinlikle tavsiye ederim beni ok srkledi yaynda oynayacak oyun aryordum uzun zamandr aklmda olan bu oyunu artk oynama vaktimin geldiini dndm oynadm tadn karmak istiyorsanz zor seviyede oynayn bence en iyi korku oyunu olabilir hikayesi mzikleri ok ho definitely recommend really captivated looking game play stream decided time play game id thinking want enjoy play hard difficulty setting think might best horror game story music lovely,kesinlikle tavsiye ederim beni ok srkledi yaynda oynayacak oyun aryordum uzun zamandr aklmda olan bu oyunu artk oynama vaktimin geldiini dndm oynadm tadn karmak istiyorsanz zor seviyede oynayn bence en iyi korku oyunu olabilir hikayesi mzikleri ok ho definitely recommend really captivated looking game play stream decided time play game id thinking want enjoy play hard difficulty setting think might best horror game story music lovely
206262482,76561198083171336,587,15,1029,104,en,"The atmosphere in Silent Hill 2 is impeccable, everything feels intentional and even the smaller moments leave an impact. A fantastic remake that has made one of my favourite franchises more accessible to new audiences.",1760020084,1760020084,True,1,0,0.5238095521926879,True,False,atmosphere silent hill impeccable everything feel intentional even smaller moment leave impact fantastic remake made one favourite franchise accessible new audience,atmosphere silent hill impeccable everything feel intentional even smaller moment leave impact fantastic remake made one favourite franchise accessible new audience
206084020,76561198176108946,88,5,1103,0,en,Haven’t been able to stop thinking about this damn game since I finished it.  Sad I’ll never get to experience it for the first time again,1759800893,1759800893,True,1,0,0.5238095521926879,False,False,havent able stop thinking damn game since finished sad ill never get experience first time,havent able stop thinking damn game since finished sad ill never get experience first time
206058507,76561198982336551,66,26,2814,2700,en,"SH 2 is one of the games i so hardly waited to play, ever since i got it i've been following this very emotionant story. Now since i started it by 2 days already, i feared the puzzles very much but after challenging myself on hard there's a huge chance you will love them as i do.  So besides the game is a super W Remake and game overall, im super happy that it allows me to heat up my room very perfectly by idling in a cozy area from the game",1759775004,1759775004,True,1,0,0.5238095521926879,False,True,sh one game hardly waited play ever since got ive following emotionant story since started day already feared puzzle much challenging hard there huge chance love besides game super w remake game overall im super happy allows heat room perfectly idling cozy area game,sh one game hardly waited play ever since got i have following emotionant story since started day already feared puzzle much challenging hard there huge chance love besides game super w remake game overall i am super happy allows heat room perfectly idling cozy area game
205826107,76561199113798670,159,6,2509,0,en,"Genuinely one of the best games I've ever played. The soundtrack has an amazing way of blending in perfectly with the atmosphere of every scene and even on my second play through I still get jumpscared by the mannequins hiding behind corners sometimes lmao. I think each section of this game is amazingly structured and enjoyable to play (except the prison. I hate you prison..) I'd also say that once you get used to the combat, it really doesn't feel all that challenging most of the time (at least on normal difficulty) and it can be pretty satisfying dodging things correctly and beating the crap out of enemies with a pipe. I cannot recommend this game enough, please play it if you like horror!!",1759551570,1759551570,True,1,0,0.5238095521926879,True,False,genuinely one best game ive ever played soundtrack amazing way blending perfectly atmosphere every scene even second play still get jumpscared mannequin hiding behind corner sometimes lmao think section game amazingly structured enjoyable play except prison hate prison id also say get used combat really doesnt feel challenging time least normal difficulty pretty satisfying dodging thing correctly beating crap enemy pipe recommend game enough please play like horror,genuinely one best game i have ever played soundtrack amazing way blending perfectly atmosphere every scene even second play still get jumpscared mannequin hiding behind corner sometimes lmao think section game amazingly structured enjoyable play except prison hate prison id also say get used combat really doesnt feel challenging time least normal difficulty pretty satisfying dodging thing correctly beating crap enemy pipe recommend game enough please play like horror
205775294,76561198271850638,544,24,1114,0,en,"have not played the original as of writing this but this version is a turbo banger. an incredibly atmospheric game that genuinely really frightened me at times, helped by the amazing score and unsettling sound design. the story is also very interesting, despite knowing the main twist, it was fun to unravel it as i went through the game. combat feels very good and has some nice weight to it and in terms of the actual levels i thought they were all super fun to go through!   i think my only real complaints would be that sometimes on keyboard you struggle to pick up items, its not a huge thing but its irritating when it happens for the whole game and then also ray tracing and frame gen kept turning on whenever i'd reopen the game and i did not appreciate that at all but i think thats it!",1759501696,1759501696,True,1,0,0.5238095521926879,True,False,played original writing version turbo banger incredibly atmospheric game genuinely really frightened time helped amazing score unsettling sound design story also interesting despite knowing main twist fun unravel went game combat feel good nice weight term actual level thought super fun go think real complaint would sometimes keyboard struggle pick item huge thing irritating happens whole game also ray tracing frame gen kept turning whenever id reopen game appreciate think thats,played original writing version turbo banger incredibly atmospheric game genuinely really frightened time helped amazing score unsettling sound design story also interesting despite knowing main twist fun unravel went game combat feel good nice weight term actual level thought super fun go think real complaint would sometimes keyboard struggle pick item huge thing irritating happens whole game also ray tracing frame gen kept turning whenever id reopen game appreciate think thats
205695562,76561198038269778,305,17,1235,0,en,"Genuinely the best survival horror game in since probably re7 imo. The game is gorgeous with RT on and the sound design might be the best in a horror game i've played. Be warned, its not a ""fun"" story nor is it really a fun game to play.   Its not a jump scare heavy type of game in the vein of visage or similar but instead it simply uses dread & suspense that doesnt go away, from the apartment section to the hospital(and beyond) it simply never really gives you a time to breath.  The combat is mostly ok with a similar feeling to RE2 remake but just alot slower in general, James isnt really the quickest character to move around or hit things with. There's not alot of enemy variation either but i think its more ok than usual since combat isnt constant(maybe except for the prison area) and while i enjoyed the combat it does drag on a bit towards the end. Healing items & ammunition might be given a bit to often tbh, i think i had around 30 heals throughout the last areas to the end of the game which made some areas & bosses very trivial and easy to fight through.  I think James is my favourite game protagonist in a long time, he is not perfect in the slightest but you cant help but you cant help but to feel sorry for the dude, he is just depressed as hell and is not having a good time throughout the game.   The only real downside is the length, i finished the game in about 14.5 hours which could have and should have been cut down a few hours(specially parts of the hospital & the labyrinth). Those areas that drag on are not bad at all but just feels a bit boring to go  through after a while(thinking of the otherworld hospital here etc).  Its a 9/10 for me and a actual must play for most people, even tho its a scary game i think the story and its themes are things people very much should experience and also talk about.",1759415441,1759415441,True,1,0,0.5238095521926879,True,False,genuinely best survival horror game since probably imo game gorgeous rt sound design might best horror game ive played warned fun story really fun game play jump scare heavy type game vein visage similar instead simply us dread suspense doesnt go away apartment section hospitaland beyond simply never really give time breath combat mostly ok similar feeling remake alot slower general james isnt really quickest character move around hit thing there alot enemy variation either think ok usual since combat isnt constantmaybe except prison area enjoyed combat drag bit towards end healing item ammunition might given bit often tbh think around heals throughout last area end game made area boss trivial easy fight think james favourite game protagonist long time perfect slightest cant help cant help feel sorry dude depressed hell good time throughout game real downside length finished game hour could cut hoursspecially part hospital labyrinth area drag bad feel bit boring go whilethinking otherworld hospital etc actual must play people even tho scary game think story theme thing people much experience also talk,genuinely best survival horror game since probably imo game gorgeous rt sound design might best horror game i have played warned fun story really fun game play jump scare heavy type game vein visage similar instead simply us dread suspense doesnt go away apartment section hospitaland beyond simply never really give time breath combat mostly ok similar feeling remake alot slower general james isnt really quickest character move around hit thing there alot enemy variation either think ok usual since combat isnt constantmaybe except prison area enjoyed combat drag bit towards end healing item ammunition might given bit often tbh think around heals throughout last area end game made area boss trivial easy fight think james favourite game protagonist long time perfect slightest cannot help cannot help feel sorry dude depressed hell good time throughout game real downside length finished game hour could cut hoursspecially part hospital labyrinth area drag bad feel bit boring go whilethinking otherworld hospital etc actual must play people even tho scary game think story theme thing people much experience also talk
205462559,76561198453098080,0,1,2703,674,en,"We need more horror games tackling themes of mental health. Silent Hill 2 isn't just an unsettling game, it's an emotional one. It's not afraid of diving into the darkest parts of the human psyche, and I felt some of these themes were something that I (and most likely others) have experienced ourselves.  The atmosphere is oppressive and suffocating, the ambience and immersion is some of the best I've experienced in a video game. This is a slow-paced game where you soak everything in and explore as much you can, with the game rewarding you for it. There are multiple endings that are entirely determined by [i]how[/i] you play. I won't get much into it, but [i]everything[/i] you do will decide which ending path you're headed towards, so keep that in mind.  The combat is satisfying and does its job. My most used weapon was a steel pipe (I prefer melee combat) and whacking down the monsters never got old. The enemies were grotesque, with the boss designs taking everything to a horrifyingly new level. I guess my only criticism is that I felt the game was a bit [i]too[/i] generous with the ammo and health supply (I like to struggle and suffer), but it doesn't take away from the game at all.  The music is just amazing. We all know how good Akira Yamaoka is at this point, I'll just leave it at that.  The voice acting is phenomenal. Luke Roberts not getting the recognition he deserved for his portrayal of James is a genuine crime. You could hear the uncertainty, hurt, confusion, frustration, trauma, in every line - it just felt [i]real[/i], with one of the endings being an all-time performance in a video game.  Anyways, I think I've gone on for long enough. I absolutely love this game - so much so that I'm planning to go for all endings and try to achieve 100%. I have Silent Hill f ready to play once I'm done and I can't wait. I'm glad Silent Hill has had a resurgence and I'm hoping they can maintain this level of quality for future games (I can't wait for the Silent Hill 1 remake).  Play this game.",1759140973,1759140973,True,1,0,0.5238095521926879,False,False,need horror game tackling theme mental health silent hill isnt unsettling game emotional one afraid diving darkest part human psyche felt theme something likely others experienced atmosphere oppressive suffocating ambience immersion best ive experienced video game slowpaced game soak everything explore much game rewarding multiple ending entirely determined ihowi play wont get much ieverythingi decide ending path youre headed towards keep mind combat satisfying job used weapon steel pipe prefer melee combat whacking monster never got old enemy grotesque bos design taking everything horrifyingly new level guess criticism felt game bit itooi generous ammo health supply like struggle suffer doesnt take away game music amazing know good akira yamaoka point ill leave voice acting phenomenal luke robert getting recognition deserved portrayal james genuine crime could hear uncertainty hurt confusion frustration trauma every line felt ireali one ending alltime performance video game anyways think ive gone long enough absolutely love game much im planning go ending try achieve silent hill f ready play im done cant wait im glad silent hill resurgence im hoping maintain level quality future game cant wait silent hill remake play game,need horror game tackling theme mental health silent hill isnt unsettling game emotional one afraid diving darkest part human psyche felt theme something likely others experienced atmosphere oppressive suffocating ambience immersion best i have experienced video game slowpaced game soak everything explore much game rewarding multiple ending entirely determined ihowi play will not get much ieverythingi decide ending path youre headed towards keep mind combat satisfying job used weapon steel pipe prefer melee combat whacking monster never got old enemy grotesque bos design taking everything horrifyingly new level guess criticism felt game bit itooi generous ammo health supply like struggle suffer doesnt take away game music amazing know good akira yamaoka point ill leave voice acting phenomenal luke robert getting recognition deserved portrayal james genuine crime could hear uncertainty hurt confusion frustration trauma every line felt ireali one ending alltime performance video game anyways think i have gone long enough absolutely love game much i am planning go ending try achieve silent hill f ready play i am done cannot wait i am glad silent hill resurgence i am hoping maintain level quality future game cannot wait silent hill remake play game
205331927,76561198185026942,0,6,1158,0,en,"Even though this remake lacks some essential qualities that make the original so fine, Silent Hill 2 Remake has its own charms and is a damn good game (both as a remake, and a [b] game[/b])",1758991711,1758991741,True,1,1,0.5238095521926879,True,False,even though remake lack essential quality make original fine silent hill remake charm damn good game remake b gameb,even though remake lack essential quality make original fine silent hill remake charm damn good game remake b gameb
205203861,76561198106782607,317,7,3575,0,en,"This game is so good, I keep coming back to it after beating it a billion times. James Sunderland my beloved <3",1758845528,1758845528,True,1,0,0.5238095521926879,True,False,game good keep coming back beating billion time james sunderland beloved,game good keep coming back beating billion time james sunderland beloved
205081449,76561198049896850,468,38,1697,0,en,"I never played the original, I normally don't even play horror games because I'm a scaredy cat, but this is one of those exceptions where the world, characters and story are just so gripping that without realizing it I was just toughing out the scares (and this game was very scary for me still).  Between being one of the best looking games I've played with the 90s mode graphics and having top notch sound design and music, the atmosphere this game creates is unrivaled.  For the story I won't spoil anything, I will just say that I am a story first person, it's by far the most important thing in a game for me. So let me tell you I didn't expect a horror game to have the most emotionally impactful ending to any game or possibly any story I've experienced. It resonated with me in ways I never would have expected and left me stunned, I actually had to walk away and lay down for a minute during the credits.   10/10 this is in my top 3 games of all time now",1758680197,1758680197,True,1,0,0.5238095521926879,False,False,never played original normally dont even play horror game im scaredy cat one exception world character story gripping without realizing toughing scare game scary still one best looking game ive played mode graphic top notch sound design music atmosphere game creates unrivaled story wont spoil anything say story first person far important thing game let tell didnt expect horror game emotionally impactful ending game possibly story ive experienced resonated way never would expected left stunned actually walk away lay minute credit top game time,never played original normally do not even play horror game i am scaredy cat one exception world character story gripping without realizing toughing scare game scary still one best looking game i have played mode graphic top notch sound design music atmosphere game creates unrivaled story will not spoil anything say story first person far important thing game let tell didnt expect horror game emotionally impactful ending game possibly story i have experienced resonated way never would expected left stunned actually walk away lay minute credit top game time
205043359,76561198178829061,0,6,1564,0,en,"One of the best horror games out there right now. This remake is an improved and modernized classic that's really worth checking out. I personally missed the original, but the remake deserves the same praise as it did. 10 out of 10.",1758648214,1758648214,True,1,0,0.5238095521926879,True,False,one best horror game right remake improved modernized classic thats really worth checking personally missed original remake deserves praise,one best horror game right remake improved modernized classic thats really worth checking personally missed original remake deserves praise
204925080,76561198193674695,0,5,2272,0,en,"This game is a classic for a reason. Imo the genius behind the illustration and presentation of how an enormous mental (and not only) trauma can affect someone's mind on multiple torturous levels, is simply mesmerizing and beautiful in a very grotesque way.   Since SH2 was a personal favorite of mine, I was really worried about this remake but I chose to ignore others' opinions and give it a try myself. And I did good because the team behind it did a great job by respecting the original material and delivering a result I can only describe as exceptional.   Some minor performance issues but nothing that couldn't be arranged with some adjustments.   For the vanilla players: ignore the hate this game gets, stay away from spoilers, enjoy it the best you can and form your own opinion.",1758515676,1758515676,True,1,0,0.5238095521926879,False,False,game classic reason imo genius behind illustration presentation enormous mental trauma affect someone mind multiple torturous level simply mesmerizing beautiful grotesque way since sh personal favorite mine really worried remake chose ignore others opinion give try good team behind great job respecting original material delivering result describe exceptional minor performance issue nothing couldnt arranged adjustment vanilla player ignore hate game get stay away spoiler enjoy best form opinion,game classic reason imo genius behind illustration presentation enormous mental trauma affect someone mind multiple torturous level simply mesmerizing beautiful grotesque way since sh personal favorite mine really worried remake chose ignore others opinion give try good team behind great job respecting original material delivering result describe exceptional minor performance issue nothing couldnt arranged adjustment vanilla player ignore hate game get stay away spoiler enjoy best form opinion
204902047,76561198090025121,263,10,1058,0,en,"An absolutely legitimate immortalization of legends.  For me, as for many, the remake is the first part of Silent Hill. I knew roughly about the series, watched the movies, but for some reason never played the games.  I couldn't find any weak aspects of this game. I liked the dark, dirty, and grim visual style. It definitely has its own beauty, especially in the way it plays with light.  The gameplay is generally within the bounds of the genre: loot things, solve puzzles, don't die. There are interesting elements such as optional interaction with the radio, which works as a locator.   The plot is definitely the strong point of this part. Since I didn't play the original, I followed the narrative closely throughout the game, and the plot is the only thing that makes you want to make your way through this world. Everything works well together and harmonizes.  I can't compare it to the original, I can't judge, I just know that the games are quite different. And I wouldn't want to. I just want to say that remakes like this grab your attention and make such works immortal.   Sincere thanks to the team for the experience. If this story is re-released in a different package with technological advances, I'll be only glad.",1758487203,1758487203,True,1,0,0.5238095521926879,True,False,absolutely legitimate immortalization legend many remake first part silent hill knew roughly series watched movie reason never played game couldnt find weak aspect game liked dark dirty grim visual style definitely beauty especially way play light gameplay generally within bound genre loot thing solve puzzle dont die interesting element optional interaction radio work locator plot definitely strong point part since didnt play original followed narrative closely throughout game plot thing make want make way world everything work well together harmonizes cant compare original cant judge know game quite different wouldnt want want say remake like grab attention make work immortal sincere thanks team experience story rereleased different package technological advance ill glad,absolutely legitimate immortalization legend many remake first part silent hill knew roughly series watched movie reason never played game couldnt find weak aspect game liked dark dirty grim visual style definitely beauty especially way play light gameplay generally within bound genre loot thing solve puzzle do not die interesting element optional interaction radio work locator plot definitely strong point part since didnt play original followed narrative closely throughout game plot thing make want make way world everything work well together harmonizes cannot compare original cannot judge know game quite different wouldnt want want say remake like grab attention make work immortal sincere thanks team experience story rereleased different package technological advance ill glad
204726095,76561199039249836,0,3,681,19,en,"I think it's a great game so far but it really needs some work on optimisation, i'm using a 3090 Ti and i got horrible stuttering and big fps drops on ultra settings",1758314348,1758314348,True,1,0,0.5238095521926879,False,False,think great game far really need work optimisation im using ti got horrible stuttering big fps drop ultra setting,think great game far really need work optimisation i am using ti got horrible stuttering big fps drop ultra setting
204659504,76561198814033423,0,18,1057,0,en,"Great game, didn't play the original one so the story was fresh and engaging. I would have liked more interactions with the other characters drawn to the town, some of the actions and consequences didn't feel as impactful as they should given how James reacts to them, but I understand the devs trying to stick as close to the original material as possible.  All in all, awesome game. Looking forward to SH:f !",1758241379,1758241379,True,1,0,0.5238095521926879,True,False,great game didnt play original one story fresh engaging would liked interaction character drawn town action consequence didnt feel impactful given james reacts understand devs trying stick close original material possible awesome game looking forward shf,great game didnt play original one story fresh engaging would liked interaction character drawn town action consequence didnt feel impactful given james reacts understand devs trying stick close original material possible awesome game looking forward shf
206339805,76561199263761025,0,1,2226,0,en,"The original game came out before I was born... and this whole time I managed to avoid any information about it. I haven't  seen the movies, I haven't watched other people's gameplay (either the original or remake). And now, after I completed the game, I do not regret it a single bit.",1760107780,1760107780,True,1,0,0.52173912525177,True,False,original game came born whole time managed avoid information havent seen movie havent watched people gameplay either original remake completed game regret single bit,original game came born whole time managed avoid information havent seen movie havent watched people gameplay either original remake completed game regret single bit
205862936,76561198402834957,246,44,1023,0,en,"This game is incredible, i really liked the OG and managed to get through it because of its silly old graphics but this one was SUCH a challenge. I was so scared, all the time, it was so creepy, and horrible AT ALL TIMES but my god was it an awesome game to play. I loved the changes from the original, it all felt so smooth and i manged to play the majority of it without a guide.   Highly recommended to anyone that likes scary games, especially with a good story.",1759589372,1759589372,True,1,0,0.52173912525177,False,False,game incredible really liked og managed get silly old graphic one challenge scared time creepy horrible time god awesome game play loved change original felt smooth manged play majority without guide highly recommended anyone like scary game especially good story,game incredible really liked og managed get silly old graphic one challenge scared time creepy horrible time god awesome game play loved change original felt smooth manged play majority without guide highly recommended anyone like scary game especially good story
204876187,76561199209112579,577,120,475,0,en,"✅ Recommended 🕒 Hours played: 8h  “A chilling and atmospheric experience that truly captures the essence of classic survival horror. The visuals and sound design are top-notch, creating constant tension and unease. However, some puzzles can feel quite confusing and not very intuitive, which might frustrate new players. Still, it’s a solid remake worth playing for its haunting story and eerie atmosphere.”",1758466666,1759764729,True,1,0,0.52173912525177,True,False,recommended hour played h chilling atmospheric experience truly capture essence classic survival horror visuals sound design topnotch creating constant tension unease however puzzle feel quite confusing intuitive might frustrate new player still solid remake worth playing haunting story eerie atmosphere,recommended hour played h chilling atmospheric experience truly capture essence classic survival horror visuals sound design topnotch creating constant tension unease however puzzle feel quite confusing intuitive might frustrate new player still solid remake worth playing haunting story eerie atmosphere
205334640,76561197992540919,0,69,1748,0,en,I love this game! It's really an experience with stand out sound design! Bloober Team did the original justice and even added to the experience in some points. And it's actually scary!,1758993965,1758993965,True,1,0,0.5215311050415039,False,False,love game really experience stand sound design bloober team original justice even added experience point actually scary,love game really experience stand sound design bloober team original justice even added experience point actually scary
205463219,76561198050134764,0,34,1325,0,en,"I'm most definitely not a fan of typical horror games - but this goes into my top 10 games of all time. The story, the writing, the imagery, all so beautiful. A must play.",1759141942,1759141942,True,1,0,0.5199999809265136,False,True,im definitely fan typical horror game go top game time story writing imagery beautiful must play,i am definitely fan typical horror game go top game time story writing imagery beautiful must play
205073164,76561198029308966,0,2,2402,0,en,Its Silent Hill 2.... It sells itself And for the gooners theres a chick with big boobs,1758669113,1758669113,True,1,0,0.5199999809265136,True,False,silent hill sell gooners there chick big boob,silent hill sell gooners there chick big boob
206478170,76561198151860949,0,82,1701,0,en,No i didn't finish it but i mean its more resident evil then silent hill. Sure James is being lured in the town and then combat is alright nothing more nothing less the puzzles are alright too. B+,1760212173,1760212173,True,1,0,0.5194805264472961,False,False,didnt finish mean resident evil silent hill sure james lured town combat alright nothing nothing less puzzle alright b,didnt finish mean resident evil silent hill sure james lured town combat alright nothing nothing less puzzle alright b
206109612,76561198122518670,356,33,1162,0,en,"Never ever have i played a better game in the horror genre than Silent Hill 2 (Remake). The psychological displeasure of this game is underlined with an atmosphere like no other. There are very few jumpscares, but the ones that actually are in the game are phenomenal. Because of this circumstance you always have to stay sharp and concentrated. But the true fact that makes this game so interesting is its unmatched ambient. Fog, noises, the people you meet, the town itself. You always ask yourself - ""whats even happening here?"" until the plot gets revealed and you do your own research afterwards, which is absolutely mindblowing once you realize the true nature of all the protagonists.  The little details are unmatched for this genre. Facial expressions, dialogue hints, metaphors - you name it. After finishing the game I was still very invested and to this day still I occasionally read lore or watch videos about the true meaning of many scenes, enemies, the main characters etc. even tho I finished the game nearly a year ago.  Combat is intense and very fair. It can feel slow at certain times, but thats exactly why fighting is so pleasurable. The enemies are terrifying, boss battles are insanely well done with great variety of attack-patterns. Puzzles are extremely smart designed. Pacing is phenomenal. The story is one of the best written stories not only in the gaming-world, but in fiction/theater/movies in general and i truly mean it.  I will 100% replay this and get a physical copy for my PS5 too.  This is in my Top 5 Games of all time, if not even higher.  Must play.  10/10",1759837378,1759837378,True,2,0,0.5172414183616638,False,True,never ever played better game horror genre silent hill remake psychological displeasure game underlined atmosphere like jumpscares one actually game phenomenal circumstance always stay sharp concentrated true fact make game interesting unmatched ambient fog noise people meet town always ask whats even happening plot get revealed research afterwards absolutely mindblowing realize true nature protagonist little detail unmatched genre facial expression dialogue hint metaphor name finishing game still invested day still occasionally read lore watch video true meaning many scene enemy main character etc even tho finished game nearly year ago combat intense fair feel slow certain time thats exactly fighting pleasurable enemy terrifying bos battle insanely well done great variety attackpatterns puzzle extremely smart designed pacing phenomenal story one best written story gamingworld fictiontheatermovies general truly mean replay get physical copy p top game time even higher must play,never ever played better game horror genre silent hill remake psychological displeasure game underlined atmosphere like jumpscares one actually game phenomenal circumstance always stay sharp concentrated true fact make game interesting unmatched ambient fog noise people meet town always ask whats even happening plot get revealed research afterwards absolutely mindblowing realize true nature protagonist little detail unmatched genre facial expression dialogue hint metaphor name finishing game still invested day still occasionally read lore watch video true meaning many scene enemy main character etc even tho finished game nearly year ago combat intense fair feel slow certain time thats exactly fighting pleasurable enemy terrifying bos battle insanely well done great variety attackpatterns puzzle extremely smart designed pacing phenomenal story one best written story gamingworld fictiontheatermovies general truly mean replay get physical copy p top game time even higher must play
205863205,76561198291827233,165,6,1065,452,en,"If Resident Evil is about surviving horror, Silent Hill 2 is about living with it. A masterpiece that reminds you the scariest place is your own mind. And meeting Pyramid Head on the roof feels like running into two old best friends :D",1759589589,1759589589,True,1,0,0.5172414183616638,False,False,resident evil surviving horror silent hill living masterpiece reminds scariest place mind meeting pyramid head roof feel like running two old best friend,resident evil surviving horror silent hill living masterpiece reminds scariest place mind meeting pyramid head roof feel like running two old best friend
206208745,76561198086613507,232,88,37,0,en,"Review after about an hour's worth of playtime, so do take with a grain of salt, folks! You SH stans are one emotional bunch, I know that much. Now, I don't know whether this is the original's fault, or if it's just the remake that's like this, but the setup of the story here is, suffice to say, formulaic enough to be the stuff of litzine anecdotes at its very best, and basically hide-under-your-chair cringeworthy at its worst, while the dialogue is worthy of the same kind of praise; rejoice, however, because the mediocrity doesn't end there! 30 FPS-capped cutscenes in 2024 in a big-money game like this? For heaven's sake, my man. Clearly, the developers of this version had an inkling they were putting out a cash cow for diehard fanboys with a nine-year-old's conception of what makes good cinematic horror - or good writing in general, but that's almost beside the point - to drool over because it's ""AAA!"" and ""a classic!"". What I [i]will[/i] concede is that I would've enjoyed it at least somewhat despite the sh♫♫tiness if turning [i]every single graphics setting to the potato-est value possible[/i] actually made it playable on a low-end RTX card (+ a CPU way more powerful than the minimum required model)... Sadly, it doesn't. Bah humbug, etc.",1759947685,1759948622,False,9,5,0.5163798928260803,True,False,review hour worth playtime take grain salt folk sh stans one emotional bunch know much dont know whether original fault remake thats like setup story suffice say formulaic enough stuff litzine anecdote best basically hideunderyourchair cringeworthy worst dialogue worthy kind praise rejoice however mediocrity doesnt end fpscapped cutscenes bigmoney game like heaven sake man clearly developer version inkling putting cash cow diehard fanboys nineyearolds conception make good cinematic horror good writing general thats almost beside point drool aaa classic iwilli concede wouldve enjoyed least somewhat despite shtiness turning ievery single graphic setting potatoest value possiblei actually made playable lowend rtx card cpu way powerful minimum required model sadly doesnt bah humbug etc,review hour worth playtime take grain salt folk sh stans one emotional bunch know much do not know whether original fault remake thats like setup story suffice say formulaic enough stuff litzine anecdote best basically hideunderyourchair cringeworthy worst dialogue worthy kind praise rejoice however mediocrity doesnt end fpscapped cutscenes bigmoney game like heaven sake man clearly developer version inkling putting cash cow diehard fanboys nineyearolds conception make good cinematic horror good writing general thats almost beside point drool aaa classic iwilli concede wouldve enjoyed least somewhat despite shtiness turning ievery single graphic setting potatoest value possiblei actually made playable lowend rtx card cpu way powerful minimum required model sadly doesnt bah humbug etc
205371255,76561198020669492,508,44,3008,0,en,I'm a gamer who enjoys game play far more than story and this is a story game.  That said it is a great and fun story game.  I enjoyed it throughout.,1759033499,1759033499,True,1,0,0.5142856836318969,False,False,im gamer enjoys game play far story story game said great fun story game enjoyed throughout,i am gamer enjoys game play far story story game said great fun story game enjoyed throughout
204685516,76561199867512332,0,2,1099,0,en,"One of the best horror games I’ve ever played. 10/10 story, 10/10 protagonist, 10/10 gameplay. The true horror of this game was discovering James Sunderland’s character. One of the best written characters in gaming as he portrays strong remorse and the attempt to escape his actions. Definitely recommend if you’re a big fan of psychological horror. Game is very intense as I’ve cried too many times playing this game.",1758277276,1758277276,True,1,0,0.5102260708808898,True,False,one best horror game ive ever played story protagonist gameplay true horror game discovering james sunderland character one best written character gaming portrays strong remorse attempt escape action definitely recommend youre big fan psychological horror game intense ive cried many time playing game,one best horror game i have ever played story protagonist gameplay true horror game discovering james sunderland character one best written character gaming portrays strong remorse attempt escape action definitely recommend youre big fan psychological horror game intense i have cried many time playing game
205763755,76561197999929263,983,68,2244,1064,en,"While the game itself is great the technical base is FUBAR.  Traversal stutter every 5 steps you take, constant crashes and bad performance.  Sadly Blooper abandoned this game :(  Buy it heavily discounted",1759491249,1759491322,False,4,0,0.5096136927604675,False,False,game great technical base fubar traversal stutter every step take constant crash bad performance sadly blooper abandoned game buy heavily discounted,game great technical base fubar traversal stutter every step take constant crash bad performance sadly blooper abandoned game buy heavily discounted
206081399,76561198081392499,0,7,1294,234,en,This is genuinely one of the best games I've ever played. Even outside of just horror I will put this game as one of the best games I have played. The story and atmosphere are incredible. As a huge RE fan I've heard the Silent Hill name a lot but never played any until I picked this up. Now I would put this above any RE game and one of my favorite games of all time.,1759798877,1759875077,True,1,0,0.5049099922180175,False,False,genuinely one best game ive ever played even outside horror put game one best game played story atmosphere incredible huge fan ive heard silent hill name lot never played picked would put game one favorite game time,genuinely one best game i have ever played even outside horror put game one best game played story atmosphere incredible huge fan i have heard silent hill name lot never played picked would put game one favorite game time
205387928,76561198091285502,0,31,3070,0,en,"Some games are made to make you feel and think more than others - Silent Hill 2 being the PERFECT example.   The characters, the plot, the soundtrack, graphics everything you can think of is done so good. It definitely made it to one of my favorite games i have played. After replaying it 3 times for all of the achievements I wouldn't even mind going for the forth replay it's just THAT good.",1759055861,1759055861,True,1,0,0.503546118736267,True,False,game made make feel think others silent hill perfect example character plot soundtrack graphic everything think done good definitely made one favorite game played replaying time achievement wouldnt even mind going forth replay good,game made make feel think others silent hill perfect example character plot soundtrack graphic everything think done good definitely made one favorite game played replaying time achievement wouldnt even mind going forth replay good
205373168,76561197970536565,0,1,1093,0,en,"Excellent game, excellent puzzles. The only problem is performance. Some stuttering, but can be mediated by reducing shadow quality. Find that running triggers a lot more stuttering than walking, likely due to streaming assets, etc.. issues. Must use DLSS to get a decent frame rate. Lock to 60 fps to prevent excessive loading of GPU, and possible reduce stutter in some areas.",1759036097,1759036097,True,1,0,0.503546118736267,False,False,excellent game excellent puzzle problem performance stuttering mediated reducing shadow quality find running trigger lot stuttering walking likely due streaming asset etc issue must use dlss get decent frame rate lock fps prevent excessive loading gpu possible reduce stutter area,excellent game excellent puzzle problem performance stuttering mediated reducing shadow quality find running trigger lot stuttering walking likely due streaming asset etc issue must use dlss get decent frame rate lock fps prevent excessive loading gpu possible reduce stutter area
205975200,76561199836919638,11,4,1469,41,en,"Honestly this is seems like the best horror game out right now overall and with  that being said i did not play the original ,but i  do understand its importance and history . In my opinion This game is a Great homage while also being a Good spot for beginners to jump into the Series!",1759688256,1759688256,True,1,0,0.503311276435852,False,False,honestly seems like best horror game right overall said play original understand importance history opinion game great homage also good spot beginner jump series,honestly seems like best horror game right overall said play original understand importance history opinion game great homage also good spot beginner jump series
205972049,76561198027559640,0,7,1250,1243,en,"My first 30 minutes to play this game is so good, I know there will be more along the way throughout the story can't wait to play more, I've been playing this on my Steam Deck OLED at 60fps with Eclipse Mod and yes thanks to community to developed this optimization mod for this device. Great game, worth it.",1759686092,1759686092,True,1,0,0.503311276435852,True,False,first minute play game good know along way throughout story cant wait play ive playing steam deck oled fps eclipse mod yes thanks community developed optimization mod device great game worth,first minute play game good know along way throughout story cannot wait play i have playing steam deck oled fps eclipse mod yes thanks community developed optimization mod device great game worth
205953083,76561199161230765,123,10,1041,0,en,"Gameplay: 8/10 Story: 10/10 Characters: 10/10 Music: 8/10 Graphics: 9/10  Additional note: The game is hitting too hard to even joke about. It just causes depression, I love it.  [b]Total: 9/10[/b]",1759673212,1759673349,True,1,0,0.503311276435852,False,False,gameplay story character music graphic additional note game hitting hard even joke cause depression love btotal b,gameplay story character music graphic additional note game hitting hard even joke cause depression love btotal b
205939643,76561199012724268,0,4,1983,117,en,"Great game and even greater story. The performence leave alot more to wish for. I rate this game 8/10, if the performence had been better this game would have been a 10/10 without no doubt for sure.",1759662546,1759662546,True,1,0,0.503311276435852,True,False,great game even greater story performence leave alot wish rate game performence better game would without doubt sure,great game even greater story performence leave alot wish rate game performence better game would without doubt sure
206817140,76561198079928824,0,1,5399,767,en,"The story was very well done I enjoyed playing it. As for combat the sooner you learn to dodge and use your  melee weapon the better and you don't have to fight everybody, when you can avoid combat do so.",1760569066,1760569066,True,1,0,0.503188133239746,False,False,story well done enjoyed playing combat sooner learn dodge use melee weapon better dont fight everybody avoid combat,story well done enjoyed playing combat sooner learn dodge use melee weapon better do not fight everybody avoid combat
205759953,76561199195911125,165,9,1357,16,en,"One of the CUNTIEST horror games i have ever played, dont be a pussy and play the game. I recommend 10000000/10000000",1759486983,1759486983,True,1,0,0.50202077627182,False,False,one cuntiest horror game ever played dont pussy play game recommend,one cuntiest horror game ever played do not pussy play game recommend
205023894,76561198271556796,317,13,1575,0,en,Great remake to one of the best stories in gaming I have played all of the silent hill games a bunch of times cant wait for the next remake from this developer.   Ps This game is not woke and will never be so for people saying that get a life.,1758630276,1758630276,True,1,0,0.50202077627182,False,False,great remake one best story gaming played silent hill game bunch time cant wait next remake developer p game woke never people saying get life,great remake one best story gaming played silent hill game bunch time cannot wait next remake developer p game woke never people saying get life
205501890,76561198211985740,210,13,2205,36,en,"Amazing. I had lots of fun playing and I will definitely go for more endings + achievement hunting. Loved the atmosphere, music, characters, story, graphics, combat, puzzles... Everything basically. I never played the original PS2 game but now I know I need to.  The only thing that really impacted my experience negatively was Unreal Engine 5 crashing. I didn’t count exactly, but I would estimate it crashed about 30 times. I expected a fresh, high-end 2025 setup would handle modern games smoothly. A few crashes are tolerable, but having at least one every session (I usually play for 2-3 hours per sitting) starts to feel a bit ridiculous. I love how UE5 games look but performance simply sucks.",1759182760,1759182760,True,1,0,0.5012722611427307,True,False,amazing lot fun playing definitely go ending achievement hunting loved atmosphere music character story graphic combat puzzle everything basically never played original p game know need thing really impacted experience negatively unreal engine crashing didnt count exactly would estimate crashed time expected fresh highend setup would handle modern game smoothly crash tolerable least one every session usually play hour per sitting start feel bit ridiculous love ue game look performance simply suck,amazing lot fun playing definitely go ending achievement hunting loved atmosphere music character story graphic combat puzzle everything basically never played original p game know need thing really impacted experience negatively unreal engine crashing didnt count exactly would estimate crashed time expected fresh highend setup would handle modern game smoothly crash tolerable least one every session usually play hour per sitting start feel bit ridiculous love ue game look performance simply suck
207049014,76561198175899679,0,7,4026,615,en,"It's a great game overall. Although, no matter how low i put the settings it always had parts where it would drop down to 2fps for like 15 seconds.",1760830982,1760830982,True,0,0,0.5,False,False,great game overall although matter low put setting always part would drop fps like second,great game overall although matter low put setting always part would drop fps like second
207045556,76561198046520186,0,8,1464,482,en,"This game gave me nightmares and is the horror game that has jumpscared me the most. Smooth gameplay on behalf of the remake, an incredibly thick and heavy atmosphere (along with an amazing OST), characters full of depth, trauma, turmoil, and grief with a narrative and world that leaves a lot to sink your teeth into, both for this game and the entire world of Silent Hill.  A must play for anyone with even a hint of interest in survival horror and a very strong recommend for anyone with any interest for this game that isn't usually a fan of the genre, it is an incredible game and an incredible piece of media.",1760826958,1760826958,True,0,0,0.5,False,True,game gave nightmare horror game jumpscared smooth gameplay behalf remake incredibly thick heavy atmosphere along amazing ost character full depth trauma turmoil grief narrative world leaf lot sink teeth game entire world silent hill must play anyone even hint interest survival horror strong recommend anyone interest game isnt usually fan genre incredible game incredible piece medium,game gave nightmare horror game jumpscared smooth gameplay behalf remake incredibly thick heavy atmosphere along amazing ost character full depth trauma turmoil grief narrative world leaf lot sink teeth game entire world silent hill must play anyone even hint interest survival horror strong recommend anyone interest game isnt usually fan genre incredible game incredible piece medium
207005295,76561198039825952,0,8,1800,600,en,"I never played the original so cannot comment there but this is a very linear game although I didn't mind that since the story is very good, they have got the atmosphere right and the game game looks really nice visually. The only thing that taints the experience is the technical side, the obvious UE5 stutter, especially traversable stutter which becomes annoying at times, why do we always have to deal with this on UE5 games.... HDR looked too washed out for me in the early stages with the fog but the later indoor areas it looks great. I didn't really see the benefit of ray tracing given the performance cost so I didn't bother with it.  In all an enjoyable experience.",1760793153,1760793153,True,0,0,0.5,False,False,never played original comment linear game although didnt mind since story good got atmosphere right game game look really nice visually thing taint experience technical side obvious ue stutter especially traversable stutter becomes annoying time always deal ue game hdr looked washed early stage fog later indoor area look great didnt really see benefit ray tracing given performance cost didnt bother enjoyable experience,never played original comment linear game although didnt mind since story good got atmosphere right game game look really nice visually thing taint experience technical side obvious ue stutter especially traversable stutter becomes annoying time always deal ue game hdr looked washed early stage fog later indoor area look great didnt really see benefit ray tracing given performance cost didnt bother enjoyable experience
206992221,76561199638852839,0,2,1295,1184,en,"going into this remake blind, not playing the original. i thoroughly enjoyed my experience. Story was great, combat was tense at times and the atmosphere was chilling. the game didn't run too smoothly at first with the fog of UE5, but worth getting past.",1760780106,1760780106,True,0,0,0.5,False,False,going remake blind playing original thoroughly enjoyed experience story great combat tense time atmosphere chilling game didnt run smoothly first fog ue worth getting past,going remake blind playing original thoroughly enjoyed experience story great combat tense time atmosphere chilling game didnt run smoothly first fog ue worth getting past
206978651,76561198175592905,0,7,810,372,en,"Silent Hill has always been one of my favorite series, with Shattered Memories being my favorite. Just as I enjoyed the original Silent Hill 2, I loved and adore this remaster. I am hoping that these remasters and new additions will draw people to the series. Enjoy the scares.",1760762866,1760762866,True,0,0,0.5,False,False,silent hill always one favorite series shattered memory favorite enjoyed original silent hill loved adore remaster hoping remasters new addition draw people series enjoy scare,silent hill always one favorite series shattered memory favorite enjoyed original silent hill loved adore remaster hoping remasters new addition draw people series enjoy scare
206965318,76561198066788185,725,21,585,585,en,"I played the original when it came out, but I was very young and couldnt really progress much through the game. I'm surprised by how immersive, detailed and photorealistic this game is. It's scary as fuck, story is amazing, mysterious and gripping so far. Puzzles are very rewarding, and well crafted. Can't wait to finish it.",1760746120,1760746120,True,0,0,0.5,False,False,played original came young couldnt really progress much game im surprised immersive detailed photorealistic game scary fuck story amazing mysterious gripping far puzzle rewarding well crafted cant wait finish,played original came young couldnt really progress much game i am surprised immersive detailed photorealistic game scary fuck story amazing mysterious gripping far puzzle rewarding well crafted cannot wait finish
206906275,76561198102527726,375,56,1518,958,en,Great game had to replay it since i have not touched a silent hill game since the ps1 days was a great game kept me on my toes would recommend to anyone that played the old school silent hill games 8.5/10,1760681568,1760681568,True,0,0,0.5,True,False,great game replay since touched silent hill game since p day great game kept toe would recommend anyone played old school silent hill game,great game replay since touched silent hill game since p day great game kept toe would recommend anyone played old school silent hill game
206905921,76561199004849695,287,20,1313,1011,en,One of the few games in existence that make use of the format in truly brilliant ways. It is good art.,1760680985,1760680985,True,0,0,0.5,False,False,one game existence make use format truly brilliant way good art,one game existence make use format truly brilliant way good art
206901988,76561197998113551,0,4,3849,529,en,"It's my birthday. Here I am all alone, I finished it after putting it off for so long. Just like the original, it made me cry. This isn't just a game, for me it's therapy.",1760674388,1760674388,True,0,0,0.5,True,False,birthday alone finished putting long like original made cry isnt game therapy,birthday alone finished putting long like original made cry isnt game therapy
206894074,76561199768552865,0,8,1368,1050,en,"One Of The Greatest Games i've Played so far , Great Graphics , Story , Depth. Definitely In Top Game",1760662742,1760662742,True,0,0,0.5,True,False,one greatest game ive played far great graphic story depth definitely top game,one greatest game i have played far great graphic story depth definitely top game
206887589,76561199002210552,40,3,712,548,en,"if you are looking for a game to scare you, this is it. Its a game that messes with your brain with its atmosphere. So if you are looking for a good horror game, this is it.",1760653930,1760653930,True,0,0,0.5,False,False,looking game scare game mess brain atmosphere looking good horror game,looking game scare game mess brain atmosphere looking good horror game
206869028,76561198980643601,0,14,2936,680,en,"I have spent many hours on this game, and it IS really good, however for anyone who may see this I want you to know that if you play in New Game+, you CANNOT collect the final document if you're trying to get them all. Weird flaw in the game.",1760635628,1760635628,True,0,0,0.5,True,False,spent many hour game really good however anyone may see want know play new game collect final document youre trying get weird flaw game,spent many hour game really good however anyone may see want know play new game collect final document youre trying get weird flaw game
206848430,76561198046570291,371,6,1207,0,en,"This game is so good I love it to bits. The story, ambience, voice acting, characters, gameplay, music/sound, atmosphere and enemies everything just hits where you want it to. It's creepy and geniuenly terrying at times but the story keeps you going. I don't think there will ever be a game that can convey the same emotions the way silent hill 2 can",1760616062,1760616062,True,0,0,0.5,False,False,game good love bit story ambience voice acting character gameplay musicsound atmosphere enemy everything hit want creepy geniuenly terrying time story keep going dont think ever game convey emotion way silent hill,game good love bit story ambience voice acting character gameplay musicsound atmosphere enemy everything hit want creepy geniuenly terrying time story keep going do not think ever game convey emotion way silent hill
206840033,76561199200059404,0,25,1515,0,en,This is if Split Fiction was a horror game. Amazing symbolisim and scary asf. Only gripe is that it runs like shit without upscaling.,1760604314,1760604314,True,0,0,0.5,False,False,split fiction horror game amazing symbolisim scary asf gripe run like shit without upscaling,split fiction horror game amazing symbolisim scary asf gripe run like shit without upscaling
206837340,76561198154486075,1194,19,1487,1487,en,"A remake of one of the greatest survival horror games of all time and it sticks every landing. The voice acting and facial animations are incredible, combat is improved, the graphics are incredible. Other than the Unreal stutter issues this game is brilliant in every capacity. I cannot express enough how much the original meant to younger me, and this game reminds me of why this series is so special.",1760600150,1760600150,True,0,0,0.5,False,False,remake one greatest survival horror game time stick every landing voice acting facial animation incredible combat improved graphic incredible unreal stutter issue game brilliant every capacity express enough much original meant younger game reminds series special,remake one greatest survival horror game time stick every landing voice acting facial animation incredible combat improved graphic incredible unreal stutter issue game brilliant every capacity express enough much original meant younger game reminds series special
206835746,76561198831912234,74,3,1481,47,en,"I haven't finished the game yet, but every time I open it at to play it's a unique experience, it is like having one of those lucid dreams. The game is creepy, but for me is not just about it, the nostalgic feeling, the mystery, the fear of the unknown makes this a complete masterpiece. As someone who played the original version back in the day and even cried during some moments, this remake is perfect, it transmit the same feeling as the original but BETTER, a great example of what a remake should be, improve grafics, physics, interaction, etc. It also changes some courses that is fair with the original, making some scenes unexpected, this is what a remake should be. The silent hill 2 original is great and this studio Bloober Team brought us the opportunity to revive this experience in the most sweet way that no studio has been able to. It's great in every sence.",1760597264,1760597264,True,0,0,0.5,True,False,havent finished game yet every time open play unique experience like one lucid dream game creepy nostalgic feeling mystery fear unknown make complete masterpiece someone played original version back day even cried moment remake perfect transmit feeling original better great example remake improve grafics physic interaction etc also change course fair original making scene unexpected remake silent hill original great studio bloober team brought u opportunity revive experience sweet way studio able great every sence,havent finished game yet every time open play unique experience like one lucid dream game creepy nostalgic feeling mystery fear unknown make complete masterpiece someone played original version back day even cried moment remake perfect transmit feeling original better great example remake improve grafics physic interaction etc also change course fair original making scene unexpected remake silent hill original great studio bloober team brought you opportunity revive experience sweet way studio able great every sence
206835741,76561198279832356,273,106,2062,1018,en,"One of the best remakes of all time! This game understand the original so well and expands upon everything that made the original so great. Everything in this game was so perfectly crafted to make this one of the scariest, atmosphereic, emotional games I have ever played. For me it stands alongside it's original as one of the best horror games of all time! 10/10 Silent Hill is back and it's hit it's peak again!",1760597254,1760597254,True,0,0,0.5,True,False,one best remake time game understand original well expands upon everything made original great everything game perfectly crafted make one scariest atmosphereic emotional game ever played stand alongside original one best horror game time silent hill back hit peak,one best remake time game understand original well expands upon everything made original great everything game perfectly crafted make one scariest atmosphereic emotional game ever played stand alongside original one best horror game time silent hill back hit peak
206832804,76561198045858869,0,24,2378,2254,en,"My first experience with SH2.  I never played the original, but a friend of mine who had, gave this remake a huge thumbs up.  Definitely play with lights off and headphones on, unless you're chicken like me and play it with all the lights on, TV speakers, and have a comedy podcast playing on my phone!  Fantastic port with great gameplay, terrific story and beautiful graphics.  I can't recc this game enough!",1760592079,1760592079,True,0,0,0.5,False,False,first experience sh never played original friend mine gave remake huge thumb definitely play light headphone unless youre chicken like play light tv speaker comedy podcast playing phone fantastic port great gameplay terrific story beautiful graphic cant recc game enough,first experience sh never played original friend mine gave remake huge thumb definitely play light headphone unless youre chicken like play light tv speaker comedy podcast playing phone fantastic port great gameplay terrific story beautiful graphic cannot recc game enough
206822448,76561198168203059,0,100,3120,698,en,"Hauntingly beautiful.  Silent Hill 2 is gorgeous in the most terrifying way possible. I mean, it is scary: the whole journey, guaranteed to be over 12 hours long on a first run, is a long, slow descent into the depths of a post-industrial hell made of rusted metal, bloodied cloth, deformed enemies, and non-euclidean geography. A sizeable portion of my enjoyment of this game lay in its aesthetics, and holy hell, did it deliver. Floors lead to empty voids, interior ceilings may or may not exist, Silent Hill itself turns inside-out and adopts the appearance of machinery's interiors, and claustrophobia reigns supreme. Whether in the [spoiler]normal town[/spoiler] and its desolate, sinister, isolating aura, or the [spoiler]Otherworld[/spoiler] and its oppressive, screeching, decaying premise, the modern visuals never failed to disappoint.  At the same time, Silent Hill 2 is a captivating sight to behold: the story is utterly captivating and compelling, and seeing James Sunderland's slog through his rotting iron purgatory, replete with guilt, punishment, and cruel metaphors, will be hard for me to forget. From Half-Life 2 to Resident Evil 4 to Spec Ops: The Line, I've always loved the long, nearly-unbroken journey across a vast space, learning more about the characters as they overcome greater trials, and SH2 is no exception. Never played the original, so I can't say how accurate or faithful it is, but it doesn't really matter that much to me. The underlying themes of [spoiler]guilt, trauma, and active repression of memories over an atrocious but darkly-understandable action in the face of watching a loved one slowly die with no hope for a cure[/spoiler] is a series off raw gut-punches, wrought with disturbing visual metaphors in the environmental, enemy, and atmospheric design.  The realistic aspects of Silent Hill 2 were well-received; the voice acting and dialogue stayed perfectly believable, and the acting itself was excellent throughout. Every character was memorable: James and Pyramid Head for obvious reasons, but Maria's, Eddie's, and Laura's performances gave the game a perfectly surreal and unsettling atmosphere. Combat isn't particularly hard if you're good at resource management, but on the hardest difficulty, it's not easy either. Preserving bullets and medical supplies is crucial, but if you're diligent with melee, saving up a few dozen bullets or so is entirely doable. They'll be needed during boss fights. Puzzles aren't hard either, but if they're not your thing, the experience of walking back and forth between rooms to find trinkets for hours won't be overly fun. This game is a masterpiece to me, though, and a gold-standard remake of a classic psychological horror game that's guaranteed to stick around in a player's brain for years.",1760576421,1760576421,True,0,0,0.5,False,False,hauntingly beautiful silent hill gorgeous terrifying way possible mean scary whole journey guaranteed hour long first run long slow descent depth postindustrial hell made rusted metal bloodied cloth deformed enemy noneuclidean geography sizeable portion enjoyment game lay aesthetic holy hell deliver floor lead empty void interior ceiling may may exist silent hill turn insideout adopts appearance machinery interior claustrophobia reign supreme whether spoilernormal townspoiler desolate sinister isolating aura spoilerotherworldspoiler oppressive screeching decaying premise modern visuals never failed disappoint time silent hill captivating sight behold story utterly captivating compelling seeing james sunderland slog rotting iron purgatory replete guilt punishment cruel metaphor hard forget halflife resident evil spec ops line ive always loved long nearlyunbroken journey across vast space learning character overcome greater trial sh exception never played original cant say accurate faithful doesnt really matter much underlying theme spoilerguilt trauma active repression memory atrocious darklyunderstandable action face watching loved one slowly die hope curespoiler series raw gutpunches wrought disturbing visual metaphor environmental enemy atmospheric design realistic aspect silent hill wellreceived voice acting dialogue stayed perfectly believable acting excellent throughout every character memorable james pyramid head obvious reason maria eddy lauras performance gave game perfectly surreal unsettling atmosphere combat isnt particularly hard youre good resource management hardest difficulty easy either preserving bullet medical supply crucial youre diligent melee saving dozen bullet entirely doable theyll needed bos fight puzzle arent hard either theyre thing experience walking back forth room find trinket hour wont overly fun game masterpiece though goldstandard remake classic psychological horror game thats guaranteed stick around player brain year,hauntingly beautiful silent hill gorgeous terrifying way possible mean scary whole journey guaranteed hour long first run long slow descent depth postindustrial hell made rusted metal bloodied cloth deformed enemy noneuclidean geography sizeable portion enjoyment game lay aesthetic holy hell deliver floor lead empty void interior ceiling may may exist silent hill turn insideout adopts appearance machinery interior claustrophobia reign supreme whether spoilernormal townspoiler desolate sinister isolating aura spoilerotherworldspoiler oppressive screeching decaying premise modern visuals never failed disappoint time silent hill captivating sight behold story utterly captivating compelling seeing james sunderland slog rotting iron purgatory replete guilt punishment cruel metaphor hard forget halflife resident evil spec ops line i have always loved long nearlyunbroken journey across vast space learning character overcome greater trial sh exception never played original cannot say accurate faithful doesnt really matter much underlying theme spoilerguilt trauma active repression memory atrocious darklyunderstandable action face watching loved one slowly die hope curespoiler series raw gutpunches wrought disturbing visual metaphor environmental enemy atmospheric design realistic aspect silent hill wellreceived voice acting dialogue stayed perfectly believable acting excellent throughout every character memorable james pyramid head obvious reason maria eddy lauras performance gave game perfectly surreal unsettling atmosphere combat isnt particularly hard youre good resource management hardest difficulty easy either preserving bullet medical supply crucial youre diligent melee saving dozen bullet entirely doable theyll needed bos fight puzzle arent hard either theyre thing experience walking back forth room find trinket hour will not overly fun game masterpiece though goldstandard remake classic psychological horror game thats guaranteed stick around player brain year
206788353,76561198123041464,0,2,2035,543,en,Masterpiece   Played just about every horror game out there nothing comes close.,1760541027,1760541027,True,0,0,0.5,False,False,masterpiece played every horror game nothing come close,masterpiece played every horror game nothing come close
206768273,76561198060628833,0,1,218,218,en,"I have 4070 ti super, and Stuttering is so horrible it's unplayable. Even if I cap it to 60fps it's still the same. It's so unfortunate because the game itself is amazing. And it looks like they don't give a shit to fix it.",1760515928,1760515928,False,0,0,0.5,True,False,ti super stuttering horrible unplayable even cap fps still unfortunate game amazing look like dont give shit fix,ti super stuttering horrible unplayable even cap fps still unfortunate game amazing look like do not give shit fix
206767232,76561198829898409,0,11,1569,0,en,"I adored this game, the graphics are beautiful and the atmosphere is all consuming. Not to mention how much I am infatuated with Mary Sunderland. I have not played the original so I cannot speak or the remake's accuracy but I very much enjoyed it. James is a piece of shit though haha",1760514097,1760514097,True,0,0,0.5,True,False,adored game graphic beautiful atmosphere consuming mention much infatuated mary sunderland played original speak remake accuracy much enjoyed james piece shit though haha,adored game graphic beautiful atmosphere consuming mention much infatuated mary sunderland played original speak remake accuracy much enjoyed james piece shit though haha
206755984,76561198200204891,523,88,1332,0,en,"I am so glad this remake exists. I never had the chance to play the original SH2, and while I'm sure it's not quite the same as how original fans remember, for me, this was a haunting, extremely memorable experience. The modernized graphics and gameplay manage to remain unsettling while making the game more accessible for an audience of today. I feel like I now understand a part of horror game history, and I will definitely play it again sometime.",1760495209,1760495209,True,0,0,0.5,True,False,glad remake exists never chance play original sh im sure quite original fan remember haunting extremely memorable experience modernized graphic gameplay manage remain unsettling making game accessible audience today feel like understand part horror game history definitely play sometime,glad remake exists never chance play original sh i am sure quite original fan remember haunting extremely memorable experience modernized graphic gameplay manage remain unsettling making game accessible audience today feel like understand part horror game history definitely play sometime
206751629,76561199079570785,232,8,2773,0,en,"Finally understood why I liked this! It's just like SIGNALIS: your wife is dead and you need to find her [corpse]. But before that - kill a horde of zombies and solve dozens upon dozens of puzzles. But honestly? I enjoyed the music, the atmosphere, all the countless rooms with their unique interiors, really scary enemies, the architecture of the city (like the inner yard of that apartment building with the chute). I don't think I was too much into all of the symbolism of things, but there is also so much about the game outside the game. Like its own world where you could immerse if you want to revisit that part of you that you left in it the time you finished the game. I also liked the chainsaw in new game plus! But only for a little while, as it rendered all enemies helpless. And this game isn't what it is when you can kill all your enemies instantly. I also liked that moment where she said ""LoOost?"", but I didn't like that I had to wash my pants so often because of all those freaking mannequins and they are something completely different let me tell you that. But I also think that this game had some problems with pacing and sometimes it felt like a chore finding your way around the next apartment building, hospital, hotel or whatever. It was a great experience as a whole! Also, I'm not good at such games and do things slowly because I find every detail important, which usually isn't important at all. And so maybe you'd find enemies aren't as strong as I did. Also, I remember I finished it some time around new year's eve, and so it has a special place in my memory like a small refuge that I escaped into during winter holidays. Also, I loved that moment in GmanLives' review where he said Silent Hill isn't a kind of place you want to be in, and one another random video that is about James regretting nothing. Peace!",1760489223,1760489223,True,0,0,0.5,True,False,finally understood liked like signalis wife dead need find corpse kill horde zombie solve dozen upon dozen puzzle honestly enjoyed music atmosphere countless room unique interior really scary enemy architecture city like inner yard apartment building chute dont think much symbolism thing also much game outside game like world could immerse want revisit part left time finished game also liked chainsaw new game plus little rendered enemy helpless game isnt kill enemy instantly also liked moment said looost didnt like wash pant often freaking mannequin something completely different let tell also think game problem pacing sometimes felt like chore finding way around next apartment building hospital hotel whatever great experience whole also im good game thing slowly find every detail important usually isnt important maybe youd find enemy arent strong also remember finished time around new year eve special place memory like small refuge escaped winter holiday also loved moment gmanlives review said silent hill isnt kind place want one another random video james regretting nothing peace,finally understood liked like signalis wife dead need find corpse kill horde zombie solve dozen upon dozen puzzle honestly enjoyed music atmosphere countless room unique interior really scary enemy architecture city like inner yard apartment building chute do not think much symbolism thing also much game outside game like world could immerse want revisit part left time finished game also liked chainsaw new game plus little rendered enemy helpless game isnt kill enemy instantly also liked moment said looost didnt like wash pant often freaking mannequin something completely different let tell also think game problem pacing sometimes felt like chore finding way around next apartment building hospital hotel whatever great experience whole also i am good game thing slowly find every detail important usually isnt important maybe youd find enemy arent strong also remember finished time around new year eve special place memory like small refuge escaped winter holiday also loved moment gmanlives review said silent hill isnt kind place want one another random video james regretting nothing peace
206745434,76561198093529102,213,3,2356,964,en,"Fantastic fucking game.  You'll want to fire up New Game+ once you finish it for the first time.  It will have you bashing enemies one second then running in terror the next. The graphics and details in the world are great. You'll meet characters with stories of their own. I've haven't played the original, but this remake it top tier.",1760481256,1760481256,True,0,0,0.5,False,False,fantastic fucking game youll want fire new game finish first time bashing enemy one second running terror next graphic detail world great youll meet character story ive havent played original remake top tier,fantastic fucking game youll want fire new game finish first time bashing enemy one second running terror next graphic detail world great youll meet character story i have havent played original remake top tier
206724830,76561198994788685,0,1,821,699,en,"Where do I even start. This game is magnificent, the vibe, the meaning, the characters, the horror, and the small key details to look back upon. Truly a masterpiece, I have never felt so many feelings in a video game before. The way it can just make you feel terrified and curious at the same time is insane.",1760461292,1760461292,True,0,0,0.5,True,False,even start game magnificent vibe meaning character horror small key detail look back upon truly masterpiece never felt many feeling video game way make feel terrified curious time insane,even start game magnificent vibe meaning character horror small key detail look back upon truly masterpiece never felt many feeling video game way make feel terrified curious time insane
206722793,76561198336169872,0,12,1540,1540,en,"“A haunting story about grief, love, and truth.”  I love everything about this game, it's deeply emotional journey wrapped in mystery and dead. What makes it special is how the story isn't laid out for the player, it slowly unfolds piece by piece, never rushing to give answers. At first everything may feel confusing and unsettling, but every step you take reveal just a bit more of the truth behind the story.  Beneath all the terrifying atmosphere lies a surprisingly beautiful tragic love story. The game explores grief, guilt and love in a way that feels warm and heartfelt. By the time you reach the ending, everything clicks into place with an incredible reveal that can completely change the way the player views the journey.  What makes Silent Hill 2 unforgettable is how personal it feels. it makes you feel the weight of its story. It’s sad, it’s beautiful, and it stays with you long after the credits roll.",1760459392,1760459392,True,0,0,0.5,True,False,haunting story grief love truth love everything game deeply emotional journey wrapped mystery dead make special story isnt laid player slowly unfolds piece piece never rushing give answer first everything may feel confusing unsettling every step take reveal bit truth behind story beneath terrifying atmosphere lie surprisingly beautiful tragic love story game explores grief guilt love way feel warm heartfelt time reach ending everything click place incredible reveal completely change way player view journey make silent hill unforgettable personal feel make feel weight story sad beautiful stay long credit roll,haunting story grief love truth love everything game deeply emotional journey wrapped mystery dead make special story isnt laid player slowly unfolds piece piece never rushing give answer first everything may feel confusing unsettling every step take reveal bit truth behind story beneath terrifying atmosphere lie surprisingly beautiful tragic love story game explores grief guilt love way feel warm heartfelt time reach ending everything click place incredible reveal completely change way player view journey make silent hill unforgettable personal feel make feel weight story sad beautiful stay long credit roll
206722282,76561198140399168,176,27,3423,248,en,"Currently playing the original and I can't believe people are saying the original is better, since I only ever played the first one and not this one I'm not so nostalgic for the original and can confidently say this is the definitive version of the game and the best way to experience the story. The pacing is far better, the puzzles are cooler, the atmosphere is 10 times as scary and unsettling, the voice acting and dialogue is so much better, there's gonna be about three times as much gameplay time than the original coming in blind, the graphics are stunning, although poorly optimised which is about the only bad thing I can think of about this game. This is one of the few games I could confidently rate 10/10, it's actually a masterpiece.",1760458937,1760458937,True,0,0,0.5,False,False,currently playing original cant believe people saying original better since ever played first one one im nostalgic original confidently say definitive version game best way experience story pacing far better puzzle cooler atmosphere time scary unsettling voice acting dialogue much better there gon na three time much gameplay time original coming blind graphic stunning although poorly optimised bad thing think game one game could confidently rate actually masterpiece,currently playing original cannot believe people saying original better since ever played first one one i am nostalgic original confidently say definitive version game best way experience story pacing far better puzzle cooler atmosphere time scary unsettling voice acting dialogue much better there gon na three time much gameplay time original coming blind graphic stunning although poorly optimised bad thing think game one game could confidently rate actually masterpiece
206718527,76561198035136001,284,13,1024,583,en,"it is a perfect game, and I mean that in the most literal sense. I can't think of a bad thing.",1760455678,1760455678,True,0,0,0.5,True,False,perfect game mean literal sense cant think bad thing,perfect game mean literal sense cannot think bad thing
206704307,76561199437341499,0,4,4654,0,en,"My rig: Ryzen 7800x3D, Asus Tuf  4090. Running  the game at max settings, native 1440, locked 60fps.  One of my all time favorites, For me this game is near perfect, looks great, sounds great, plays great. If I had to nitpick I would say I feel the game pacing drags on towards the end. Not a big deal really.",1760442195,1760442195,True,0,0,0.5,True,False,rig ryzen xd asus tuf running game max setting native locked fps one time favorite game near perfect look great sound great play great nitpick would say feel game pacing drag towards end big deal really,rig ryzen xd asus tuf running game max setting native locked fps one time favorite game near perfect look great sound great play great nitpick would say feel game pacing drag towards end big deal really
206677677,76561198251171284,37,19,1310,0,en,"The atmosphere in this game is incredible, from the fog to the disgusting monsters, making it feel like you are actually in sillent hill. I enjoyed the mystery in the story and how we slowly figure out whats actually happening in this town.",1760403587,1760403587,True,0,0,0.5,False,False,atmosphere game incredible fog disgusting monster making feel like actually sillent hill enjoyed mystery story slowly figure whats actually happening town,atmosphere game incredible fog disgusting monster making feel like actually sillent hill enjoyed mystery story slowly figure whats actually happening town
206670106,76561198331189736,0,208,738,59,en,"It's pretty good, I guess. The original is better, and I'm not just saying that to be an elitist snob who thinks that anything new is automatically bad, it's just that the original was far more unique and stylized, it felt like something I've never played before and it kept my attention over the entire runtime to my surprise. The remake hits all the same plot points with greatly refined controls and beautiful graphics, but I can't help but feel like something's been lost. It fails to hold my attention like the original did, it feels like something I've played a million times before, it misses the dreamlike atmosphere and feeling of creativity that the original had. I'm recommending it because others will probably enjoy it, but much like the RE4 remake, it feels like the original game with all of the stylistic and creative elements sanded down to appeal to a broader audience.",1760394451,1760394451,True,0,0,0.5,False,False,pretty good guess original better im saying elitist snob think anything new automatically bad original far unique stylized felt like something ive never played kept attention entire runtime surprise remake hit plot point greatly refined control beautiful graphic cant help feel like somethings lost fails hold attention like original feel like something ive played million time miss dreamlike atmosphere feeling creativity original im recommending others probably enjoy much like remake feel like original game stylistic creative element sanded appeal broader audience,pretty good guess original better i am saying elitist snob think anything new automatically bad original far unique stylized felt like something i have never played kept attention entire runtime surprise remake hit plot point greatly refined control beautiful graphic cannot help feel like somethings lost fails hold attention like original feel like something i have played million time miss dreamlike atmosphere feeling creativity original i am recommending others probably enjoy much like remake feel like original game stylistic creative element sanded appeal broader audience
206666572,76561199414588351,0,5,1278,1074,en,"3/5 love the original, this game was great UNTIL the prison,labyrinth and final Lakeview hotel. My gosh what an endless chore backtracking and finding all the keys etc. very disappointing, they padded this game by 6hrs. Go w the og if you can find it",1760390853,1760390853,True,0,0,0.5,False,False,love original game great prisonlabyrinth final lakeview hotel gosh endless chore backtracking finding key etc disappointing padded game hr go w og find,love original game great prisonlabyrinth final lakeview hotel gosh endless chore backtracking finding key etc disappointing padded game hr go w og find
206662105,76561199369205430,0,4,4516,231,en,"it's 95% the same of what i loved about the original, and is twice as fun to play 9.6/10",1760386792,1760386792,True,0,0,0.5,False,False,loved original twice fun play,loved original twice fun play
206653160,76561197982784664,0,43,2798,2814,en,"While I dont think the game is quite as good as the majority of the reviews on Steam it's still a very good game. It is very atmospheric, has a nostalgic tone, wonderful music and is an excellent horror survival game for the most. However the game is perhaps somewhat too long and becomes repetitive towards the end and some of the puzzles - of which there are a lot- are far-fetched.",1760379577,1760379577,True,0,0,0.5,True,False,dont think game quite good majority review steam still good game atmospheric nostalgic tone wonderful music excellent horror survival game however game perhaps somewhat long becomes repetitive towards end puzzle lot farfetched,do not think game quite good majority review steam still good game atmospheric nostalgic tone wonderful music excellent horror survival game however game perhaps somewhat long becomes repetitive towards end puzzle lot farfetched
206652635,76561199218848837,0,4,955,955,en,playing the game spoiler free and experiencing this story for the first time is definitely worth the price. highly recommend it to anyone that has not played Silent Hill before,1760379165,1760379165,True,0,0,0.5,True,False,playing game spoiler free experiencing story first time definitely worth price highly recommend anyone played silent hill,playing game spoiler free experiencing story first time definitely worth price highly recommend anyone played silent hill
206616756,76561198004580848,0,8,1206,8,en,"A remake that not only captures the spirit of the original, but actually improves on it.",1760341248,1760341248,True,0,0,0.5,False,False,remake capture spirit original actually improves,remake capture spirit original actually improves
206608585,76561198004532444,0,3,697,484,en,So scary. Gameplay takes a little getting used to because it isn't as dynamic as most modern games but it is a story game about atmosphere and the action is there for immersion and some skin in the game literally.,1760328617,1760328617,True,0,0,0.5,True,False,scary gameplay take little getting used isnt dynamic modern game story game atmosphere action immersion skin game literally,scary gameplay take little getting used isnt dynamic modern game story game atmosphere action immersion skin game literally
206606402,76561199142585298,0,23,1920,300,en,"This game is amazing! This is definitely one of the best horror games I have ever played. It has an amazing story one of the best stories ever in a video game I have seen, I mean if you really start digging deep and go back to play the game you'll some references like in the abstract daddy boss arena, pyramid head, the dialogue everything down to the environment was specially crafted with some great scares but more importantly to relay a message. Doesn't mean it's perfect though my only complaint is the repetitive cycle to it; mostly, enter location, find puzzle, find puzzle pieces through different sections of the area, put it together, chase or boss or big HOLE, then rinse and repeat, it gets a little stale sometimes but I think areas like Lakeview Hotel especially after Tolka Prison and Labyrinth was really refreshing. Overall you should definitely play this game if you are even some what intrigued for this game is a must play.",1760325743,1760325743,True,0,0,0.5,True,False,game amazing definitely one best horror game ever played amazing story one best story ever video game seen mean really start digging deep go back play game youll reference like abstract daddy bos arena pyramid head dialogue everything environment specially crafted great scare importantly relay message doesnt mean perfect though complaint repetitive cycle mostly enter location find puzzle find puzzle piece different section area put together chase bos big hole rinse repeat get little stale sometimes think area like lakeview hotel especially tolka prison labyrinth really refreshing overall definitely play game even intrigued game must play,game amazing definitely one best horror game ever played amazing story one best story ever video game seen mean really start digging deep go back play game youll reference like abstract daddy bos arena pyramid head dialogue everything environment specially crafted great scare importantly relay message doesnt mean perfect though complaint repetitive cycle mostly enter location find puzzle find puzzle piece different section area put together chase bos big hole rinse repeat get little stale sometimes think area like lakeview hotel especially tolka prison labyrinth really refreshing overall definitely play game even intrigued game must play
206597152,76561198969782582,60,19,1802,1477,en,"Fantastic remake, very beautiful, very fun. But it could never replace the original <3",1760314223,1760314223,True,0,0,0.5,True,False,fantastic remake beautiful fun could never replace original,fantastic remake beautiful fun could never replace original
206576260,76561198006719960,0,24,1106,157,en,"Playing Silent Hill 2 Remake on PC felt like stepping into a nightmare I didn’t want to wake from. The graphics are absolutely stunning—every foggy street and decaying hallway looks disturbingly real. I kept stopping just to take it all in, even when I knew something awful was lurking nearby.  Combat surprised me. It’s intense and nerve-wracking in the best way. Every encounter feels like a fight for survival, especially when ammo runs low and you’re forced to rely on whatever’s in reach. The sound design makes it even worse—in a good way. The ambient noise, the music, the way monsters groan and shuffle—it all got under my skin.  But what really stuck with me was the story. James’s journey is still one of the most haunting and emotionally raw narratives I’ve ever played. It doesn’t just scare you—it makes you think. I found myself reflecting on guilt, grief, and denial long after I shut the game off. That said, I’m really hoping they release the Born From A Wish DLC soon. Maria’s story adds so much depth, and without it, her character feels incomplete. I want to see her side of things—her pain, her motives.  All in all, this remake was incredible. It’s beautiful, terrifying, and deeply human.",1760295446,1760295446,True,0,0,0.5,True,False,playing silent hill remake pc felt like stepping nightmare didnt want wake graphic absolutely stunningevery foggy street decaying hallway look disturbingly real kept stopping take even knew something awful lurking nearby combat surprised intense nervewracking best way every encounter feel like fight survival especially ammo run low youre forced rely whatevers reach sound design make even worsein good way ambient noise music way monster groan shuffleit got skin really stuck story james journey still one haunting emotionally raw narrative ive ever played doesnt scare youit make think found reflecting guilt grief denial long shut game said im really hoping release born wish dlc soon maria story add much depth without character feel incomplete want see side thingsher pain motif remake incredible beautiful terrifying deeply human,playing silent hill remake pc felt like stepping nightmare didnt want wake graphic absolutely stunningevery foggy street decaying hallway look disturbingly real kept stopping take even knew something awful lurking nearby combat surprised intense nervewracking best way every encounter feel like fight survival especially ammo run low youre forced rely whatevers reach sound design make even worsein good way ambient noise music way monster groan shuffleit got skin really stuck story james journey still one haunting emotionally raw narrative i have ever played doesnt scare youit make think found reflecting guilt grief denial long shut game said i am really hoping release born wish dlc soon maria story add much depth without character feel incomplete want see side thingsher pain motif remake incredible beautiful terrifying deeply human
206559859,76561198059568679,823,79,2499,550,en,"Game of the Year, definitely, at least for me. Yeah, there are some small issues, but this story, this atmosphere - it always makes me happy and cry. So, yes, its beautiful game, its a peace of art! I wish i could visit Silent Hill one day...",1760283984,1760283984,True,0,0,0.5,False,False,game year definitely least yeah small issue story atmosphere always make happy cry yes beautiful game peace art wish could visit silent hill one day,game year definitely least yeah small issue story atmosphere always make happy cry yes beautiful game peace art wish could visit silent hill one day
206526070,76561198068240255,501,50,2126,94,en,soundtrack is godly. gameplay is simple but effective. graphics look good. story is disturbing. perfect horror game!,1760258437,1760258437,True,0,0,0.5,False,False,soundtrack godly gameplay simple effective graphic look good story disturbing perfect horror game,soundtrack godly gameplay simple effective graphic look good story disturbing perfect horror game
206511914,76561199024749677,56,3,1683,346,en,"Best horror game of 2024 (past 2 decades), you doing yourself a disservice not playing it. Check to see if you can at least get 60 fps playing this game ( with at least med shadows)",1760243820,1760243820,True,0,0,0.5,True,False,best horror game past decade disservice playing check see least get fps playing game least med shadow,best horror game past decade disservice playing check see least get fps playing game least med shadow
206480583,76561198119708536,0,34,3088,0,en,"The Silent Hill 2 remake truly reinforces the fact that video games can be a work of art. This game kept me engaged in so many avenues that I'd forgotten a video game could have me so emotionally invested in what was happening on screen. Luke Roberts performance here really brought emotional depth and impact that damn near brought me to tears. Bloober team did an amazing job of taking an old classic horror and expanding on its strengths, making something old fans and new could experience from a new perspective. I would consider this game a modern all time classic, definitely one of my favorite releases in the past ten years.",1760213948,1760213948,True,0,0,0.5,True,False,silent hill remake truly reinforces fact video game work art game kept engaged many avenue id forgotten video game could emotionally invested happening screen luke robert performance really brought emotional depth impact damn near brought tear bloober team amazing job taking old classic horror expanding strength making something old fan new could experience new perspective would consider game modern time classic definitely one favorite release past ten year,silent hill remake truly reinforces fact video game work art game kept engaged many avenue id forgotten video game could emotionally invested happening screen luke robert performance really brought emotional depth impact damn near brought tear bloober team amazing job taking old classic horror expanding strength making something old fan new could experience new perspective would consider game modern time classic definitely one favorite release past ten year
206477929,76561198045656185,0,5,1084,738,en,"Love the game, love the new re-enhanced version. Dislike the controls, and I can't change them.",1760211984,1760211984,True,0,0,0.5,True,False,love game love new reenhanced version dislike control cant change,love game love new reenhanced version dislike control cannot change
206474721,76561198044922270,0,2,4939,0,en,"Amazing job on the remake, great bosses, disturbing enemies, everything has its own meaning, and the sountrack its absolute perfection.  Both this and the original are on my top list of horror games, i already finish it like 6 times and i'm not even close to get tired of it.  Highly recommended, for both veterans and new players of the franchise.",1760209622,1760209622,True,0,0,0.5,True,False,amazing job remake great boss disturbing enemy everything meaning sountrack absolute perfection original top list horror game already finish like time im even close get tired highly recommended veteran new player franchise,amazing job remake great boss disturbing enemy everything meaning sountrack absolute perfection original top list horror game already finish like time i am even close get tired highly recommended veteran new player franchise
206459895,76561198091423748,0,3,2232,182,en,"One of those games where you play it for the first time and then never get that revelation again. Very, very well done. Game play is seldom frustrating, puzzles are decently challenging, and the way the map + level design work together is a genuine treat. Wholeheartedly recommend.",1760200095,1760200095,True,0,0,0.5,False,False,one game play first time never get revelation well done game play seldom frustrating puzzle decently challenging way map level design work together genuine treat wholeheartedly recommend,one game play first time never get revelation well done game play seldom frustrating puzzle decently challenging way map level design work together genuine treat wholeheartedly recommend
206450685,76561197971819774,0,26,2709,2158,en,"Having played through the game............. what can I say.  I played silent hill 2 when it came out. It was a masterpiece of it's time. Sure it had clunky combat and other issues but that wasn't what it was about, it was the mood, the story, James journey to self remeberence of the truth.   As for this remake........... is it a bad game? No not at all.  Is it unsilent hill like? Yes, in many ways? Yes.  I can appericate the idea of the development team adding new content, but to be honest..... god at times did it make the game just drag way too long. It is MUCH longer then the prior old game and I can't say that's one of it's positives.  Some of the best parts to me were when they STOPPED having so many god damn monsters around and just let the town be...... the TOWN. I understand wanting to improve the combat, but was it.... needed in the end? No. I felt it detracted a lot more. It felt like........ playing say RE2 Remake...... Not a Silent Hill game, and that's a problem.  Story wise....... similar..... yet different, I did enjoy the changes and the recall moments of the past game that happened from time to time. In the end it is still the same story, though a few more endings...... needed? Not really but hey whatever.  I will say I was fine with everyone's voiceovers for the most part except mary's. The ...... lines just arn't delievered the same way with the same emotion and feeling....... hurts the story honestly. I'd rather have a mod that would put back in the old voice actor.   In the end..... good game...... just not a very good...... specifically silent hill game.  The magic of team silent was lost at 4, and it's never been quite the same since.",1760194555,1760809751,True,0,0,0.4054749906063079,False,False,played game say played silent hill came masterpiece time sure clunky combat issue wasnt mood story james journey self remeberence truth remake bad game unsilent hill like yes many way yes appericate idea development team adding new content honest god time make game drag way long much longer prior old game cant say thats one positive best part stopped many god damn monster around let town town understand wanting improve combat needed end felt detracted lot felt like playing say remake silent hill game thats problem story wise similar yet different enjoy change recall moment past game happened time time end still story though ending needed really hey whatever say fine everyones voiceovers part except mary line arnt delievered way emotion feeling hurt story honestly id rather mod would put back old voice actor end good game good specifically silent hill game magic team silent lost never quite since,played game say played silent hill came masterpiece time sure clunky combat issue wasnt mood story james journey self remeberence truth remake bad game unsilent hill like yes many way yes appericate idea development team adding new content honest god time make game drag way long much longer prior old game cannot say thats one positive best part stopped many god damn monster around let town town understand wanting improve combat needed end felt detracted lot felt like playing say remake silent hill game thats problem story wise similar yet different enjoy change recall moment past game happened time time end still story though ending needed really hey whatever say fine everyones voiceovers part except mary line arnt delievered way emotion feeling hurt story honestly id rather mod would put back old voice actor end good game good specifically silent hill game magic team silent lost never quite since
206363475,76561199379621776,0,13,857,413,en,super fun and scary the music is the cherry on top love this game good story also  ,1760122533,1760122533,True,0,0,0.5,True,False,super fun scary music cherry top love game good story also,super fun scary music cherry top love game good story also
206351084,76561198067739906,317,7,1135,1094,en,"I think it's best to view this as an adaption of the original game rather than a remake. Looking through the lens of the original there is a lot I want to nitpick but ultimately I can tell they are nitpicks and so far the game is pretty great. A lot is different and a lot is still the same. It's a new way to experience the story of the game and it's great to have.  If the original game was easily available on modern platforms it'd be easy to put aside any nitpicks or gripes. As it stands it can be tedious to outright blasphemous to get a hold of and if it was ported in a similar way to the MGS Collection a lot of the salt would wash away.  Apart from that so far the game is really good from the atmosphere, characters and environments all embody the soul of the original while still feeling fresh and new.",1760115252,1760115252,True,0,0,0.5,False,False,think best view adaption original game rather remake looking lens original lot want nitpick ultimately tell nitpicks far game pretty great lot different lot still new way experience story game great original game easily available modern platform itd easy put aside nitpicks gripe stand tedious outright blasphemous get hold ported similar way mg collection lot salt would wash away apart far game really good atmosphere character environment embody soul original still feeling fresh new,think best view adaption original game rather remake looking lens original lot want nitpick ultimately tell nitpicks far game pretty great lot different lot still new way experience story game great original game easily available modern platform itd easy put aside nitpicks gripe stand tedious outright blasphemous get hold ported similar way mg collection lot salt would wash away apart far game really good atmosphere character environment embody soul original still feeling fresh new
206302722,76561197996507815,0,3,4187,25,en,Really good game! The graphics are amazing and the gameplay is perfect! 100% good buy.,1760059619,1760059619,True,0,0,0.5,True,False,really good game graphic amazing gameplay perfect good buy,really good game graphic amazing gameplay perfect good buy
206292614,76561199101917823,39,29,1298,377,en,"Very good game, it was a horror game more for my computer trying to run it at the lowest settings than for me. Amazing story and combat. Puzzles are easy tho and mostly just you running with a code to somewhere to type it. Everything else pretty good, also firstly check if you can run it, so you don't waste 70 or 80 euros.",1760046794,1760046794,True,0,0,0.5,True,False,good game horror game computer trying run lowest setting amazing story combat puzzle easy tho mostly running code somewhere type everything else pretty good also firstly check run dont waste euro,good game horror game computer trying run lowest setting amazing story combat puzzle easy tho mostly running code somewhere type everything else pretty good also firstly check run do not waste euro
206279374,76561198068303757,0,12,601,568,en,"While I do give this game a recommendation, there are a lot of issues.  Performance is kinda rough, even when running on DX11 instead of DX12, Unreal Engine is a nightmare to deal with as usual. There's a lot of balancing issues between damage taken and damage dealt. Ammo gets picked up infrequently and only in single digits, I've never picked up more than 5 rounds at one time and more often than not you pick up a single bullet. There's also no 2x or 3x for NG+ either to amend this.  Bloober Team have a left a lot of Bloober tropes in the game that feel more like solving a rubix cube in the dark while noises happen around you that don't actually mean or affect anything, and have gone out of their way to shove in their own fanfic and hammer on the memes that made the original so memorable so much that they become tiresome immediately. A visually stunning game and the best Silent Hill we've had in over a decade, no wait, the ONLY Silent Hill we've had in over a decade.",1760034388,1760034388,True,0,0,0.5,False,False,give game recommendation lot issue performance kinda rough even running dx instead dx unreal engine nightmare deal usual there lot balancing issue damage taken damage dealt ammo get picked infrequently single digit ive never picked round one time often pick single bullet there also x x ng either amend bloober team left lot bloober trope game feel like solving rubix cube dark noise happen around dont actually mean affect anything gone way shove fanfic hammer meme made original memorable much become tiresome immediately visually stunning game best silent hill weve decade wait silent hill weve decade,give game recommendation lot issue performance kinda rough even running dx instead dx unreal engine nightmare deal usual there lot balancing issue damage taken damage dealt ammo get picked infrequently single digit i have never picked round one time often pick single bullet there also x x ng either amend bloober team left lot bloober trope game feel like solving rubix cube dark noise happen around do not actually mean affect anything gone way shove fanfic hammer meme made original memorable much become tiresome immediately visually stunning game best silent hill weve decade wait silent hill weve decade
206271489,76561198797743983,0,3,1249,688,en,"Undoubtedly one of the best games ever made, with remarkable depth in its story, steeped in symbolism that haunts the soul, echoing internal conflicts, guilt, and the dark whispers of repressed desire.",1760027548,1760027548,True,0,0,0.5,True,False,undoubtedly one best game ever made remarkable depth story steeped symbolism haunt soul echoing internal conflict guilt dark whisper repressed desire,undoubtedly one best game ever made remarkable depth story steeped symbolism haunt soul echoing internal conflict guilt dark whisper repressed desire
206235100,76561198335650813,0,11,1884,1693,en,"Silent Hill 2. One of the only pieces of media that has actually made me cry. This game is perfect in every way. Like most people, I was a little bit skeptical when the game was first announced. I was hoping that the remake would not tarnish the game’s story, and boy did it absolutely NOT disappoint in the slightest. This game is an absolute fucking masterpiece in storytelling. The endings, the soundtrack, the environments, everything. I actually believe the remake is slightly better than the original only because of the improved combat. The story was already perfect to begin with, and the only criticism I could ever give the original was the janky tank controls and combat. I can’t even fault the original for that, since it was more of a produce of its time, rather than a core feature. The combat in the remake is just a straight up improvement. Same amount of resource management, but less frustrating controls. This game might seriously be the greatest video game of all time, at least when it comes to story. Please, do yourself a favor and play this game. The $70 price tag may be intimidating, but I assure you it is worth every single penny. Just be prepared to cry.",1759980228,1759980552,True,0,0,0.5,True,False,silent hill one piece medium actually made cry game perfect every way like people little bit skeptical game first announced hoping remake would tarnish game story boy absolutely disappoint slightest game absolute fucking masterpiece storytelling ending soundtrack environment everything actually believe remake slightly better original improved combat story already perfect begin criticism could ever give original janky tank control combat cant even fault original since produce time rather core feature combat remake straight improvement amount resource management less frustrating control game might seriously greatest video game time least come story please favor play game price tag may intimidating assure worth every single penny prepared cry,silent hill one piece medium actually made cry game perfect every way like people little bit skeptical game first announced hoping remake would tarnish game story boy absolutely disappoint slightest game absolute fucking masterpiece storytelling ending soundtrack environment everything actually believe remake slightly better original improved combat story already perfect begin criticism could ever give original janky tank control combat cannot even fault original since produce time rather core feature combat remake straight improvement amount resource management less frustrating control game might seriously greatest video game time least come story please favor play game price tag may intimidating assure worth every single penny prepared cry
206231712,76561199229635554,0,8,967,142,en,"Amazing game, you can choose combat and puzzle difficulty which is always nice and i gotta admit the ending actually had me emotional",1759975138,1759975138,True,0,0,0.5,True,False,amazing game choose combat puzzle difficulty always nice got ta admit ending actually emotional,amazing game choose combat puzzle difficulty always nice got ta admit ending actually emotional
206228686,76561199236540059,0,13,950,172,en,"Such an incredible remake! The atmosphere is just right, it allowed me to create a cinematic game-play series that captures the eerie essence of Silent Hill. https://youtu.be/tN3VN8JKIDE?si=zO3ECfNmn7N4m1Lh",1759970839,1759970839,True,0,0,0.5,True,False,incredible remake atmosphere right allowed create cinematic gameplay series capture eerie essence silent hill,incredible remake atmosphere right allowed create cinematic gameplay series capture eerie essence silent hill
206224840,76561198060419219,0,55,710,643,en,"This and Resident Evil 4 remake are the best two remakes, and maybe even games of all time. It's perfect.",1759965487,1760308846,True,0,0,0.5,True,False,resident evil remake best two remake maybe even game time perfect,resident evil remake best two remake maybe even game time perfect
206199909,76561198989538194,130,4,3450,631,en,"I've long wanted to play the remake of one of my favorite games. However, it so happened that I only just finished the entire playthrough - and coincidentally, I'm writing this review on its first anniversary.  Firstly, I still can't believe this game was actually released. I bought it as a way of thanking Team Silent for giving the world such a unique series of games (which, among other things, influenced me). Secondly, I realized I’d be getting a remake of the second installment as well.  It's important to note that, simply due to the unavailability of both retro consoles and original game discs, it would have been difficult for the average player to experience the originals. Now, a new generation of players unfamiliar with the series can explore a modernized version in a convenient format.  I didn't have the chance to try the original game with its authentic gameplay experience. For enthusiasts like me, the Enhanced Edition was created, immersing me in the world of Silent Hill - and with that experience in mind, I constantly compared it to the remake. And you know what? Bloober Team managed to capture almost the entirety of that same atmosphere. During my first playthrough, I couldn’t believe I was reliving the same familiar story. You experience the same emotions as before - from the ambient soundscape of the quiet town (thanks again to the incomparable Akira Yamaoka for the soundtrack) to the oppressive atmosphere of the otherworldly realm.  And indeed, knowing every plot twist didn’t make the game boring at all. On the contrary, the developers almost completely redesigned the levels, making the familiar story feel fresh again. This makes it more engaging even for seasoned players who know the original by heart. The story itself hasn’t undergone any major changes - which is good for both newcomers who want to explore this project and returning fans who simply want to immerse themselves in the same world once more.  One downside is that the game runs on Unreal Engine 5. While I’ll admit the graphics look incredible, the visuals were so demanding that the gameplay suffered from constant frame-rate drops and general instability (which was actually one of the reasons why it took me so long to complete the game). For those with slower PCs, I recommend launching the game with the parameter “-dx11.” Naturally, this disables many of the engine’s advanced features, but it ensures a much more stable experience - at least, that’s what worked for me. The choice of engine is a topic for debate, but this review isn’t about that. The most important thing is that I was able to fully enjoy the game.  In conclusion, the Silent Hill 2 Remake is exactly what it should be. It preserves the spirit and atmosphere of the original while adapting the gameplay to a modern over-the-shoulder format. This gives players a new sense of freedom when controlling James, along with redesigned level architecture and new puzzles. If the reader is faced with the choice of playing the remake instead of the original, I can only encourage that decision - because the developers have meticulously preserved the soul of the game while adapting it to modern standards.  Thank you for reading. Peace to all.",1759939388,1759939388,True,0,0,0.5,True,False,ive long wanted play remake one favorite game however happened finished entire playthrough coincidentally im writing review first anniversary firstly still cant believe game actually released bought way thanking team silent giving world unique series game among thing influenced secondly realized id getting remake second installment well important note simply due unavailability retro console original game disc would difficult average player experience original new generation player unfamiliar series explore modernized version convenient format didnt chance try original game authentic gameplay experience enthusiast like enhanced edition created immersing world silent hill experience mind constantly compared remake know bloober team managed capture almost entirety atmosphere first playthrough couldnt believe reliving familiar story experience emotion ambient soundscape quiet town thanks incomparable akira yamaoka soundtrack oppressive atmosphere otherworldly realm indeed knowing every plot twist didnt make game boring contrary developer almost completely redesigned level making familiar story feel fresh make engaging even seasoned player know original heart story hasnt undergone major change good newcomer want explore project returning fan simply want immerse world one downside game run unreal engine ill admit graphic look incredible visuals demanding gameplay suffered constant framerate drop general instability actually one reason took long complete game slower pc recommend launching game parameter dx naturally disables many engine advanced feature ensures much stable experience least thats worked choice engine topic debate review isnt important thing able fully enjoy game conclusion silent hill remake exactly preserve spirit atmosphere original adapting gameplay modern overtheshoulder format give player new sense freedom controlling james along redesigned level architecture new puzzle reader faced choice playing remake instead original encourage decision developer meticulously preserved soul game adapting modern standard thank reading peace,i have long wanted play remake one favorite game however happened finished entire playthrough coincidentally i am writing review first anniversary firstly still cannot believe game actually released bought way thanking team silent giving world unique series game among thing influenced secondly realized id getting remake second installment well important note simply due unavailability retro console original game disc would difficult average player experience original new generation player unfamiliar series explore modernized version convenient format didnt chance try original game authentic gameplay experience enthusiast like enhanced edition created immersing world silent hill experience mind constantly compared remake know bloober team managed capture almost entirety atmosphere first playthrough couldnt believe reliving familiar story experience emotion ambient soundscape quiet town thanks incomparable akira yamaoka soundtrack oppressive atmosphere otherworldly realm indeed knowing every plot twist didnt make game boring contrary developer almost completely redesigned level making familiar story feel fresh make engaging even seasoned player know original heart story hasnt undergone major change good newcomer want explore project returning fan simply want immerse world one downside game run unreal engine ill admit graphic look incredible visuals demanding gameplay suffered constant framerate drop general instability actually one reason took long complete game slower pc recommend launching game parameter dx naturally disables many engine advanced feature ensures much stable experience least thats worked choice engine topic debate review isnt important thing able fully enjoy game conclusion silent hill remake exactly preserve spirit atmosphere original adapting gameplay modern overtheshoulder format give player new sense freedom controlling james along redesigned level architecture new puzzle reader faced choice playing remake instead original encourage decision developer meticulously preserved soul game adapting modern standard thank reading peace
206191367,76561199213784564,10,5,918,918,en,Scary af & also puts your head on a space where concentration and puzzle solving is  actually fun to do..,1759931582,1759931582,True,0,0,0.5,True,False,scary af also put head space concentration puzzle solving actually fun,scary af also put head space concentration puzzle solving actually fun
206170431,76561198173417401,0,12,1627,575,en,"Great game good remake, but play the original PS2 version if you can",1759903665,1759903665,True,0,0,0.5,True,False,great game good remake play original p version,great game good remake play original p version
206170221,76561199125423471,0,3,5439,332,en,An absolute perfect remake of the best horror game ever made. Also one of the best looking games to date. If you want horror look no further. Silent Hill is calling.,1759903304,1759903304,True,0,0,0.5,True,False,absolute perfect remake best horror game ever made also one best looking game date want horror look silent hill calling,absolute perfect remake best horror game ever made also one best looking game date want horror look silent hill calling
206159334,76561198351974008,302,5,2793,0,en,"This game worth every penny! This is loyal to the original title with more side content, updated and enriched combat mechanics and crazy jump scare moments, anxiety/stress build-up and so on (as the original did and even more), and phenomenal environment and atmosphere. The fog creation is literally a piece of art in this game. I was very disappointed to hear that the game will have this over the shoulder aspect as compared to the fixed camera angles of the original, a while back when they announced it, and now I see how wrong I was! This is exceptional work. I don't believe someone would have recreated that better! And you hear that from a real Team Silent fan and a hard fan of the first 4 original titles! I was sure when I experienced the atmosphere of The Medium that if there would be one team to make a Silent Hill remake that team should be the Bloober Team! I loved The Medium's story, soundtrack, etc., but there was a clear lack of a good solid gameplay there (personal opinion of course), but the Silent Hill 2 Remake changed everything. One of the best gameplays I have experienced in a horror game (along with The Last of Us series). Not to mention the elevated experience you get from the dualsense haptic feedback and adaptive triggers, as well as the static sounds from the radio imitated by the controllers speakers. This is a masterpiece and I'm looking forward to the original Silent Hill remake from the same team as well as the rest ones to come!",1759887605,1759887605,True,0,0,0.5,True,False,game worth every penny loyal original title side content updated enriched combat mechanic crazy jump scare moment anxietystress buildup original even phenomenal environment atmosphere fog creation literally piece art game disappointed hear game shoulder aspect compared fixed camera angle original back announced see wrong exceptional work dont believe someone would recreated better hear real team silent fan hard fan first original title sure experienced atmosphere medium would one team make silent hill remake team bloober team loved medium story soundtrack etc clear lack good solid gameplay personal opinion course silent hill remake changed everything one best gameplays experienced horror game along last u series mention elevated experience get dualsense haptic feedback adaptive trigger well static sound radio imitated controller speaker masterpiece im looking forward original silent hill remake team well rest one come,game worth every penny loyal original title side content updated enriched combat mechanic crazy jump scare moment anxietystress buildup original even phenomenal environment atmosphere fog creation literally piece art game disappointed hear game shoulder aspect compared fixed camera angle original back announced see wrong exceptional work do not believe someone would recreated better hear real team silent fan hard fan first original title sure experienced atmosphere medium would one team make silent hill remake team bloober team loved medium story soundtrack etc clear lack good solid gameplay personal opinion course silent hill remake changed everything one best gameplays experienced horror game along last you series mention elevated experience get dualsense haptic feedback adaptive trigger well static sound radio imitated controller speaker masterpiece i am looking forward original silent hill remake team well rest one come
206157780,76561199051621766,0,11,1052,179,en,"An amazing game that does a great job of being immersive. making you feel like you are James in the world, and scares the crap out of you. A great remake.",1759885500,1759885500,True,0,0,0.5,True,False,amazing game great job immersive making feel like james world scare crap great remake,amazing game great job immersive making feel like james world scare crap great remake
206154971,76561198800061420,0,46,1094,282,en,"this game is REALLY good, but... THE PERFORMANCE. I cannot stress enough how terribly this game runs. I have a good computer- maybe not quite ""good"" by today's standards, but it can run similar games like Resident Evil 4, 7 and 2, the Dead Space remake, and Amnesia: The Bunker just fine. What the genuine hell is the excuse for this game suddenly dropping to like, fifteen frames a second? Would it have killed them to add some loading screens? Would it have hurt to provide any good options for lowering the visual quality for the sake of performance- because that's what really irks me. I'm fine with my game not really looking the best it could. I'd love for it to look the best it can, but we don't always get what we want, do we? It becomes a genuine problem for me, though, when in the middle of fighting an enemy or even BOSS, my frames tank and i can barely even play the game. I don't even know what causes some of the frame drops. Loading new areas, of course, but randomly the framerate just kicks the bucket and I don't know why. It's something that I dealt with- I never had too many issues BECAUSE of the framerate but GOD it was annoying and genuinely hurt the experience for me. This is unacceptable- a SEVENTY DOLLAR SURVIVAL HORROR GAME that can't even reach 60 FPS unless you're staring directly at a corner. How did the game ship like this? Better yet- how has the game gone an entire YEAR without them adding adequate graphics and optimization settings, or fixing the source of the issue? Again, this is unacceptable. Visually this game isn't even like, stunning or anything. It's just realistic and it has good art direction, which doesn't necessitate a billion polygons and rays of light or whatever the hell even causes the abysmal framerate anyway.  Outside of the performance, Silent Hill 2 is a PHENOMENAL game. The combat is engaging, fun and tense, the atmosphere is top-notch, overall the game is just absolutely horrific, and everybody already knows that the story of Silent Hill 2 is one of the all-time greats. It's a great game, I just really wish it didn't have to have such lousy performance.",1759881782,1759881782,True,0,0,0.5,True,False,game really good performance stress enough terribly game run good computer maybe quite good today standard run similar game like resident evil dead space remake amnesia bunker fine genuine hell excuse game suddenly dropping like fifteen frame second would killed add loading screen would hurt provide good option lowering visual quality sake performance thats really irks im fine game really looking best could id love look best dont always get want becomes genuine problem though middle fighting enemy even bos frame tank barely even play game dont even know cause frame drop loading new area course randomly framerate kick bucket dont know something dealt never many issue framerate god annoying genuinely hurt experience unacceptable seventy dollar survival horror game cant even reach fps unless youre staring directly corner game ship like better yet game gone entire year without adding adequate graphic optimization setting fixing source issue unacceptable visually game isnt even like stunning anything realistic good art direction doesnt necessitate billion polygon ray light whatever hell even cause abysmal framerate anyway outside performance silent hill phenomenal game combat engaging fun tense atmosphere topnotch overall game absolutely horrific everybody already know story silent hill one alltime great great game really wish didnt lousy performance,game really good performance stress enough terribly game run good computer maybe quite good today standard run similar game like resident evil dead space remake amnesia bunker fine genuine hell excuse game suddenly dropping like fifteen frame second would killed add loading screen would hurt provide good option lowering visual quality sake performance thats really irks i am fine game really looking best could id love look best do not always get want becomes genuine problem though middle fighting enemy even bos frame tank barely even play game do not even know cause frame drop loading new area course randomly framerate kick bucket do not know something dealt never many issue framerate god annoying genuinely hurt experience unacceptable seventy dollar survival horror game cannot even reach fps unless youre staring directly corner game ship like better yet game gone entire year without adding adequate graphic optimization setting fixing source issue unacceptable visually game isnt even like stunning anything realistic good art direction doesnt necessitate billion polygon ray light whatever hell even cause abysmal framerate anyway outside performance silent hill phenomenal game combat engaging fun tense atmosphere topnotch overall game absolutely horrific everybody already know story silent hill one alltime great great game really wish didnt lousy performance
206121859,76561198129069338,471,5,4324,0,en,Took me awhile to beat it because I'm a scared lil baby. I highly recommend it because of the story and polished game play!,1759849031,1759849031,True,0,0,0.5,False,False,took awhile beat im scared lil baby highly recommend story polished game play,took awhile beat i am scared lil baby highly recommend story polished game play
206108437,76561199097909570,114,10,3468,677,en,"a excellent remake of a cult classic game, the puzzles, the aesthetic, the deep story and bizarre at times dialogue all just mix together to make a slighty weird but fantastic horror game  10/10 would find mary again",1759835942,1759835942,True,0,0,0.5,True,False,excellent remake cult classic game puzzle aesthetic deep story bizarre time dialogue mix together make slighty weird fantastic horror game would find mary,excellent remake cult classic game puzzle aesthetic deep story bizarre time dialogue mix together make slighty weird fantastic horror game would find mary
206077826,76561198036803206,752,12,955,465,en,"Unbelievable atmosphere and motion capture. Combat is fun, but not the reason you should play this game. Great remake of an all-timer story.",1759794265,1759794265,True,0,0,0.5,False,False,unbelievable atmosphere motion capture combat fun reason play game great remake alltimer story,unbelievable atmosphere motion capture combat fun reason play game great remake alltimer story
206060621,76561198824326067,0,8,2896,1440,en,"Listen I could talk for ages about how great this title is but... you should just play it instead of me wasting time telling you to. This game is better than the original in pretty much every conceivable way, and I say that as a massive fan of the original Silent Hill 2.",1759776730,1759776730,True,0,0,0.5,False,False,listen could talk age great title play instead wasting time telling game better original pretty much every conceivable way say massive fan original silent hill,listen could talk age great title play instead wasting time telling game better original pretty much every conceivable way say massive fan original silent hill
206042448,76561198976751276,206,12,2287,0,en,"It's a great game, the first one I got all the achievements on Steam because it was so good. The story, the atmosphere, audio, all the endings (even the goofy ones), characters, enemies, they were all so great, the problems were the performance and ammount of enemies.  Performance was not great, on my device that tbh GPU is quite lower than recommended (RX 6600 and recommended is RX 6800XT) but that the recommended is that high should say quite a bit, it was at first going around 60fps on Medium until it was going consitentaly below that so I changed it to Low and it still was going down at some points.  Combat is boring and simple, a bit better than in the OG, which wouldn't be an issue if there wasn't so much enemies everywhere that most of the time are so annoying that you need to defeat them  I don't think it's worth it's price, no game is worth 70 dollars, recommend getting it on discount, it's a really great psychological experience",1759762012,1759762012,True,0,0,0.5,True,False,great game first one got achievement steam good story atmosphere audio ending even goofy one character enemy great problem performance ammount enemy performance great device tbh gpu quite lower recommended rx recommended rx xt recommended high say quite bit first going around fps medium going consitentaly changed low still going point combat boring simple bit better og wouldnt issue wasnt much enemy everywhere time annoying need defeat dont think worth price game worth dollar recommend getting discount really great psychological experience,great game first one got achievement steam good story atmosphere audio ending even goofy one character enemy great problem performance ammount enemy performance great device tbh gpu quite lower recommended rx recommended rx xt recommended high say quite bit first going around fps medium going consitentaly changed low still going point combat boring simple bit better og wouldnt issue wasnt much enemy everywhere time annoying need defeat do not think worth price game worth dollar recommend getting discount really great psychological experience
206032134,76561198032150808,483,6,1072,437,en,Fantastic remake of the best game in the Silent Hill series. Ran perfectly with no crashes during my entire playthrough,1759752796,1759752796,True,0,0,0.5,False,False,fantastic remake best game silent hill series ran perfectly crash entire playthrough,fantastic remake best game silent hill series ran perfectly crash entire playthrough
206024456,76561199021534199,0,5,1662,1113,en,perfect love the game the story the graphics everything,1759743027,1759743027,True,0,0,0.5,True,False,perfect love game story graphic everything,perfect love game story graphic everything
206004452,76561199370568784,0,3,1126,71,en,"Amazing story and world, the dev team got every little detail right and made this game feel real !",1759715914,1759715914,True,0,0,0.5,True,False,amazing story world dev team got every little detail right made game feel real,amazing story world dev team got every little detail right made game feel real
206001090,76561198386212103,232,50,995,671,en,"Now having beat the game, it was phenomenal. Blooper team did an amazing job. I cannot wait for other remakes like this.",1759711923,1759990010,True,0,0,0.5,True,False,beat game phenomenal blooper team amazing job wait remake like,beat game phenomenal blooper team amazing job wait remake like
205997466,76561197969062785,430,76,1799,195,en,"I never played the old Silent Hill games growing up — I was too much of a coward back then. Now that I’m older, I finally gave this remake a shot, and I’m glad I did. The graphics look incredible and make the whole thing feel like a movie.  The story blew me away, it's good horror movie quality. I didn’t expect it to become so emotional and hit that hard or go that deep. The ending gave me shivers, and I just sat there for a minute thinking about it. It’s one of the best stories I’ve ever seen in a video game.  The sound design is insane. Playing with surround sound made everything way scarier — every little noise had me on edge. The combat felt great too. Once I learned how to fight each monster type and mix up combos, it got really satisfying.  The horror genre is becoming a favorite and beating this one felt special. It’s creepy, emotional, and just an awesome experience all around, and has really deep take away about facing your inner demons.",1759707627,1759707781,True,0,0,0.5,True,False,never played old silent hill game growing much coward back im older finally gave remake shot im glad graphic look incredible make whole thing feel like movie story blew away good horror movie quality didnt expect become emotional hit hard go deep ending gave shiver sat minute thinking one best story ive ever seen video game sound design insane playing surround sound made everything way scarier every little noise edge combat felt great learned fight monster type mix combo got really satisfying horror genre becoming favorite beating one felt special creepy emotional awesome experience around really deep take away facing inner demon,never played old silent hill game growing much coward back i am older finally gave remake shot i am glad graphic look incredible make whole thing feel like movie story blew away good horror movie quality didnt expect become emotional hit hard go deep ending gave shiver sat minute thinking one best story i have ever seen video game sound design insane playing surround sound made everything way scarier every little noise edge combat felt great learned fight monster type mix combo got really satisfying horror genre becoming favorite beating one felt special creepy emotional awesome experience around really deep take away facing inner demon
205984698,76561198294648551,136,8,1548,419,en,"a horrifying yet beautiful psychological nightmare - shrouded in a suspenseful atmosphere, explores dark themes of the human psyche, has engaging puzzles which allow you to traverse through the eerie level designs, and a soundtrack that shifts between moments of sheer, unsettling tension and poignant calm - this is a game I recommend going in completely blind; the experience of the first playthrough cannot be replicated.",1759695238,1760234409,True,0,0,0.5,False,False,horrifying yet beautiful psychological nightmare shrouded suspenseful atmosphere explores dark theme human psyche engaging puzzle allow traverse eerie level design soundtrack shift moment sheer unsettling tension poignant calm game recommend going completely blind experience first playthrough replicated,horrifying yet beautiful psychological nightmare shrouded suspenseful atmosphere explores dark theme human psyche engaging puzzle allow traverse eerie level design soundtrack shift moment sheer unsettling tension poignant calm game recommend going completely blind experience first playthrough replicated
205982417,76561198201631238,30,9,2006,0,en,"I finished this game more than 8 month ago and missed to write a feedback. Now seeing SHf hitting the market I realised how precious SH2 Remake was, is and will be to me! The Remake, which I want to call a sequel, does a beautiful job to immerse the player into genuine SH experience. Yes, I have to admit, the game is not optimised well but I am ok to tolerate it as the music, sound design, visuals, actor's play and game play were executed just perfect! It managed to scare me quite a few time and also rediscover the event of the OG from the new but fully consistent with the series perspective. I am looking forward to see the Boober Team's take on SH1!",1759693438,1759693438,True,0,0,0.5,True,False,finished game month ago missed write feedback seeing shf hitting market realised precious sh remake remake want call sequel beautiful job immerse player genuine sh experience yes admit game optimised well ok tolerate music sound design visuals actor play game play executed perfect managed scare quite time also rediscover event og new fully consistent series perspective looking forward see boober team take sh,finished game month ago missed write feedback seeing shf hitting market realised precious sh remake remake want call sequel beautiful job immerse player genuine sh experience yes admit game optimised well ok tolerate music sound design visuals actor play game play executed perfect managed scare quite time also rediscover event og new fully consistent series perspective looking forward see boober team take sh
205859239,76561199844830989,114,15,971,0,en,"Just about everything was done right. Don't think it was needed to tone down the whole thing with Angela though, the shock of it it all is part of what made the og what it was. Some of the women didn't need to be more masculine to portray strong and independent either. Looks great plays fine. Performance is what it is, it's UE5 so just have to live with it although the devs didn't do themselves any favors fully rendering everything so far beyond what you can see through the fog.",1759586613,1759586613,True,0,0,0.5,True,False,everything done right dont think needed tone whole thing angela though shock part made og woman didnt need masculine portray strong independent either look great play fine performance ue live although devs didnt favor fully rendering everything far beyond see fog,everything done right do not think needed tone whole thing angela though shock part made og woman didnt need masculine portray strong independent either look great play fine performance ue live although devs didnt favor fully rendering everything far beyond see fog
205858728,76561198886975720,0,1,1770,5,en,"Got the In Water ending on my first gameplay ever and introduction into this series. I absolutely loved this game, the atmosphere, the details - everything. Only issue, and I don't think it's from the game itself, it kept crashing at the most random spots and I have machine of a PC (Ryzen 7 9800x3d, Radeon rt 9070 xt). I played at max settings and also max settings from the AMD app and it still kept crashing. Dunno why. Still an absolutely fantastic game>",1759586187,1759586187,True,0,0,0.5,True,False,got water ending first gameplay ever introduction series absolutely loved game atmosphere detail everything issue dont think game kept crashing random spot machine pc ryzen xd radeon rt xt played max setting also max setting amd app still kept crashing dunno still absolutely fantastic game,got water ending first gameplay ever introduction series absolutely loved game atmosphere detail everything issue do not think game kept crashing random spot machine pc ryzen xd radeon rt xt played max setting also max setting amd app still kept crashing dunno still absolutely fantastic game
205857002,76561199791747555,0,3,12,0,en,One of the most beautiful horror games released in 2024. Everything feels correct and stays true to the original PS2 game. The revival of Silent Hill is here and it's here to stay!,1759584826,1759584826,True,0,0,0.5,True,False,one beautiful horror game released everything feel correct stay true original p game revival silent hill stay,one beautiful horror game released everything feel correct stay true original p game revival silent hill stay
205850123,76561199079714834,153,22,2094,0,en,"My favorite survival horror game of all time   I loved the atmosphere, combat, puzzles and story  game was stuttering sometimes i first played it   10/10",1759578937,1759578937,True,0,0,0.5,False,False,favorite survival horror game time loved atmosphere combat puzzle story game stuttering sometimes first played,favorite survival horror game time loved atmosphere combat puzzle story game stuttering sometimes first played
205848104,76561199577903780,0,1,1208,0,en,"The atmosphere is anxiety inducing (in a good way). The gameplay is fun and the horror is done right. The great combination of atmosphere, visuals, sound and music gets the heart rate up and the adrenaline pumping. The story is great as well.",1759577134,1759577134,True,0,0,0.5,False,False,atmosphere anxiety inducing good way gameplay fun horror done right great combination atmosphere visuals sound music get heart rate adrenaline pumping story great well,atmosphere anxiety inducing good way gameplay fun horror done right great combination atmosphere visuals sound music get heart rate adrenaline pumping story great well
205833066,76561199136319335,107,5,2752,0,en,"not only is this game visually stunning, but the storytelling is truly something you can only understand through the experience. its unique approach in the exploration of complex themes surrounding trauma is immersive in an addictive way that constantly leaves you wanting more ♡",1759560841,1759560841,True,0,0,0.5,True,False,game visually stunning storytelling truly something understand experience unique approach exploration complex theme surrounding trauma immersive addictive way constantly leaf wanting,game visually stunning storytelling truly something understand experience unique approach exploration complex theme surrounding trauma immersive addictive way constantly leaf wanting
205829445,76561198305861490,16,2,3194,494,en,"beautiful game, the most visually stunning ive ever played. not too short or long, well worth the money!",1759556071,1759556071,True,0,0,0.5,True,False,beautiful game visually stunning ive ever played short long well worth money,beautiful game visually stunning i have ever played short long well worth money
205828400,76561198098132770,0,24,904,37,en,"What a Fantastic game. Every time I booted it up, I was glued to the screen. Must Play for anyone whom enjoys good stories, and or survival horror.",1759554713,1759554713,True,0,0,0.5,True,False,fantastic game every time booted glued screen must play anyone enjoys good story survival horror,fantastic game every time booted glued screen must play anyone enjoys good story survival horror
205821560,76561198272002880,0,14,2585,114,en,"I had a really good time with this game! I never played the original (I was born in 2001, lmao), but I think I get what the hype is about! I can't wait to try for different endings!",1759545919,1759545919,True,0,0,0.5,True,False,really good time game never played original born lmao think get hype cant wait try different ending,really good time game never played original born lmao think get hype cannot wait try different ending
205818686,76561198405432729,141,5,1906,138,en,"At first i was too scared to enter any room, but with every step, every new thing lore wise it got better and i started enjoying story even more. SH2 has one of better stories i ever encounter, acting is so great and.. i dont even know what to say tbh. You get so many questions while u play... they never end. Its just more and more, and then you re-think every step u took, every small thing, ""random"" sentence on the wall, text in book or a note... You are trying to make sense of it while you play. You're asking yourself ""but are they really bad? do they really want to do this? Who are they, why are they here?"" Every single piece of information will be stuck in your head till you get an answer..   If i was not that scared i'd totally get every achievement and i'd start paying attention to more things. Im so in love with this game... its just great <3",1759542334,1759542357,True,0,0,0.5,False,False,first scared enter room every step every new thing lore wise got better started enjoying story even sh one better story ever encounter acting great dont even know say tbh get many question u play never end rethink every step u took every small thing random sentence wall text book note trying make sense play youre asking really bad really want every single piece information stuck head till get answer scared id totally get every achievement id start paying attention thing im love game great,first scared enter room every step every new thing lore wise got better started enjoying story even sh one better story ever encounter acting great do not even know say tbh get many question you play never end rethink every step you took every small thing random sentence wall text book note trying make sense play youre asking really bad really want every single piece information stuck head till get answer scared id totally get every achievement id start paying attention thing i am love game great
205814812,76561198065869732,201,4,11376,0,en,"I've played the original PS2 game way back then and this game is a faithful remake to the original, while changing little things around to keep the game fresh and returning players on their toes. The sound design in this game is absolutely amazing, I highly suggest to play this game only with headphones in the dark with minimal HUD settings. It's been over 20 years, and I still haven't found my Mary...",1759537555,1759537555,True,0,0,0.5,True,False,ive played original p game way back game faithful remake original changing little thing around keep game fresh returning player toe sound design game absolutely amazing highly suggest play game headphone dark minimal hud setting year still havent found mary,i have played original p game way back game faithful remake original changing little thing around keep game fresh returning player toe sound design game absolutely amazing highly suggest play game headphone dark minimal hud setting year still havent found mary
205809253,76561198834573958,0,24,832,150,en,"Good game but I shouldnt have to install community patches to get a playable fps. Even then It still suffers with stuttering.  Now a real review besides the shit optimization   I feel like SHR2 is amazing in the first half but really drags on by the second compared to the OG game. By the ending of the hospital section I just wanted this game to end. the last 3 areas in the original are fast and snappy, the story keeps moving. In the remake it felt like they were padding, trying to stretch out the ending to justify the 70 dollar price tag.  The game is a solid 4/5 but good lord does it have faults. Wait for a sale. Or play the Silent Hill 2 enhanced edition.   I can't imagine replaying this for all the endings",1759531106,1760839463,True,0,0,0.5,False,False,good game shouldnt install community patch get playable fps even still suffers stuttering real review besides shit optimization feel like shr amazing first half really drag second compared og game ending hospital section wanted game end last area original fast snappy story keep moving remake felt like padding trying stretch ending justify dollar price tag game solid good lord fault wait sale play silent hill enhanced edition cant imagine replaying ending,good game shouldnt install community patch get playable fps even still suffers stuttering real review besides shit optimization feel like shr amazing first half really drag second compared og game ending hospital section wanted game end last area original fast snappy story keep moving remake felt like padding trying stretch ending justify dollar price tag game solid good lord fault wait sale play silent hill enhanced edition cannot imagine replaying ending
205801842,76561199098988659,10,5,175,82,en,"not sure what to say, its a great game",1759523676,1759523676,True,0,0,0.5,False,False,sure say great game,sure say great game
205784325,76561198253506607,0,5,723,0,en,A fantastic remake of the original. Only concern is there is no option to purchase the soundtrack outside of the digital deluxe. Frustratingly there is no option to upgrade TO the digital deluxe if you purchased the normal version other than buying another copy of the game. I would absolutely love for an option to upgrade that is common for games with a digital deluxe option.,1759508915,1759508915,True,0,0,0.5,True,False,fantastic remake original concern option purchase soundtrack outside digital deluxe frustratingly option upgrade digital deluxe purchased normal version buying another copy game would absolutely love option upgrade common game digital deluxe option,fantastic remake original concern option purchase soundtrack outside digital deluxe frustratingly option upgrade digital deluxe purchased normal version buying another copy game would absolutely love option upgrade common game digital deluxe option
205734367,76561198920180740,0,3,1614,0,en,"Gorgeous game, such a nice attention to the details in this remake. If you like Silent Hill definitely recommend.",1759452958,1759452958,True,0,0,0.5,True,False,gorgeous game nice attention detail remake like silent hill definitely recommend,gorgeous game nice attention detail remake like silent hill definitely recommend
205714700,76561198123093055,214,14,532,0,en,they did such a great job on this remake it's so goood no....great with the overwhelmingly positive reviews,1759431166,1759431166,True,0,0,0.5,True,False,great job remake goood nogreat overwhelmingly positive review,great job remake goood nogreat overwhelmingly positive review
205681068,76561197960411693,524,22,1474,528,en,"Absolutely awesome. Spoilt with the remakes of Silent Hill and recent Resident Evils. Played SH2 back in the day but didn't remember any of the story, just the constant feeling of fear which is very much intact. Sometimes you wish you could go back and experience a game for the first time again and this feels like it is scratching that itch!  This is despite some technical gripes. I bought it on release and couldn't play it with all the stuttering and hitching. While it is still there, predominantly traversal stutter, I have been able to play through it. Although I'm generally a mouse + keyboard gamer, I preferred this on pad. It's 80% melee and shooting is very slow. It also felt better on pad and helped me get over the stutter. Playing all maxed out other than turning off ray tracing, on an RTX 5070, which I got free and ""upgraded"" from a 3080, Although on paper not a big upgrade, I think the addtional VRAM (10->12GB) helped stabilise performance.",1759400335,1759400335,True,0,0,0.5,False,False,absolutely awesome spoilt remake silent hill recent resident evil played sh back day didnt remember story constant feeling fear much intact sometimes wish could go back experience game first time feel like scratching itch despite technical gripe bought release couldnt play stuttering hitching still predominantly traversal stutter able play although im generally mouse keyboard gamer preferred pad melee shooting slow also felt better pad helped get stutter playing maxed turning ray tracing rtx got free upgraded although paper big upgrade think addtional vram gb helped stabilise performance,absolutely awesome spoilt remake silent hill recent resident evil played sh back day didnt remember story constant feeling fear much intact sometimes wish could go back experience game first time feel like scratching itch despite technical gripe bought release couldnt play stuttering hitching still predominantly traversal stutter able play although i am generally mouse keyboard gamer preferred pad melee shooting slow also felt better pad helped get stutter playing maxed turning ray tracing rtx got free upgraded although paper big upgrade think addtional vram gb helped stabilise performance
205663115,76561198297225811,0,1,1291,0,en,good and solid faithful remake. combat felt fun and wasn't janky like the og.,1759373942,1759373942,True,0,0,0.5,True,False,good solid faithful remake combat felt fun wasnt janky like og,good solid faithful remake combat felt fun wasnt janky like og
205618605,76561198178095791,1818,315,1873,0,en,A very good remake it does add new elements to the story as well as new puzzles it holds up very well and I found it very enjoyable,1759326762,1759326762,True,0,0,0.5,False,False,good remake add new element story well new puzzle hold well found enjoyable,good remake add new element story well new puzzle hold well found enjoyable
205586415,76561198365298482,438,92,1096,0,en,"I've never played the original silent hill 2, so i came at this game blind and its amazing, loved the story, environment, character. the only downside is probably the optimization and the fact that i got the ""In Water"" ending on my first playthrough. 9/10",1759283845,1759283845,True,0,0,0.5,True,False,ive never played original silent hill came game blind amazing loved story environment character downside probably optimization fact got water ending first playthrough,i have never played original silent hill came game blind amazing loved story environment character downside probably optimization fact got water ending first playthrough
205580133,76561199509351932,0,18,361,0,en,So far I'm loving this game!! The music and overall atmosphere of the game is eerie and fits together perfectly.,1759275691,1759275691,True,0,0,0.5,True,False,far im loving game music overall atmosphere game eerie fit together perfectly,far i am loving game music overall atmosphere game eerie fit together perfectly
205579054,76561199067832811,48,23,1721,804,en,this game came out when i was a kid and i had a gamecube at the time. i got the game for an easter gift and i only played until you get into town and see the fog and honestly i was to scared to even start let alone finish it.  now im a horror fan and love these games and this is my favorite  besides re7,1759274239,1759274239,True,0,0,0.5,True,False,game came kid gamecube time got game easter gift played get town see fog honestly scared even start let alone finish im horror fan love game favorite besides,game came kid gamecube time got game easter gift played get town see fog honestly scared even start let alone finish i am horror fan love game favorite besides
205577632,76561197968381134,0,6,1111,698,en,"Good sound design. Not a fan of puzzles Silent Hill/Resident Evil style puzzles cuz it feels like an arbitrary way to extend playtime, but that's the way the cookie crumbles",1759272275,1759272275,True,0,0,0.5,True,False,good sound design fan puzzle silent hillresident evil style puzzle cuz feel like arbitrary way extend playtime thats way cookie crumbles,good sound design fan puzzle silent hillresident evil style puzzle cuz feel like arbitrary way extend playtime thats way cookie crumbles
205544647,76561199781738853,0,1,6052,0,en,"I've never been the type of person to play a game more than once (especially a horror title). But this game... The lore, the story, the attention to detail, and the impact of mental health is so well driven into this remake. I'm on my third playthrough and I'm still not tired of it. By far one of the best games I've ever played.",1759241120,1759241120,True,0,0,0.5,True,False,ive never type person play game especially horror title game lore story attention detail impact mental health well driven remake im third playthrough im still tired far one best game ive ever played,i have never type person play game especially horror title game lore story attention detail impact mental health well driven remake i am third playthrough i am still tired far one best game i have ever played
205527006,76561198376853305,0,16,1441,0,en,"This remake of Silent Hill 2 is a solid reimagining of the classic. Everything I remember from the original is here - minus the pizza scene with Eddie in the bowling alley. Both the original and the remake have their strengths and weaknesses, but this version stands out as a fantastic entry point for newcomers. It delivers a faithful retelling of the story while updating the gameplay with faster-paced combat. Despite the changes, it still preserves the haunting atmosphere and tension that made the original so great.",1759218444,1759218477,True,0,0,0.5,False,False,remake silent hill solid reimagining classic everything remember original minus pizza scene eddie bowling alley original remake strength weakness version stand fantastic entry point newcomer delivers faithful retelling story updating gameplay fasterpaced combat despite change still preserve haunting atmosphere tension made original great,remake silent hill solid reimagining classic everything remember original minus pizza scene eddie bowling alley original remake strength weakness version stand fantastic entry point newcomer delivers faithful retelling story updating gameplay fasterpaced combat despite change still preserve haunting atmosphere tension made original great
205521677,76561198082328132,467,56,2010,1449,en,"After playing the OG Silent Hill 2 a few times in the past, I didn't expect the remake to surprise me in any way. I even doubted the remake from what I saw in the trailers.  Yet here I am, shitting my pants from the dreadfulness and being absolutely haunted by the game's atmosphere, refreshed soundtrack (Akira Yamaoka worked on it, so I couldn't expect any less), modernized gameplay (the combat system is pretty tense and the basic mobs actually feel threatening, unlike the OG) and so on.  I'm only 3 hours into the game and, for now, everything is just perfect (maybe except some technical issues like cutscenes capped at 30 FPS but they're pretty minor).  GG, Bloober Team",1759210004,1759210272,True,0,0,0.5,False,False,playing og silent hill time past didnt expect remake surprise way even doubted remake saw trailer yet shitting pant dreadfulness absolutely haunted game atmosphere refreshed soundtrack akira yamaoka worked couldnt expect less modernized gameplay combat system pretty tense basic mob actually feel threatening unlike og im hour game everything perfect maybe except technical issue like cutscenes capped fps theyre pretty minor gg bloober team,playing og silent hill time past didnt expect remake surprise way even doubted remake saw trailer yet shitting pant dreadfulness absolutely haunted game atmosphere refreshed soundtrack akira yamaoka worked couldnt expect less modernized gameplay combat system pretty tense basic mob actually feel threatening unlike og i am hour game everything perfect maybe except technical issue like cutscenes capped fps theyre pretty minor gg bloober team
205514845,76561199076917370,0,21,1040,0,en,"very loyal remaster but also gives old fans a new experience. the details like dirt slowly building up under James' nails and Angela's chewed nails even during your first encounter with her truly make this game feel so raw and direct in its story telling. its a refreshing and unforgiving telling of James' story and i absolutely adore the changes they made (besides Maria's outfit. Let her serve cunt.)   If I'm being honest, I do still prefer the original because the fixed added an unmatched cinematography that I deeply miss. I was originally hoping they would have both fixed camera and third person, but I guess fixed cameras js arent the mark anymore unfortunately.   I'm excited for silent hill 1 (and hopefully 3) to get a remaster and I really hope they put js as much care into them.",1759199704,1759199704,True,0,0,0.5,False,False,loyal remaster also give old fan new experience detail like dirt slowly building james nail angelas chewed nail even first encounter truly make game feel raw direct story telling refreshing unforgiving telling james story absolutely adore change made besides maria outfit let serve cunt im honest still prefer original fixed added unmatched cinematography deeply miss originally hoping would fixed camera third person guess fixed camera j arent mark anymore unfortunately im excited silent hill hopefully get remaster really hope put j much care,loyal remaster also give old fan new experience detail like dirt slowly building james nail angelas chewed nail even first encounter truly make game feel raw direct story telling refreshing unforgiving telling james story absolutely adore change made besides maria outfit let serve cunt i am honest still prefer original fixed added unmatched cinematography deeply miss originally hoping would fixed camera third person guess fixed camera j arent mark anymore unfortunately i am excited silent hill hopefully get remaster really hope put j much care
205501173,76561199027665945,132,4,2080,0,en,"Loved this remake. Even though I know the story beats inside out  I've thoroughly enjoyed this game and still play for time to time, with over 30 hours game time at the moment. It has some Unreal 5 engine issues but if you set your refresh to 60 hz and pop vsync on it seems to minimise stuttering bar some traversal stutter. Visuals  and sound are good.   I've found that I'm more likely to put a review on Steam when I disappointed with a game and have recently been playing Silent Hill F. That gave me that feeling and I found myself playing SH2 again and having fun, so though it's very late I felt I needed to put a review up for this, in the hopes it helps those yet to play it give it a go.  I'm really pleased this did well for Bloober and allowed them to make Cronos which I'm also enjoying but has a bit more action.",1759181920,1759181920,True,0,0,0.5,False,False,loved remake even though know story beat inside ive thoroughly enjoyed game still play time time hour game time moment unreal engine issue set refresh hz pop vsync seems minimise stuttering bar traversal stutter visuals sound good ive found im likely put review steam disappointed game recently playing silent hill f gave feeling found playing sh fun though late felt needed put review hope help yet play give go im really pleased well bloober allowed make cronos im also enjoying bit action,loved remake even though know story beat inside i have thoroughly enjoyed game still play time time hour game time moment unreal engine issue set refresh hz pop vsync seems minimise stuttering bar traversal stutter visuals sound good i have found i am likely put review steam disappointed game recently playing silent hill f gave feeling found playing sh fun though late felt needed put review hope help yet play give go i am really pleased well bloober allowed make cronos i am also enjoying bit action
205493132,76561198004275496,32,4,2132,35,en,"The original Silent Hill 2 was a foundational game for me and like anyone who is a fan of something with such a longstanding reputation I came into the remake wary, but this is so much better than I even hoped.",1759173575,1759173575,True,0,0,0.5,True,False,original silent hill foundational game like anyone fan something longstanding reputation came remake wary much better even hoped,original silent hill foundational game like anyone fan something longstanding reputation came remake wary much better even hoped
205461865,76561198416852538,68,3,1041,0,en,"I'll start off with that this game is my nr 1 favorite game oat. Just literally everything in this game is a piece of the puzzle that you're willing to solve the more you dive into the story. The old one had a great story but it didn't catch just as this remake. Every minute detail adds up to the pile of mysteries and sometimes even makes you believe you solved it all up until you get another detail. Psychological suspense, atmosphere creates unimaginable immersive experience where you're actually playing 2 different games, one is solely gameplay - a town full of monsters, creepy alternative/night dimension where everything is rotten and rusty, you survive, run away, fight back, try to find some supplies, solve puzzles to get through. The second being James' mental state, his inner world, his mind and what actually is happening, every cutscene, note, every word and location detail sheds light on it. Absolute perfection of a game. Can't recommend it enough. From the story, to gameplay, to visuals, characters/monsters designs. And iconic Pyramid Head is a cherry on top. I could go on about this game forever, but I don't want to accidentally drop some spoiler or early explanation to what's going on. You just have to taste it on your own.",1759139896,1759139896,True,0,0,0.5,True,False,ill start game nr favorite game oat literally everything game piece puzzle youre willing solve dive story old one great story didnt catch remake every minute detail add pile mystery sometimes even make believe solved get another detail psychological suspense atmosphere creates unimaginable immersive experience youre actually playing different game one solely gameplay town full monster creepy alternativenight dimension everything rotten rusty survive run away fight back try find supply solve puzzle get second james mental state inner world mind actually happening every cutscene note every word location detail shed light absolute perfection game cant recommend enough story gameplay visuals charactersmonsters design iconic pyramid head cherry top could go game forever dont want accidentally drop spoiler early explanation whats going taste,ill start game nr favorite game oat literally everything game piece puzzle youre willing solve dive story old one great story didnt catch remake every minute detail add pile mystery sometimes even make believe solved get another detail psychological suspense atmosphere creates unimaginable immersive experience youre actually playing different game one solely gameplay town full monster creepy alternativenight dimension everything rotten rusty survive run away fight back try find supply solve puzzle get second james mental state inner world mind actually happening every cutscene note every word location detail shed light absolute perfection game cannot recommend enough story gameplay visuals charactersmonsters design iconic pyramid head cherry top could go game forever do not want accidentally drop spoiler early explanation whats going taste
205452971,76561197994431027,0,5,1765,0,en,"This is pure art. The entire game is steeped in symbolism and meaning down to every small detail. The characters are imperfect and flawed in very human ways, relatable and disgusting at the same time. The attention and care given to the narrative is a thing of beauty. The story doesn't hold your hand it forces you to think and come to your own conclusions. I cannot say enough good things about this game. I think it may very well be the best thing I've experienced.  The performance isn't great, but the graphics are eye catching. I played in VR thanks to the Praydog UEVR mod and that was even harder to get running well. It required ini tweaks to fine tune performance and turn off nanite in some areas. However, it was well worth the effort for the extra immersion. I highly recommend that route if you really want to get the most out of this game and have a high tolerance for horror.",1759123677,1759123677,True,0,0,0.5,True,False,pure art entire game steeped symbolism meaning every small detail character imperfect flawed human way relatable disgusting time attention care given narrative thing beauty story doesnt hold hand force think come conclusion say enough good thing game think may well best thing ive experienced performance isnt great graphic eye catching played vr thanks praydog uevr mod even harder get running well required ini tweak fine tune performance turn nanite area however well worth effort extra immersion highly recommend route really want get game high tolerance horror,pure art entire game steeped symbolism meaning every small detail character imperfect flawed human way relatable disgusting time attention care given narrative thing beauty story doesnt hold hand force think come conclusion say enough good thing game think may well best thing i have experienced performance isnt great graphic eye catching played vr thanks praydog uevr mod even harder get running well required ini tweak fine tune performance turn nanite area however well worth effort extra immersion highly recommend route really want get game high tolerance horror
205450375,76561198015021595,0,2,1505,0,en,"I am an avid Silent Hill fan, I have played every Silent Hill game up until now.  This remake of the beloved PS2 Silent Hill 2 game is a perfect update to a beloved story in the franchise. The cinematics, character interactions, audio, graphics, and environment truly immerse the player in this horror masterpiece.  The only thing I didn't enjoy as much were the battles with enemies, especially without guns. Melee weapons are cumbersome to use and strafing type battling is very disorienting. Aside from this, everything else was perfect.  Puzzles were challenging, and the highlight of the game definitely was the exploration. Often you would come into a new level and check all the doors available to you, while clearing out enemies. The game did a good job alerting you to the locations of key items and puzzles or treasure chests.  The game is pretty dark overall, which adds to the sense of dread as vision in some underground or indoor settings is severely curtailed. The radio works to enhance the sense of anxiousness as it alerts you to incoming enemies as you explore.  The best part of the game definitely is towards the end, where the nightmare sections are vibrant, varied, and perfectly designed to fill you with nightmares. The boss battles also are difficult and epic.  The developers have done great justice to this game. I am very happy with the results.  It is highly recommended for all fans of horror games. Still do give the original PS2 game a play, it is a very different kind of game than this one.",1759119334,1759119334,True,0,0,0.5,True,False,avid silent hill fan played every silent hill game remake beloved p silent hill game perfect update beloved story franchise cinematics character interaction audio graphic environment truly immerse player horror masterpiece thing didnt enjoy much battle enemy especially without gun melee weapon cumbersome use strafing type battling disorienting aside everything else perfect puzzle challenging highlight game definitely exploration often would come new level check door available clearing enemy game good job alerting location key item puzzle treasure chest game pretty dark overall add sense dread vision underground indoor setting severely curtailed radio work enhance sense anxiousness alert incoming enemy explore best part game definitely towards end nightmare section vibrant varied perfectly designed fill nightmare bos battle also difficult epic developer done great justice game happy result highly recommended fan horror game still give original p game play different kind game one,avid silent hill fan played every silent hill game remake beloved p silent hill game perfect update beloved story franchise cinematics character interaction audio graphic environment truly immerse player horror masterpiece thing didnt enjoy much battle enemy especially without gun melee weapon cumbersome use strafing type battling disorienting aside everything else perfect puzzle challenging highlight game definitely exploration often would come new level check door available clearing enemy game good job alerting location key item puzzle treasure chest game pretty dark overall add sense dread vision underground indoor setting severely curtailed radio work enhance sense anxiousness alert incoming enemy explore best part game definitely towards end nightmare section vibrant varied perfectly designed fill nightmare bos battle also difficult epic developer done great justice game happy result highly recommended fan horror game still give original p game play different kind game one
205446878,76561198355011440,229,29,1205,0,en,"I was skeptical, but blooper team made something incredible.  If you like silent hill, or horror games in general this a good take.",1759113974,1759113974,True,0,1,0.5,False,False,skeptical blooper team made something incredible like silent hill horror game general good take,skeptical blooper team made something incredible like silent hill horror game general good take
205440816,76561199810410253,0,2,2338,0,en,i didnt think they could strike fire twice since the original was a masterpiece but i was wrong this game is spectacular in every way! best game of the year by far! ready to be scared and pee your pants? then yyoure at the right place my friend? have fun fun fun ,1759105524,1759105524,True,0,0,0.5,True,False,didnt think could strike fire twice since original masterpiece wrong game spectacular every way best game year far ready scared pee pant yyoure right place friend fun fun fun,didnt think could strike fire twice since original masterpiece wrong game spectacular every way best game year far ready scared pee pant yyoure right place friend fun fun fun
205439534,76561198012515500,0,11,4475,0,en,"Silent Hill 2 is one of the greatest games ever made, let alone one of the greatest Survival Horror games. It doesn't matter whether we are talking about the original or this remake. That still holds true.  The story of James Sunderland looking for his dead wife who he receives a letter from is just an incredible set up. The strange surreal nature of the character interactions, the incredible atmosphere provided by the town of Silent Hill, and the way the story unfolds were a deeply affecting experience that I will never forget. I am happy to report that this remake delivers even HARDER on the original vision of the game. It feels like exactly the game that they would have made with better technology and budget. The performances of every character are flawless without completely removing the awkward nature of the original.  You don't need me to tell you that the game is absolutely gorgeous. The town looks so real. It really feels like a place you could go to. The graphics look crisp and detailed up close and properly obscured by fog in the distance. All of the grotesque details of every environment are expertly crafted in the otherworld segments. Many moments of high resolution disgust to experience. The redesigns of the characters have been criticized by some, particularly Angela. They must have made some changes before release based on feedback because now she looks pretty much exactly the way she should. Meanwhile, Maria's redesign I think is perfect and does a much better job of portraying her character. The original soundtrack also makes a reappearance with some minor updates which are completely welcome. By the way, why the HELL does it not have a photo mode??  Another thing that has been updated from the original is the combat. I am sorry to tell you, all of the praise you have heard about the original game's combat is completely unwarranted. I say this as someone who loves that game, but being able to completely stun lock enemies as long as you keep attacking even on the harder difficulties is not really ""gameplay."" Now in this game you actually have to conserve ammo and use your melee weapon and switch between that and your guns on the fly. Dodging is also a thing and works well. Perfect for a survival horror game. Though the puzzles were great in the original, this game's puzzles are even better. They're hard to figure out and you feel pretty smart once you do.  All of this comes together as an incredible package. I understand to those who feel really deep nostalgia for the original game might be upset by some minor changes or feel that this game lacks some soul. I'm sorry, but I can't agree at all. This game is beautiful and respectful to the original and it has been improved in nearly every single way. Please play it!",1759103813,1759103970,True,0,0,0.5,True,False,silent hill one greatest game ever made let alone one greatest survival horror game doesnt matter whether talking original remake still hold true story james sunderland looking dead wife receives letter incredible set strange surreal nature character interaction incredible atmosphere provided town silent hill way story unfolds deeply affecting experience never forget happy report remake delivers even harder original vision game feel like exactly game would made better technology budget performance every character flawless without completely removing awkward nature original dont need tell game absolutely gorgeous town look real really feel like place could go graphic look crisp detailed close properly obscured fog distance grotesque detail every environment expertly crafted otherworld segment many moment high resolution disgust experience redesigns character criticized particularly angela must made change release based feedback look pretty much exactly way meanwhile maria redesign think perfect much better job portraying character original soundtrack also make reappearance minor update completely welcome way hell photo mode another thing updated original combat sorry tell praise heard original game combat completely unwarranted say someone love game able completely stun lock enemy long keep attacking even harder difficulty really gameplay game actually conserve ammo use melee weapon switch gun fly dodging also thing work well perfect survival horror game though puzzle great original game puzzle even better theyre hard figure feel pretty smart come together incredible package understand feel really deep nostalgia original game might upset minor change feel game lack soul im sorry cant agree game beautiful respectful original improved nearly every single way please play,silent hill one greatest game ever made let alone one greatest survival horror game doesnt matter whether talking original remake still hold true story james sunderland looking dead wife receives letter incredible set strange surreal nature character interaction incredible atmosphere provided town silent hill way story unfolds deeply affecting experience never forget happy report remake delivers even harder original vision game feel like exactly game would made better technology budget performance every character flawless without completely removing awkward nature original do not need tell game absolutely gorgeous town look real really feel like place could go graphic look crisp detailed close properly obscured fog distance grotesque detail every environment expertly crafted otherworld segment many moment high resolution disgust experience redesigns character criticized particularly angela must made change release based feedback look pretty much exactly way meanwhile maria redesign think perfect much better job portraying character original soundtrack also make reappearance minor update completely welcome way hell photo mode another thing updated original combat sorry tell praise heard original game combat completely unwarranted say someone love game able completely stun lock enemy long keep attacking even harder difficulty really gameplay game actually conserve ammo use melee weapon switch gun fly dodging also thing work well perfect survival horror game though puzzle great original game puzzle even better theyre hard figure feel pretty smart come together incredible package understand feel really deep nostalgia original game might upset minor change feel game lack soul i am sorry cannot agree game beautiful respectful original improved nearly every single way please play
205436002,76561197995441986,0,65,1597,0,en,"Game was amazing, sadly the unreal engine was trash for like 90% of my time playing it.  Nexus mod manager has a graphic mod what can help fix unreal engine crashes and worked for me flawlessly, sadly I had to find this out a year later after release   7/10  would of been 10/10 if the engine did not suck big doo doo",1759099286,1759503405,True,0,0,0.455683022737503,True,False,game amazing sadly unreal engine trash like time playing nexus mod manager graphic mod help fix unreal engine crash worked flawlessly sadly find year later release would engine suck big doo doo,game amazing sadly unreal engine trash like time playing nexus mod manager graphic mod help fix unreal engine crash worked flawlessly sadly find year later release would engine suck big doo doo
205434832,76561198150885150,509,5,1080,0,en,"Great game. The atmosphere is more oppressing than ever, the gameplay overhaul is also fairly smooth",1759097891,1759097891,True,0,0,0.5,True,False,great game atmosphere oppressing ever gameplay overhaul also fairly smooth,great game atmosphere oppressing ever gameplay overhaul also fairly smooth
205434699,76561198091655137,0,7,1327,0,en,"This game was extremely fun, it was recommended to me by a friend. I wouldn't have picked it up otherwise, so if you are on the fence to try out something new, you have my blessing.",1759097719,1759097719,True,0,0,0.5,False,False,game extremely fun recommended friend wouldnt picked otherwise fence try something new blessing,game extremely fun recommended friend wouldnt picked otherwise fence try something new blessing
205430116,76561198043829515,343,11,1601,378,en,"Short version, Silent Hill 2's remake is one of the best games I've ever played and is a perfect entry spot for those uncomfortable with learning the old games' tank controls. It will make you feel dirty, sad and contemplative, as it should.  the long version...  Speaking as newly minted Silent Hill fan, going through the entire series (largely in release order), I can't speak fully either as a SH veteran with a long history nor as someone completely fresh to the franchise, being caught somewhere in the middle. That said, the original SH2 was frankly a disappointment the first time I played through it. Heralded as one of the greatest horror games and stories in video games, I knew I was alone in this. It wasn't its gameplay, atmosphere or pacing, mind you. The game's excellent and arguably the best of the first three judging by those elements alone. And that's coming from someone that adored first game and really liked 3 but 2... 2's story took awhile to warm on me as I just found OG James's insufferable.  Now, let's be clear. I'm really not one of those folks who hates sad and or weak main characters. My issue instead was that I found OG James creepy for most of my playthrough and I just couldn't sympathies with him. He felt like the archetypal (and I hate using this term) ""nice guy"", someone who's only nice because he feels like that's what's expected of him or to his benefit, but actually felt nothing towards others. Remake James meanwhile I wouldn't mind hanging out with. He'd be quiet and there would be ""something"" off about him, but I would just put it off as him going through a rough patch. Of course, things are complicated and there's more to both versions of James, but the differences being if I found out Remake James did something bad, I'd be shocked, while with OG James I'm just waiting to find out something. Many fans of the OG will argued that James is supposed to be off-putting as is the rest of the cast, but for me personally, it's a more effective atmosphere that I'm dreading the monsters and horrors, not encountering other people. There's still plenty off about the cast of SH2 Remake, but it's a lot more subtle, in large parts thanks to advanced motion capture and amazing performances, and I much prefer it. Gameplay wise, the remake is superb. I don't think anyone gonna deny that the remake is vast improvement in combat, which was pretty easy in the original outside of one or two annoying enemy types. Combat feels hefty and tense, making me calculate and weigh my options and resources when I spot enemies ahead or have to react in panic when I'm jumped. Boss battles are now actually boss fights, while the original killed whatever tension I might have had with everyone's favourite, pyramid head, in his long and annoying first boss fight where you just dodge his slow attacks for awhile in a small room.   Puzzles are mostly pretty good, with only the occasional headache that made me like I was going insane (I played on Hard puzzles for reference). The environments are absolutely top tier in industry, feeling large and allowing for those wonderful metroidvana brain clicks when areas loop back, but are simultaneously highly detailed and uncomfortably tight when fitting. The visuals teams deserves big credit for making Silent Hill's Otherworld tie a little more into other games versions of it whilst making it very distinctly its own between the wetness and overwhelming filth. Honest to god, part of me is disappointed James doesn't retain any grim and crap he gets covered in, but I'm also aware it would be have been tiring for him to look like 90% of the game without them adding a shower mechanic or something.  Some might be wondering how scary the game is, but I'm the wrong person to ask. I haven't found any third person games scary at this point in my life, with only SH3 getting to me in brief moments to its sound and creature designs hitting a personal nerve. That said, SH2 remake did make me jump the odd time (the mannequins can go to hell, thank you) and the grossness certainly made me uncomfortable, especially in those quick times event. Its sound design is also amazing and whomever made the choice to add those noises to the mannequins deserves a raise. So yeah, I won't call SH2 Remake scary, certainly uncomfortable and occasionally giving the odd surprise, but your mileage will vary if you're not desensitized to 90% of horror like I am.  Frankly, the only criticisms I can imagine someone having with this game are due to its interpretations of the story (which is highly subjective), its slower pace (fair, but the original had moments that were too fast, like meeting Angela then Eddie in the labyrinth), and if its combat is too powering or not enough (again, a highly subjective matter). That's rather incredible I feel for a game that could have gone so wrong and been rushed to make Konami a quick buck (*ahem* Downpour, Homecoming, etc), but Bloober Team absolutely delivered and for my money, made a great game even better.  I excited yet terrified for their upcoming Silent Hill 1 remake.",1759092882,1759093345,True,0,0,0.5,True,False,short version silent hill remake one best game ive ever played perfect entry spot uncomfortable learning old game tank control make feel dirty sad contemplative long version speaking newly minted silent hill fan going entire series largely release order cant speak fully either sh veteran long history someone completely fresh franchise caught somewhere middle said original sh frankly disappointment first time played heralded one greatest horror game story video game knew alone wasnt gameplay atmosphere pacing mind game excellent arguably best first three judging element alone thats coming someone adored first game really liked story took awhile warm found og james insufferable let clear im really one folk hate sad weak main character issue instead found og james creepy playthrough couldnt sympathy felt like archetypal hate using term nice guy someone who nice feel like thats whats expected benefit actually felt nothing towards others remake james meanwhile wouldnt mind hanging hed quiet would something would put going rough patch course thing complicated there version james difference found remake james something bad id shocked og james im waiting find something many fan og argued james supposed offputting rest cast personally effective atmosphere im dreading monster horror encountering people there still plenty cast sh remake lot subtle large part thanks advanced motion capture amazing performance much prefer gameplay wise remake superb dont think anyone gon na deny remake vast improvement combat pretty easy original outside one two annoying enemy type combat feel hefty tense making calculate weigh option resource spot enemy ahead react panic im jumped bos battle actually bos fight original killed whatever tension might everyones favourite pyramid head long annoying first bos fight dodge slow attack awhile small room puzzle mostly pretty good occasional headache made like going insane played hard puzzle reference environment absolutely top tier industry feeling large allowing wonderful metroidvana brain click area loop back simultaneously highly detailed uncomfortably tight fitting visuals team deserves big credit making silent hill otherworld tie little game version whilst making distinctly wetness overwhelming filth honest god part disappointed james doesnt retain grim crap get covered im also aware would tiring look like game without adding shower mechanic something might wondering scary game im wrong person ask havent found third person game scary point life sh getting brief moment sound creature design hitting personal nerve said sh remake make jump odd time mannequin go hell thank grossness certainly made uncomfortable especially quick time event sound design also amazing whomever made choice add noise mannequin deserves raise yeah wont call sh remake scary certainly uncomfortable occasionally giving odd surprise mileage vary youre desensitized horror like frankly criticism imagine someone game due interpretation story highly subjective slower pace fair original moment fast like meeting angela eddie labyrinth combat powering enough highly subjective matter thats rather incredible feel game could gone wrong rushed make konami quick buck ahem downpour homecoming etc bloober team absolutely delivered money made great game even better excited yet terrified upcoming silent hill remake,short version silent hill remake one best game i have ever played perfect entry spot uncomfortable learning old game tank control make feel dirty sad contemplative long version speaking newly minted silent hill fan going entire series largely release order cannot speak fully either sh veteran long history someone completely fresh franchise caught somewhere middle said original sh frankly disappointment first time played heralded one greatest horror game story video game knew alone wasnt gameplay atmosphere pacing mind game excellent arguably best first three judging element alone thats coming someone adored first game really liked story took awhile warm found og james insufferable let clear i am really one folk hate sad weak main character issue instead found og james creepy playthrough couldnt sympathy felt like archetypal hate using term nice guy someone who nice feel like thats whats expected benefit actually felt nothing towards others remake james meanwhile wouldnt mind hanging hed quiet would something would put going rough patch course thing complicated there version james difference found remake james something bad id shocked og james i am waiting find something many fan og argued james supposed offputting rest cast personally effective atmosphere i am dreading monster horror encountering people there still plenty cast sh remake lot subtle large part thanks advanced motion capture amazing performance much prefer gameplay wise remake superb do not think anyone gon na deny remake vast improvement combat pretty easy original outside one two annoying enemy type combat feel hefty tense making calculate weigh option resource spot enemy ahead react panic i am jumped bos battle actually bos fight original killed whatever tension might everyones favourite pyramid head long annoying first bos fight dodge slow attack awhile small room puzzle mostly pretty good occasional headache made like going insane played hard puzzle reference environment absolutely top tier industry feeling large allowing wonderful metroidvana brain click area loop back simultaneously highly detailed uncomfortably tight fitting visuals team deserves big credit making silent hill otherworld tie little game version whilst making distinctly wetness overwhelming filth honest god part disappointed james doesnt retain grim crap get covered i am also aware would tiring look like game without adding shower mechanic something might wondering scary game i am wrong person ask havent found third person game scary point life sh getting brief moment sound creature design hitting personal nerve said sh remake make jump odd time mannequin go hell thank grossness certainly made uncomfortable especially quick time event sound design also amazing whomever made choice add noise mannequin deserves raise yeah will not call sh remake scary certainly uncomfortable occasionally giving odd surprise mileage vary youre desensitized horror like frankly criticism imagine someone game due interpretation story highly subjective slower pace fair original moment fast like meeting angela eddie labyrinth combat powering enough highly subjective matter thats rather incredible feel game could gone wrong rushed make konami quick buck ahem downpour homecoming etc bloober team absolutely delivered money made great game even better excited yet terrified upcoming silent hill remake
205408965,76561198452384690,0,10,1290,0,en,"This game is one of the best games I have ever played, the story is fantastic and pulls on your heart at some moments, and as you get closer to the end I found myself itching more and more wanting to find Mary. Overall I would recommend if you want a great story, I would definitely play this game and maybe it too could be your new favorite game. 10/10 would recommend.",1759074888,1759074888,True,0,0,0.5,True,False,game one best game ever played story fantastic pull heart moment get closer end found itching wanting find mary overall would recommend want great story would definitely play game maybe could new favorite game would recommend,game one best game ever played story fantastic pull heart moment get closer end found itching wanting find mary overall would recommend want great story would definitely play game maybe could new favorite game would recommend
205407490,76561199230106162,36,2,2353,0,en,This game was an emotional an emotional rollercoaster. The storyline was so insanely good I want to play it again to see if I can get another ending. ** THE AUDIO IS 4D** good luck it’s worth it,1759073690,1759073690,True,0,0,0.5,True,False,game emotional emotional rollercoaster storyline insanely good want play see get another ending audio good luck worth,game emotional emotional rollercoaster storyline insanely good want play see get another ending audio good luck worth
205397448,76561198799259141,123,10,1972,3,en,"As someone who has never played a Silent Hill game before, this game was honestly very good, amazing even, the story dragged me in almost straight away, the gameplay is good feeling, the combat is alright once you've practiced enough lol, some of the puzzles were very confusing, managed to work out most of them on my own xD I still very much enjoyed the game. I definitely recommend it!",1759065390,1759065390,True,0,0,0.5,True,False,someone never played silent hill game game honestly good amazing even story dragged almost straight away gameplay good feeling combat alright youve practiced enough lol puzzle confusing managed work xd still much enjoyed game definitely recommend,someone never played silent hill game game honestly good amazing even story dragged almost straight away gameplay good feeling combat alright youve practiced enough laughing out loud puzzle confusing managed work xd still much enjoyed game definitely recommend
205396452,76561198047944369,0,26,1258,0,en,"Damn, that's a story right there. Gameplay, combat and puzzles are fine but the atmosphere, music, dread, tension, characters, environments and the jolting, hitching pace of the story are mesmerizing.",1759064466,1759064466,True,0,0,0.5,True,False,damn thats story right gameplay combat puzzle fine atmosphere music dread tension character environment jolting hitching pace story mesmerizing,damn thats story right gameplay combat puzzle fine atmosphere music dread tension character environment jolting hitching pace story mesmerizing
205360970,76561198154269385,0,32,1365,0,en,"  ---{ Graphics }--- ☐ You forget what reality is ☑ Beautiful ☐ Good ☐ Decent ☐ Bad ☐ Don‘t look too long at it ☐ MS-DOS  ---{ Gameplay }--- ☐ Very good ☑ Good ☐ It's just gameplay ☐ Mehh ☐ Watch paint dry instead ☐ Just don't  ---{ Audio }--- ☐ Eargasm ☑ Very good ☐ Good ☐ Not too bad ☐ Bad ☐ I'm now deaf  ---{ Audience }--- ☐ Kids ☐ Teens ☑ Adults ☐ Grandma  ---{ PC Requirements }--- ☐ Check if you can run paint ☐ Potato ☐ Decent ☑ Fast ☐ Rich boi ☐ Ask NASA if they have a spare computer  ---{ Difficulty }--- ☐ Just press 'W' ☐ Easy ☑ Easy to learn / Hard to master ☐ Significant brain usage ☐ Difficult ☐ Dark Souls  ---{ Grind }--- ☑ Nothing to grind ☐ Only if u care about leaderboards/ranks ☐ Isn't necessary to progress ☐ Average grind level ☐ Too much grind ☐ You'll need a second life for grinding  ---{ Story }--- ☐ No Story ☐ Some lore ☐ Average ☐ Good ☐ Lovely ☑ It'll replace your life  ---{ Game Time }--- ☐ Long enough for a cup of coffee ☐ Short ☑ Average ☐ Long ☐ To infinity and beyond  ---{ Price }--- ☐ It's free! ☑ Worth the price ☐ If it's on sale ☐ If u have some spare money left ☐ Not recommended ☐ You could also just burn your money  ---{ 9 / 10 }--- ☐ 1 ☐ 2 ☐ 3 ☐ 4 ☐ 5 ☐ 6 ☐ 7 ☐ 8 ☑ 9 ☐ 10  One of the best horror games available on the market.  Honestly, it may not be as action packed as the modern Resident Evil games/ remakes, but boy, is it a lot more frightening.  I really enjoy playing horror games, from random Indie to AAA games such as the Resi series, and this game, in terms of pure horror, takes the cake.  The soundtrack adapts to your situation, the environments are dark, grimy and oppressive, making you feel constantly on edge. The game does have it's share of jump scares, but they pale in comparison to just the constant feeling of unease as your wander your way through Silent Hill's various environments.  The lore goes to insane levels. You can understand the basic plot just by playing through, but really understand it all, you need to read every single collectable you find. Even then, it's not easy to piece together.  I'm talking Fromsoft level and them some. Honestly, I recommend playing through the story and then watching a few Youtube videos, because the lore is goes deeper than my Uncle did when I was 8.  Jokes, aside, it's a phenomenal game. A pure joy (and terror) to play through which will leave your hands feeling clammy and chills down your spine.  If you're looking for a high quality, psychological horror game, that focuses more on making the player feel constant dread through it's various environments and story, then pick this up. You won't regret it. I highly recommend it. Graphics are great, the audio is amazing for the genre, combat is ok, but still enjoyable.   What are you waiting for? We're a few days away from Spooktober as of writing this review, it's the season for it! I've also just picked up Silent Hill f, looking forward to that one too!      ",1759019641,1759019641,True,0,0,0.5,False,False,graphic forget reality beautiful good decent bad dont look long msdos gameplay good good gameplay mehh watch paint dry instead dont audio eargasm good good bad bad im deaf audience kid teen adult grandma pc requirement check run paint potato decent fast rich boi ask nasa spare computer difficulty press w easy easy learn hard master significant brain usage difficult dark soul grind nothing grind u care leaderboardsranks isnt necessary progress average grind level much grind youll need second life grinding story story lore average good lovely itll replace life game time long enough cup coffee short average long infinity beyond price free worth price sale u spare money left recommended could also burn money one best horror game available market honestly may action packed modern resident evil game remake boy lot frightening really enjoy playing horror game random indie aaa game resi series game term pure horror take cake soundtrack adapts situation environment dark grimy oppressive making feel constantly edge game share jump scare pale comparison constant feeling unease wander way silent hill various environment lore go insane level understand basic plot playing really understand need read every single collectable find even easy piece together im talking fromsoft level honestly recommend playing story watching youtube video lore go deeper uncle joke aside phenomenal game pure joy terror play leave hand feeling clammy chill spine youre looking high quality psychological horror game focus making player feel constant dread various environment story pick wont regret highly recommend graphic great audio amazing genre combat ok still enjoyable waiting day away spooktober writing review season ive also picked silent hill f looking forward one,graphic forget reality beautiful good decent bad do not look long msdos gameplay good good gameplay mehh watch paint dry instead do not audio eargasm good good bad bad i am deaf audience kid teen adult grandma pc requirement check run paint potato decent fast rich boi ask nasa spare computer difficulty press w easy easy learn hard master significant brain usage difficult dark soul grind nothing grind you care leaderboardsranks isnt necessary progress average grind level much grind youll need second life grinding story story lore average good lovely itll replace life game time long enough cup coffee short average long infinity beyond price free worth price sale you spare money left recommended could also burn money one best horror game available market honestly may action packed modern resident evil game remake boy lot frightening really enjoy playing horror game random indie aaa game resi series game term pure horror take cake soundtrack adapts situation environment dark grimy oppressive making feel constantly edge game share jump scare pale comparison constant feeling unease wander way silent hill various environment lore go insane level understand basic plot playing really understand need read every single collectable find even easy piece together i am talking fromsoft level honestly recommend playing story watching youtube video lore go deeper uncle joke aside phenomenal game pure joy terror play leave hand feeling clammy chill spine youre looking high quality psychological horror game focus making player feel constant dread various environment story pick will not regret highly recommend graphic great audio amazing genre combat ok still enjoyable waiting day away spooktober writing review season i have also picked silent hill f looking forward one
205360095,76561199758139848,40,5,2014,0,en,This game is one of the best games i have ever played im not usually a singleplayer fan but this omg it was perfect as soon as i beat it i didnt even hesitate to start another new game and do it all again,1759018486,1759018486,True,0,0,0.5,False,False,game one best game ever played im usually singleplayer fan omg perfect soon beat didnt even hesitate start another new game,game one best game ever played i am usually singleplayer fan omg perfect soon beat didnt even hesitate start another new game
205359225,76561198434439483,121,16,3315,1517,en,"A pretty damn faithful remake. Only a few minor changes to events but not enough to constitute the game as a ""reimagining.""  Loved my time with it as a fan of the OG. Only criticism I have is there are a LOT more enemy encounter compared to the original but it's not that bad.  9/10",1759017448,1760740960,True,0,0,0.5,True,False,pretty damn faithful remake minor change event enough constitute game reimagining loved time fan og criticism lot enemy encounter compared original bad,pretty damn faithful remake minor change event enough constitute game reimagining loved time fan og criticism lot enemy encounter compared original bad
205352632,76561198337021346,0,22,881,0,en,"10 hours in the game and absolutely loving it. Can't wait to play further. Haven't played the original. Only SH3 and never finished it. Now I'm thinking of playing the other games too, including f. The atmosphere is amazing. One of the things I love the most is that the game doesn't show you what you need to do or where to go. You need to explore and find clues or objects. Like old games used to do in the past. Strongly recommend this game if you're a patient person that loves mistery and horror done well. I'm playing this on steam deck.",1759010139,1759010139,True,0,0,0.5,True,False,hour game absolutely loving cant wait play havent played original sh never finished im thinking playing game including f atmosphere amazing one thing love game doesnt show need go need explore find clue object like old game used past strongly recommend game youre patient person love mistery horror done well im playing steam deck,hour game absolutely loving cannot wait play havent played original sh never finished i am thinking playing game including f atmosphere amazing one thing love game doesnt show need go need explore find clue object like old game used past strongly recommend game youre patient person love mistery horror done well i am playing steam deck
205351539,76561198089082744,206,20,1231,0,en," Pretty solid overall, great atmosphere and lighting, over-all some really impressive set-pieces.  Dragged a bit near the middle, some segments went on for too long, but picked back up again in the last two chapters or so.  Could have done with less combat, it took the horror aspect away from the game almost entirely, because you're expecting to run into another combat encounter every 10 seconds.  A good experience, but expect a lot of performance issues.  8/10",1759009000,1759009000,True,0,0,0.5,False,False,pretty solid overall great atmosphere lighting overall really impressive setpieces dragged bit near middle segment went long picked back last two chapter could done less combat took horror aspect away game almost entirely youre expecting run another combat encounter every second good experience expect lot performance issue,pretty solid overall great atmosphere lighting overall really impressive setpieces dragged bit near middle segment went long picked back last two chapter could done less combat took horror aspect away game almost entirely youre expecting run another combat encounter every second good experience expect lot performance issue
205351359,76561198000627678,326,69,1569,418,en,"I never played original one. This game is crazy good. Intro very long tho.  Must have game for funs of: Alone in the Dark, Alan Wake, Resident Evil etc",1759008813,1759412897,True,0,0,0.5,True,False,never played original one game crazy good intro long tho must game fun alone dark alan wake resident evil etc,never played original one game crazy good intro long tho must game fun alone dark alan wake resident evil etc
205334904,76561199226269343,17,1,2982,309,en,"The best remake I have ever played!! The game felt so fluent and original while staying true to the original. The voice acting was top of the charts, while having the cinematic cutscenes. Can not express how much I enjoyed playing this remake and continue to play it even after getting all the achievements!!!",1758994194,1758994194,True,0,0,0.5,False,False,best remake ever played game felt fluent original staying true original voice acting top chart cinematic cutscenes express much enjoyed playing remake continue play even getting achievement,best remake ever played game felt fluent original staying true original voice acting top chart cinematic cutscenes express much enjoyed playing remake continue play even getting achievement
205329661,76561197975524911,0,64,2113,428,en,"Absolutely amazing game, I can't believe I slept on this one for over 20 years. Highly recommended, especially if you enjoy survival horror.   The atmosphere in SH2 is perfect, from the dingy, run down small town streets to the oppressive corridors of abandoned apartments, the game is subtlety unsettling from start to finish. I am playing the game on standard combat difficulty and the survival horror elements are well done so far. You always feel just a little bit lower on resources than you'd like, without forcing you to die and reload your game a lot, which in my opinion would break the immersion.   Currently I am playing with the puzzle difficulty set to hard, and some of the puzzles so far have been real head scratchers, but solvable without a guide. Combat in this game is probably its weak link, as it's really nothing interesting or special. James is able to dodge and has a sprint, some enemies are easier to melee attack than others, sometimes it's better to run past enemies than engage them.   I have a fairly beefy gaming PC, so I'm able to play this game at max graphical settings with raytracing enabled with no issue. I experience no stuttering and with frame generation enabled, it's a very smooth experience with some occasional minor graphical artifacts caused by raytracing+frame gen.   Overall, the setting, pacing and story of this game are legendary, and so far Bloober Team has done an excellent job with SH2R.   Pros: - Amazing atmosphere - Great sound effects - Excellent moody soundtrack that sets the oppressive tone of the game - Excellent graphics - Interesting story - Rewarding exploration and puzzles  Cons: - Bland combat  - Minor graphical artifacting caused by raytracing + frame generation",1758989857,1758989857,True,0,0,0.5,True,False,absolutely amazing game cant believe slept one year highly recommended especially enjoy survival horror atmosphere sh perfect dingy run small town street oppressive corridor abandoned apartment game subtlety unsettling start finish playing game standard combat difficulty survival horror element well done far always feel little bit lower resource youd like without forcing die reload game lot opinion would break immersion currently playing puzzle difficulty set hard puzzle far real head scratcher solvable without guide combat game probably weak link really nothing interesting special james able dodge sprint enemy easier melee attack others sometimes better run past enemy engage fairly beefy gaming pc im able play game max graphical setting raytracing enabled issue experience stuttering frame generation enabled smooth experience occasional minor graphical artifact caused raytracingframe gen overall setting pacing story game legendary far bloober team done excellent job shr pro amazing atmosphere great sound effect excellent moody soundtrack set oppressive tone game excellent graphic interesting story rewarding exploration puzzle con bland combat minor graphical artifacting caused raytracing frame generation,absolutely amazing game cannot believe slept one year highly recommended especially enjoy survival horror atmosphere sh perfect dingy run small town street oppressive corridor abandoned apartment game subtlety unsettling start finish playing game standard combat difficulty survival horror element well done far always feel little bit lower resource youd like without forcing die reload game lot opinion would break immersion currently playing puzzle difficulty set hard puzzle far real head scratcher solvable without guide combat game probably weak link really nothing interesting special james able dodge sprint enemy easier melee attack others sometimes better run past enemy engage fairly beefy gaming pc i am able play game max graphical setting raytracing enabled issue experience stuttering frame generation enabled smooth experience occasional minor graphical artifact caused raytracingframe gen overall setting pacing story game legendary far bloober team done excellent job shr pro amazing atmosphere great sound effect excellent moody soundtrack set oppressive tone game excellent graphic interesting story rewarding exploration puzzle con bland combat minor graphical artifacting caused raytracing frame generation
205290452,76561198391833210,0,2,1129,0,en,"Retold the story very well, had me hooked the entire time. The details for everything in this game is amazing, I can't even put it into words how much I enjoyed every second of this game. I loved the idea that there are 8 different endings you can get and it all depends on your gameplay style. Best remake ever!!",1758948963,1758948963,True,0,0,0.5,True,False,retold story well hooked entire time detail everything game amazing cant even put word much enjoyed every second game loved idea different ending get depends gameplay style best remake ever,retold story well hooked entire time detail everything game amazing cannot even put word much enjoyed every second game loved idea different ending get depends gameplay style best remake ever
205283440,76561198315861221,0,100,1459,0,en,"Wow... What a way to pay respect and remake quite possibly the best horror game that was ever made!  It has been more than 10 years since I played the original SH2 and I gotta say, this remake hits right in the feels. I was left speechless throughout my gameplay from how they managed to recapture that lightning in a bottle again. This game has such an unsettling atmosphere that will leave you with a horrible feeling in your guts, with the mystery forcing you to go through all kinds of trials and tribulations to see it through until you reach the ending.   Honestly, the remake goes bar for bar with the original game in every aspect except for the music and the uncanny feeling of the PS2 graphics and aesthetics. The only way that it would have been better is if they ripped the iconic sound design straight from the original game but it will defeat the purpose of the remake. However, the game excels in the visual side and the new combat mechanics. Seriously, you cannot find a better looking survival horror game in the market and in games in general.  Regarding the story: If you never played the original, you should 100% go blind so that you can experience the god-like storytelling of the original game and how it paved the way for all psychological horror games to flourish after it. I also gotta salute the voice actors for the phenomenal work that they have done in portraying the emotional depth of the characters.  Overall, it gets an easy 10/10, I would sell both my kidneys to get the same quality remakes for SH1, SH3 and SH4!",1758940189,1758940189,True,0,0,0.5,True,False,wow way pay respect remake quite possibly best horror game ever made year since played original sh got ta say remake hit right feel left speechless throughout gameplay managed recapture lightning bottle game unsettling atmosphere leave horrible feeling gut mystery forcing go kind trial tribulation see reach ending honestly remake go bar bar original game every aspect except music uncanny feeling p graphic aesthetic way would better ripped iconic sound design straight original game defeat purpose remake however game excels visual side new combat mechanic seriously find better looking survival horror game market game general regarding story never played original go blind experience godlike storytelling original game paved way psychological horror game flourish also got ta salute voice actor phenomenal work done portraying emotional depth character overall get easy would sell kidney get quality remake sh sh sh,wow way pay respect remake quite possibly best horror game ever made year since played original sh got ta say remake hit right feel left speechless throughout gameplay managed recapture lightning bottle game unsettling atmosphere leave horrible feeling gut mystery forcing go kind trial tribulation see reach ending honestly remake go bar bar original game every aspect except music uncanny feeling p graphic aesthetic way would better ripped iconic sound design straight original game defeat purpose remake however game excels visual side new combat mechanic seriously find better looking survival horror game market game general regarding story never played original go blind experience godlike storytelling original game paved way psychological horror game flourish also got ta salute voice actor phenomenal work done portraying emotional depth character overall get easy would sell kidney get quality remake sh sh sh
205271265,76561198192978577,297,2,1970,0,en,"To put it bluntly, this does not replace the OG, it is a fantastic companion. It does feel a tad long in the tooth by the end, but I still would recommend this to newcomers and veterans alike.  I'm curious what Blooper is going to do with SH1, so fingers crossed they treat it with the same reverence as this. ",1758924637,1758924637,True,0,0,0.5,False,False,put bluntly replace og fantastic companion feel tad long tooth end still would recommend newcomer veteran alike im curious blooper going sh finger crossed treat reverence,put bluntly replace og fantastic companion feel tad long tooth end still would recommend newcomer veteran alike i am curious blooper going sh finger crossed treat reverence
205266029,76561198259106968,73,1,1380,84,en,"Probably one of the most beautiful and impactful stories ive ever experienced in a game. It explores grief, guilt, and the complexities of human nature in such a raw and haunting way that it has stuck with me. This was actually my first proper horror game since ive always been too anxious to play any horror games, but the depth of the story pulled me in and kept me hooked. Its unsettling, and emotional in an unforgettable way. I am so deeply in love with this game and all it represents and explores",1758919472,1758919624,True,0,0,0.5,False,False,probably one beautiful impactful story ive ever experienced game explores grief guilt complexity human nature raw haunting way stuck actually first proper horror game since ive always anxious play horror game depth story pulled kept hooked unsettling emotional unforgettable way deeply love game represents explores,probably one beautiful impactful story i have ever experienced game explores grief guilt complexity human nature raw haunting way stuck actually first proper horror game since i have always anxious play horror game depth story pulled kept hooked unsettling emotional unforgettable way deeply love game represents explores
205264749,76561198157939973,193,40,851,0,en,"beautiful, i stopped a while back because i got stuck but decided to get back on and it was the best decision, amazing storytelling and graphics.",1758918301,1758918301,True,0,0,0.5,True,False,beautiful stopped back got stuck decided get back best decision amazing storytelling graphic,beautiful stopped back got stuck decided get back best decision amazing storytelling graphic
205260922,76561197988645211,0,14,2623,0,en,"Amazing Nightmare fuel. I love everything about this game! the soundtrack to the ambiance to the visuals, combat, everything is superb. BlooberTeam owns.",1758914892,1758914892,True,0,0,0.5,True,False,amazing nightmare fuel love everything game soundtrack ambiance visuals combat everything superb blooberteam owns,amazing nightmare fuel love everything game soundtrack ambiance visuals combat everything superb blooberteam owns
205258635,76561198054367114,165,11,1678,0,en,"Let me preface this review by noting that the game still has traversal stutters as of September 2025. It takes away from what is otherwise the best depiction of Silent Hill 2. That being said, this game is one of the best survival horror experiences I have ever played. The sense of relief you get after clearing a map feels very rewarding with how much dread the game puts you up with. Definitely pick this one up if you have any interest in the survival horror genre.",1758912872,1758912872,True,0,0,0.5,True,False,let preface review noting game still traversal stutter september take away otherwise best depiction silent hill said game one best survival horror experience ever played sense relief get clearing map feel rewarding much dread game put definitely pick one interest survival horror genre,let preface review noting game still traversal stutter september take away otherwise best depiction silent hill said game one best survival horror experience ever played sense relief get clearing map feel rewarding much dread game put definitely pick one interest survival horror genre
205254280,76561199799544317,0,3,868,0,en,really great game and had a really cool twist towards the end. i loved this,1758908939,1758908939,True,0,0,0.5,True,False,really great game really cool twist towards end loved,really great game really cool twist towards end loved
205242787,76561198806259844,0,23,1681,0,en,"I had to take a night to think of a review. This game was an immense study into grief, trauma, love, loss, and the general pains of becoming an adult in a broken society. I loved every minute of it and (probably) will play it all again soon. I went into this game completely blind and I'm SOOOOOOO glad I did. This game is best experienced with little to no backstory or information. Get it. Play it. Cry over it.",1758899034,1758899034,True,0,0,0.5,False,False,take night think review game immense study grief trauma love loss general pain becoming adult broken society loved every minute probably play soon went game completely blind im sooooooo glad game best experienced little backstory information get play cry,take night think review game immense study grief trauma love loss general pain becoming adult broken society loved every minute probably play soon went game completely blind i am sooooooo glad game best experienced little backstory information get play cry
205231975,76561199466057193,0,65,2699,0,en,just beaten the game and its amazing every minute of it! What a childhood nostalgia! amazing game! can we have the room next bloober team?,1758888202,1758888202,True,0,0,0.5,False,False,beaten game amazing every minute childhood nostalgia amazing game room next bloober team,beaten game amazing every minute childhood nostalgia amazing game room next bloober team
205226976,76561198095154347,1094,84,1097,0,en,"Sillent Hill 2  Gameplay is pretty good i have no issue with the melee combat just hit-hit and dodge, same goes for firearms i was pretty nice stocked with ammo since you aren´t limited by inventory like in other horror games.   Story is deep and nicely driven about puzzles they quite challenging. I must say the sound effects or the music? bring you nice unsafe uncomftoble feel that force you to look around because you won´t feel safe even after kill everything you came cross.  Enemyes are.-. No idea how to describe them, i´ve feelt like playing someones fever nightmare in good way. So i Quit here with i recommend it, Great remake of classic game.",1758881409,1758881409,True,0,0,0.5,True,False,sillent hill gameplay pretty good issue melee combat hithit dodge go firearm pretty nice stocked ammo since arent limited inventory like horror game story deep nicely driven puzzle quite challenging must say sound effect music bring nice unsafe uncomftoble feel force look around wont feel safe even kill everything came cross enemyes idea describe ive feelt like playing someone fever nightmare good way quit recommend great remake classic game,sillent hill gameplay pretty good issue melee combat hithit dodge go firearm pretty nice stocked ammo since arent limited inventory like horror game story deep nicely driven puzzle quite challenging must say sound effect music bring nice unsafe uncomftoble feel force look around will not feel safe even kill everything came cross enemyes idea describe i have feelt like playing someone fever nightmare good way quit recommend great remake classic game
205224002,76561198153393601,0,23,3531,30,en,"Silent Hill 2 is simply one of the greatest horror games ever made. What makes it so special to me is how much of the fear comes from inside, not outside. The monsters, the fog, the town itself — everything feels like a reflection of James’s mind, his guilt, his grief, his need for punishment. It’s not just about being scared, it’s about being unsettled all the way down, and that’s what makes it unforgettable.  I love how everything in the game means something. Pyramid Head isn’t just a monster, he’s James’s guilt given form. The environments aren’t just creepy, they feel like memories rotting away. Even the other characters you meet feel like echoes of trauma, each carrying their own despair. It’s all so layered, and the more you think about it, the darker it gets.  The story is devastating. James isn’t some action hero — he’s broken, and as the truth unravels you realize just how tragic it all is. It’s rare for a game to make you feel horror and heartbreak at the same time, but Silent Hill 2 does it better than anything else I’ve played. The atmosphere, the pacing, the sound design, Akira Yamaoka’s music — every piece comes together perfectly.  It’s clunky sometimes, sure, especially the combat, but honestly I don’t even care. The awkwardness just makes the game feel heavier, slower, more suffocating. It’s part of the experience.  Silent Hill 2 isn’t just a horror game. It’s a masterpiece about grief, guilt, memory, and how far people will go to hide from or face the truth. It’s stuck with me more than any other horror game ever has, and probably always will.  Thanks Team Silent! :)",1758876689,1758876689,True,0,0,0.5,False,False,silent hill simply one greatest horror game ever made make special much fear come inside outside monster fog town everything feel like reflection james mind guilt grief need punishment scared unsettled way thats make unforgettable love everything game mean something pyramid head isnt monster he james guilt given form environment arent creepy feel like memory rotting away even character meet feel like echo trauma carrying despair layered think darker get story devastating james isnt action hero he broken truth unravels realize tragic rare game make feel horror heartbreak time silent hill better anything else ive played atmosphere pacing sound design akira yamaokas music every piece come together perfectly clunky sometimes sure especially combat honestly dont even care awkwardness make game feel heavier slower suffocating part experience silent hill isnt horror game masterpiece grief guilt memory far people go hide face truth stuck horror game ever probably always thanks team silent,silent hill simply one greatest horror game ever made make special much fear come inside outside monster fog town everything feel like reflection james mind guilt grief need punishment scared unsettled way thats make unforgettable love everything game mean something pyramid head isnt monster he james guilt given form environment arent creepy feel like memory rotting away even character meet feel like echo trauma carrying despair layered think darker get story devastating james isnt action hero he broken truth unravels realize tragic rare game make feel horror heartbreak time silent hill better anything else i have played atmosphere pacing sound design akira yamaokas music every piece come together perfectly clunky sometimes sure especially combat honestly do not even care awkwardness make game feel heavier slower suffocating part experience silent hill isnt horror game masterpiece grief guilt memory far people go hide face truth stuck horror game ever probably always thanks team silent
205215651,76561198434012470,166,16,1958,0,en,"as beautiful as this game already was, before the remake and now. it still stands faithful with more combat and lengthier areas. my only issue is how impactful the endings are, or could have been. the 'leave' ending just isn't as raw and emotional as the original was. but, good game nonetheless",1758862763,1758862763,True,0,0,0.5,False,False,beautiful game already remake still stand faithful combat lengthier area issue impactful ending could leave ending isnt raw emotional original good game nonetheless,beautiful game already remake still stand faithful combat lengthier area issue impactful ending could leave ending isnt raw emotional original good game nonetheless
205212402,76561198139777916,116,17,1919,0,en,"Very well made and is a great game all together. So good that it is replayable time and time again, and different endings each time is a great feature. Highly recommend.",1758857579,1758857579,True,0,0,0.5,True,False,well made great game together good replayable time time different ending time great feature highly recommend,well made great game together good replayable time time different ending time great feature highly recommend
205201322,76561198000364532,462,89,3100,0,en,Top tier as a horror game. Definitely in my top 5. If you can run it with ray tracing the lighting and atmosphere is damn good.,1758842210,1758842210,True,0,0,0.5,False,False,top tier horror game definitely top run ray tracing lighting atmosphere damn good,top tier horror game definitely top run ray tracing lighting atmosphere damn good
205196168,76561198287042605,89,1,5053,0,en,An excellent remake of a legendary game. SILENT HILL – the mother of all horror games. Its unique atmosphere chills to the bone. A heartbreaking story. A true masterpiece from KONAMI.,1758835896,1758835896,True,0,0,0.5,False,False,excellent remake legendary game silent hill mother horror game unique atmosphere chill bone heartbreaking story true masterpiece konami,excellent remake legendary game silent hill mother horror game unique atmosphere chill bone heartbreaking story true masterpiece konami
205185835,76561198088085550,475,58,591,0,en,"sh2 remake is a good game own its own, but it's a bad remake of the original. konami did a wonderful job of remaking MGS3, it's the same game we all loved and played. but sh2 remake is completely different from the original. it changes too much to a point that it's a completely different game. it's not really a bad thing but it's not the same game at that point. I mean what's the point of the remake if it feels completely different from the original?  like I said, game is good but I personally didn't like same of the changes. some places are too dark to a point where it's just pitch black and you can't see anything. it's really annoying to navigate in those places. voice acting isn't as good as original, even james feels worse unironically. if you know the plot twist, that weird voice acting in the original makes a lot of sense for james. and story wise it's weaker compared to original. I personally prefer the original but it's a personal choice. if you don't mind dated graphics and controls, og sh2 is worth a play.",1758825938,1758825938,True,0,0,0.5,True,False,sh remake good game bad remake original konami wonderful job remaking mg game loved played sh remake completely different original change much point completely different game really bad thing game point mean whats point remake feel completely different original like said game good personally didnt like change place dark point pitch black cant see anything really annoying navigate place voice acting isnt good original even james feel worse unironically know plot twist weird voice acting original make lot sense james story wise weaker compared original personally prefer original personal choice dont mind dated graphic control og sh worth play,sh remake good game bad remake original konami wonderful job remaking mg game loved played sh remake completely different original change much point completely different game really bad thing game point mean whats point remake feel completely different original like said game good personally didnt like change place dark point pitch black cannot see anything really annoying navigate place voice acting isnt good original even james feel worse unironically know plot twist weird voice acting original make lot sense james story wise weaker compared original personally prefer original personal choice do not mind dated graphic control og sh worth play
205178664,76561199000988469,0,17,874,0,en,"I never played the original, bit I really enjoyed this game. The work was amazing, and the symbolism shown through the visuals added to the immersion. The puzzles were pretty fun to solve.  There are some parts that are pretty spoopy but the game does a good job giving you breaks from the more oppressive parts of the game so that you don't get too used to the scares.  Despite this, there are a few complaints I have, namely the performance.  Amy time multiple enemies showed up, I had constant stuttering throughout the game, even with visuals turned down. The game could definitely use some optimization.",1758819568,1758819568,True,0,0,0.5,True,False,never played original bit really enjoyed game work amazing symbolism shown visuals added immersion puzzle pretty fun solve part pretty spoopy game good job giving break oppressive part game dont get used scare despite complaint namely performance amy time multiple enemy showed constant stuttering throughout game even visuals turned game could definitely use optimization,never played original bit really enjoyed game work amazing symbolism shown visuals added immersion puzzle pretty fun solve part pretty spoopy game good job giving break oppressive part game do not get used scare despite complaint namely performance amy time multiple enemy showed constant stuttering throughout game even visuals turned game could definitely use optimization
205172067,76561198033290815,120,5,1303,0,en,"this game (the original anyway) is old as dirt, yet i was never spoiled on most of it. sorry for being late to the party, this is amazing",1758813745,1758813745,True,0,0,0.5,False,False,game original anyway old dirt yet never spoiled sorry late party amazing,game original anyway old dirt yet never spoiled sorry late party amazing
205130884,76561198042230878,475,12,542,0,en,"Never have I played a game that is so fun, and so superb... that feels so crushing and exhausting to play. The atmosphere is done too well, which is really a testament to how much it nails the feel of a squalid and hostile hellscape.   But it doesn't wear you down with a bang, or with fire and brimstone, but with a slow inevitable erosion of willpower. Like it is an evil organism that tries to entrap you and get you to slowly give up, and to become one with the fetid mold on the walls.   Will update when I beat the game with more info, but if you like horror games I definitely endorse this one. It doesn't just lull you into a false sense of security, the sense of security is often fleeting where it is truly present... and false otherwise.",1758757595,1758757595,True,0,0,0.5,True,False,never played game fun superb feel crushing exhausting play atmosphere done well really testament much nail feel squalid hostile hellscape doesnt wear bang fire brimstone slow inevitable erosion willpower like evil organism try entrap get slowly give become one fetid mold wall update beat game info like horror game definitely endorse one doesnt lull false sense security sense security often fleeting truly present false otherwise,never played game fun superb feel crushing exhausting play atmosphere done well really testament much nail feel squalid hostile hellscape doesnt wear bang fire brimstone slow inevitable erosion willpower like evil organism try entrap get slowly give become one fetid mold wall update beat game info like horror game definitely endorse one doesnt lull false sense security sense security often fleeting truly present false otherwise
205129927,76561198412251802,143,19,1425,0,en,"An outstanding game. A faithful yet innovative remake of the original 2001 title.   This game is haunting, melancholic, and thought-provoking. The themes were nailed perfectly here; it is a clear project of passion and appreciation for the original material. Every bit screams that it was hand-crafted intentionally, every detail well thought out and designed with purpose, both during gameplay, cutscenes, and even in menus. This remake features a surprisingly impressive range of accessibility customisation. I cannot state enough how massively appreciated Bloober Team's careful thought to implement every one of these options is. More on this later.  This game offers a special experience within the survival-horror genre due to its especially rich storytelling. I admire Silent Hill 2 for its thoughtful attention to detail, symbolism, and the way the environments tell the story more often than things being spoken outright. I devoured this game for the way it let me sink into it and become a part of the world, carefully dissecting each piece of it and pondering its meaning. Some things were surely more obvious than others, but I loved its constant invitation to *dig*.   Silent Hill 2 is stunning and immersive in both exploration and cinematics. Across the board, the vocal performances, animations, etc were completely spot-on decisions. If some award is not won for this, I'll honestly be shocked.  The combat isn't a particularly stand-out feature, lacking specialty and depth, but those aspects of the game are not intended to be the focus, and frankly never have been. Atmosphere and narrative have always been the focus of Silent Hill, and what makes the series so memorable and iconic to this very day. The original game was formatted in a way that required the player to control James from an almost birds-eye angle, the camera being fixed in one corner of the room. This lead to somewhat wonky controls, and makes for iconic yet frustrating gunplay in retrospect. Somewhat drawing from this, the Silent Hill 2 remake features equally ""vanilla"" gunplay, without bells and whistles that overcomplicate things without reason. The guns are slightly inaccurate seemingly regardless of how you attempt to handle them, but perhaps this was entirely intentional. Is James an experienced gun wielder, or is he just desperately attempting to fend off these walking nightmares?  I spent a big portion of the beginning of my play-through chuckling away as I charged about Silent Hill, smashing car windows and breaking into stores, as well as repeatedly stomping enemies' bodies after they'd jumps-cared me. This game was immense fun from start to finish, all while being perfectly disturbing, tense, and heartbreaking when it should have been.  But this enjoyment was not without some frustration.  I played on Medium settings, with certain features set to ""off"" where possible; a routine setup for my system regardless of the game.   Originally the iconic fog that has settled over Silent Hill didn't exist solely to create atmosphere, rather was a clever strategy to assist the original system - the PlayStation One -  in rendering nearby surroundings, and eliminate the need to focus on anything too far away. It was a smart benefit to the system at the time, yet now it's ironically a resource hog. The mist itself is not a solid block as it used to be, now causing frames to drop because of particle effects. I couldn't help but find this slightly comedic, given the original design purpose.   Despite my PC being well within (actually above) the recommended specifications, I try to eliminate as much as possible to allow for some breathing room whilst still maintaining visual quality. Unfortunately, despite my attempts to optimise the game, I suffered consistent frame-drops and stuttering from start to finish.   I was forced to lower the difficulty of combat because on many occasions I either died or wasted ammunition due to the performance issues. It did remove a layer of intensity on numerous occasions, as the briefly frozen frames provided a crack through the immersion so I could recover or react to whatever may have been going on at times.  Accessibility is something that I am deeply passionate about. I advocate for as much accessibility in gaming as possible wherever I can. I have made numerous complaints across different games regarding the inability to customise features to suit one's preferences or to assist one's disability. Games should be fun to experience, first and foremost. I wholeheartedly believe that everyone deserves a fair shot at something they aim to achieve if it's realistically within reach and they have the drive to do so.  Silent Hill 2 remake well and truly blew me away as one of the most inclusive and carefully considered games I've played personally. I cannot quite articulate how thrilled I was. It was truly something special to browse the menu and feel cared for, something myself and many others experience all to little of within gaming. Bloober Team's systems allowed customisation of a wide range of settings.   These included (but were not at all limited to):  HUD - Reticle Visibility (Off/Minimal/Dynamic - displays a range of reticle shapes and designs for various weapons) - Reticle Thickness (Thin/Normal/Thick - made the actual lines of the gun's reticle bolder and thus more apparent) - Reticle opacity (Slider - self-explanatory) - Low Health Vignette (off/on - choose whether the borders of the screen are coloured when James is injured) - Splatter Vignette (off/on - choose whether the borders of the screen are splattered when James is attacked)  INTERACTIONS - Interaction Icon Visibility (Off/Icon/Button Icon - choice of display type for interactable items, display just a dot or the button required to interact) - Interaction Icon Size (Tiny/Small/Medium/Big/Huge - displays the previous setting much smaller or larger than default for easy spotting)  GRAPHICS - Colourblind Mode (Normal vision/Deuteranope/Protanope/Tritanope - self-explanatory) - Colourblind Mode Severity (Slider - changes vibrancy of colour-altered effects) - High Contrast Mode (Off/On - makes all scenery monochromatic grey, completely recolouring allies, enemies, environmental interactables, save points, and James himself for visibility. When ""on"", able to select White/Cyan/Magenta/Yellow/Red/Green/Blue for each individual specified model.)  AUDIO  - Night Mode (Off/On - dampens the effect of typical loud sounds like ""bang""s)  TEXTS  - Non-Verbal Captions Visibility (Off/On - things like *gate creaks*, and notable ambient sounds captioned) - Subtitle/Tips/Tutorials/Transcription Size Font (Default/Bold/Dyslexic - self-explanatory.) - Subtitle/Tips/Tutorials/Transcription Size (Tiny/Small/Medium/Big/Huge - self-explanatory) - Subtitle Names (Off/On - tells you who the speaker is in subtitled-text)  Each of these settings are located where you'd expect to find them depending on topic, however there is an additional screen entitled ACCESSIBILITY where it compiles all of these settings into one place for easy-access. It blew my mind that this game had so many options including a dedicated font for dyslexia. I nearly cried. I have OpenDyslexic font installed on my browser so that I can easily digest long strings of information when surfing the web. I never thought I'd actually see it implemented in a video-game.   I purchased the game from an external retailer, but on Steam, this title currently stands at $102.50 AUD. I'm uncertain if that's the same or much lower than what I paid upon release, but I believe it's reasonable for the overall fantastic experience this game provided.",1758756325,1759323433,True,0,0,0.5,False,False,outstanding game faithful yet innovative remake original title game haunting melancholic thoughtprovoking theme nailed perfectly clear project passion appreciation original material every bit scream handcrafted intentionally every detail well thought designed purpose gameplay cutscenes even menu remake feature surprisingly impressive range accessibility customisation state enough massively appreciated bloober team careful thought implement every one option later game offer special experience within survivalhorror genre due especially rich storytelling admire silent hill thoughtful attention detail symbolism way environment tell story often thing spoken outright devoured game way let sink become part world carefully dissecting piece pondering meaning thing surely obvious others loved constant invitation dig silent hill stunning immersive exploration cinematics across board vocal performance animation etc completely spoton decision award ill honestly shocked combat isnt particularly standout feature lacking specialty depth aspect game intended focus frankly never atmosphere narrative always focus silent hill make series memorable iconic day original game formatted way required player control james almost birdseye angle camera fixed one corner room lead somewhat wonky control make iconic yet frustrating gunplay retrospect somewhat drawing silent hill remake feature equally vanilla gunplay without bell whistle overcomplicate thing without reason gun slightly inaccurate seemingly regardless attempt handle perhaps entirely intentional james experienced gun wielder desperately attempting fend walking nightmare spent big portion beginning playthrough chuckling away charged silent hill smashing car window breaking store well repeatedly stomping enemy body theyd jumpscared game immense fun start finish perfectly disturbing tense heartbreaking enjoyment without frustration played medium setting certain feature set possible routine setup system regardless game originally iconic fog settled silent hill didnt exist solely create atmosphere rather clever strategy assist original system playstation one rendering nearby surroundings eliminate need focus anything far away smart benefit system time yet ironically resource hog mist solid block used causing frame drop particle effect couldnt help find slightly comedic given original design purpose despite pc well within actually recommended specification try eliminate much possible allow breathing room whilst still maintaining visual quality unfortunately despite attempt optimise game suffered consistent framedrops stuttering start finish forced lower difficulty combat many occasion either died wasted ammunition due performance issue remove layer intensity numerous occasion briefly frozen frame provided crack immersion could recover react whatever may going time accessibility something deeply passionate advocate much accessibility gaming possible wherever made numerous complaint across different game regarding inability customise feature suit one preference assist one disability game fun experience first foremost wholeheartedly believe everyone deserves fair shot something aim achieve realistically within reach drive silent hill remake well truly blew away one inclusive carefully considered game ive played personally quite articulate thrilled truly something special browse menu feel cared something many others experience little within gaming bloober team system allowed customisation wide range setting included limited hud reticle visibility offminimaldynamic display range reticle shape design various weapon reticle thickness thinnormalthick made actual line gun reticle bolder thus apparent reticle opacity slider selfexplanatory low health vignette offon choose whether border screen coloured james injured splatter vignette offon choose whether border screen splattered james attacked interaction interaction icon visibility officonbutton icon choice display type interactable item display dot button required interact interaction icon size tinysmallmediumbighuge display previous setting much smaller larger default easy spotting graphic colourblind mode normal visiondeuteranopeprotanopetritanope selfexplanatory colourblind mode severity slider change vibrancy colouraltered effect high contrast mode offon make scenery monochromatic grey completely recolouring ally enemy environmental interactables save point james visibility able select whitecyanmagentayellowredgreenblue individual specified model audio night mode offon dampens effect typical loud sound like bang text nonverbal caption visibility offon thing like gate creak notable ambient sound captioned subtitletipstutorialstranscription size font defaultbolddyslexic selfexplanatory subtitletipstutorialstranscription size tinysmallmediumbighuge selfexplanatory subtitle name offon tell speaker subtitledtext setting located youd expect find depending topic however additional screen entitled accessibility compiles setting one place easyaccess blew mind game many option including dedicated font dyslexia nearly cried opendyslexic font installed browser easily digest long string information surfing web never thought id actually see implemented videogame purchased game external retailer steam title currently stand aud im uncertain thats much lower paid upon release believe reasonable overall fantastic experience game provided,outstanding game faithful yet innovative remake original title game haunting melancholic thoughtprovoking theme nailed perfectly clear project passion appreciation original material every bit scream handcrafted intentionally every detail well thought designed purpose gameplay cutscenes even menu remake feature surprisingly impressive range accessibility customisation state enough massively appreciated bloober team careful thought implement every one option later game offer special experience within survivalhorror genre due especially rich storytelling admire silent hill thoughtful attention detail symbolism way environment tell story often thing spoken outright devoured game way let sink become part world carefully dissecting piece pondering meaning thing surely obvious others loved constant invitation dig silent hill stunning immersive exploration cinematics across board vocal performance animation etc completely spoton decision award ill honestly shocked combat isnt particularly standout feature lacking specialty depth aspect game intended focus frankly never atmosphere narrative always focus silent hill make series memorable iconic day original game formatted way required player control james almost birdseye angle camera fixed one corner room lead somewhat wonky control make iconic yet frustrating gunplay retrospect somewhat drawing silent hill remake feature equally vanilla gunplay without bell whistle overcomplicate thing without reason gun slightly inaccurate seemingly regardless attempt handle perhaps entirely intentional james experienced gun wielder desperately attempting fend walking nightmare spent big portion beginning playthrough chuckling away charged silent hill smashing car window breaking store well repeatedly stomping enemy body theyd jumpscared game immense fun start finish perfectly disturbing tense heartbreaking enjoyment without frustration played medium setting certain feature set possible routine setup system regardless game originally iconic fog settled silent hill didnt exist solely create atmosphere rather clever strategy assist original system playstation one rendering nearby surroundings eliminate need focus anything far away smart benefit system time yet ironically resource hog mist solid block used causing frame drop particle effect couldnt help find slightly comedic given original design purpose despite pc well within actually recommended specification try eliminate much possible allow breathing room whilst still maintaining visual quality unfortunately despite attempt optimise game suffered consistent framedrops stuttering start finish forced lower difficulty combat many occasion either died wasted ammunition due performance issue remove layer intensity numerous occasion briefly frozen frame provided crack immersion could recover react whatever may going time accessibility something deeply passionate advocate much accessibility gaming possible wherever made numerous complaint across different game regarding inability customise feature suit one preference assist one disability game fun experience first foremost wholeheartedly believe everyone deserves fair shot something aim achieve realistically within reach drive silent hill remake well truly blew away one inclusive carefully considered game i have played personally quite articulate thrilled truly something special browse menu feel cared something many others experience little within gaming bloober team system allowed customisation wide range setting included limited hud reticle visibility offminimaldynamic display range reticle shape design various weapon reticle thickness thinnormalthick made actual line gun reticle bolder thus apparent reticle opacity slider selfexplanatory low health vignette offon choose whether border screen coloured james injured splatter vignette offon choose whether border screen splattered james attacked interaction interaction icon visibility officonbutton icon choice display type interactable item display dot button required interact interaction icon size tinysmallmediumbighuge display previous setting much smaller larger default easy spotting graphic colourblind mode normal visiondeuteranopeprotanopetritanope selfexplanatory colourblind mode severity slider change vibrancy colouraltered effect high contrast mode offon make scenery monochromatic grey completely recolouring ally enemy environmental interactables save point james visibility able select whitecyanmagentayellowredgreenblue individual specified model audio night mode offon dampens effect typical loud sound like bang text nonverbal caption visibility offon thing like gate creak notable ambient sound captioned subtitletipstutorialstranscription size font defaultbolddyslexic selfexplanatory subtitletipstutorialstranscription size tinysmallmediumbighuge selfexplanatory subtitle name offon tell speaker subtitledtext setting located youd expect find depending topic however additional screen entitled accessibility compiles setting one place easyaccess blew mind game many option including dedicated font dyslexia nearly cried opendyslexic font installed browser easily digest long string information surfing web never thought id actually see implemented videogame purchased game external retailer steam title currently stand aud i am uncertain thats much lower paid upon release believe reasonable overall fantastic experience game provided
205106647,76561198123719177,0,8,183,0,en,"very spooky. great graphics, ok combat. good story.",1758718191,1758718191,True,0,0,0.5,True,False,spooky great graphic ok combat good story,spooky great graphic ok combat good story
205096622,76561198153383121,471,37,3542,0,en,"This game is an absolute masterpiece. It's a 10/10, an underrated game of the year. The sound, the mature story—everything is perfection.  If you like survival horror, you can't miss this.",1758704816,1758704816,True,0,0,0.5,True,False,game absolute masterpiece underrated game year sound mature storyeverything perfection like survival horror cant miss,game absolute masterpiece underrated game year sound mature storyeverything perfection like survival horror cannot miss
205085966,76561198091680009,0,22,1187,0,en,"This ""remake"" looks great. I mean this in a positive way, that I wouldn't know it was one unless specifically told. The game looks great on PC, and stands up to any current graphics in my opinion. I have no knowledge of additional features added, as I have not played the previous version.  This is my first intro to any silent hill games, and I was thoroughly impressed. Captivating story. The game looks beautiful and haunting at same time. I wasn't sure what to expect, and although creepy, isn't a complete scare fest. (which is a good thing) The action to puzzle ratio is nice, and I think the game has good pacing. I didn't realize the game had multiple endings as it is a linear plot, but I guess has certain things during the gameplay to help decide. I was able to snag this one on sale, which I am glad I did. It is a relatively shorter game, although does offer some replayability with new game+. Anyways, a nice mind bender.",1758686738,1758686897,True,0,0,0.5,True,False,remake look great mean positive way wouldnt know one unless specifically told game look great pc stand current graphic opinion knowledge additional feature added played previous version first intro silent hill game thoroughly impressed captivating story game look beautiful haunting time wasnt sure expect although creepy isnt complete scare fest good thing action puzzle ratio nice think game good pacing didnt realize game multiple ending linear plot guess certain thing gameplay help decide able snag one sale glad relatively shorter game although offer replayability new game anyways nice mind bender,remake look great mean positive way wouldnt know one unless specifically told game look great pc stand current graphic opinion knowledge additional feature added played previous version first intro silent hill game thoroughly impressed captivating story game look beautiful haunting time wasnt sure expect although creepy isnt complete scare fest good thing action puzzle ratio nice think game good pacing didnt realize game multiple ending linear plot guess certain thing gameplay help decide able snag one sale glad relatively shorter game although offer replayability new game anyways nice mind bender
205082962,76561198220428072,0,10,1972,0,en,"A fully fleshed out game (pun intended). It can be hard to justify $70, but this game was truly an extended, immersive experience.   Pros: -The level of detail and the graphics are INSANE. The characters are much more realistic. (when i heard it was ""woke"" i knew it was gonna be good). From pictures/screenshots it may seem like the characters look odd, but when you're actually in the game & interacting with them: its much more realistic, emotive, detailed, and it all makes sense. It gives ""Monster House"" for adults vibes. -New endings -New puzzles -It honored not only the original Silent Hill 2 game- but also the original and all of the games by Team Silent. -More immersion into the world -The combat is MUCH smoother -This game fills in a lot of the gaps in the original SH2. You still have to infer things, and its still FILLED with metaphors: but everything is more fully fleshed out. I do think it aligns with what the original idea that Team Silent had, back when they made it. But back in the day: PS2 games were rarely this long. So you had to draw a lot of conclusions yourself, or look up theories. I like that this was a fully-told, hauntingly-beautiful, story. -There is no such thing as ""Easy"" mode. There is a ""Light"" mode, which is still extremely challenging & difficult to do. I dont know if this is a pro, or a con, but I know a lot of gamers like to be challenged: so im including it with the pros.  Cons: -There is a bug during the Xray puzzle: where the x-rays that were initially on the wall: disappear when you come back, after collecting the missing x-ray. To fix this: go save your game, reload it, and all of the photos should be there when you load it up again. -Some items just cannot be picked up. This didnt affect gameplay or success though. -Some small visual bugs like guns not physically appearing in hands, but you can still shoot them -The voices were really hard to hear over the sound effects. I wish there was a way to turn that up, without having explosive audio shortly afterwards. -Some of the puzzles, even on light mode: are nearly impossible without a guide. There are just no hints at all for some of the puzzles, and you basically just have to figure it out. So you would be there for many hours. -Silent Hill loves a good prison segment, honey. And of course the prison portion of this game is the most maddening & the worst.",1758682317,1758682317,True,0,0,0.5,False,False,fully fleshed game pun intended hard justify game truly extended immersive experience pro level detail graphic insane character much realistic heard woke knew gon na good picturesscreenshots may seem like character look odd youre actually game interacting much realistic emotive detailed make sense give monster house adult vibe new ending new puzzle honored original silent hill game also original game team silent immersion world combat much smoother game fill lot gap original sh still infer thing still filled metaphor everything fully fleshed think aligns original idea team silent back made back day p game rarely long draw lot conclusion look theory like fullytold hauntinglybeautiful story thing easy mode light mode still extremely challenging difficult dont know pro con know lot gamers like challenged im including pro con bug xray puzzle xrays initially wall disappear come back collecting missing xray fix go save game reload photo load item picked didnt affect gameplay success though small visual bug like gun physically appearing hand still shoot voice really hard hear sound effect wish way turn without explosive audio shortly afterwards puzzle even light mode nearly impossible without guide hint puzzle basically figure would many hour silent hill love good prison segment honey course prison portion game maddening worst,fully fleshed game pun intended hard justify game truly extended immersive experience pro level detail graphic insane character much realistic heard woke knew gon na good picturesscreenshots may seem like character look odd youre actually game interacting much realistic emotive detailed make sense give monster house adult vibe new ending new puzzle honored original silent hill game also original game team silent immersion world combat much smoother game fill lot gap original sh still infer thing still filled metaphor everything fully fleshed think aligns original idea team silent back made back day p game rarely long draw lot conclusion look theory like fullytold hauntinglybeautiful story thing easy mode light mode still extremely challenging difficult do not know pro con know lot gamers like challenged i am including pro con bug xray puzzle xrays initially wall disappear come back collecting missing xray fix go save game reload photo load item picked didnt affect gameplay success though small visual bug like gun physically appearing hand still shoot voice really hard hear sound effect wish way turn without explosive audio shortly afterwards puzzle even light mode nearly impossible without guide hint puzzle basically figure would many hour silent hill love good prison segment honey course prison portion game maddening worst
205079398,76561198112450771,0,6,1382,0,en,"one of the best horror games to date. graphic, sound, story. a truly beautiful creation. I will be thinking about this fame for awhile",1758677423,1758677423,True,0,0,0.5,True,False,one best horror game date graphic sound story truly beautiful creation thinking fame awhile,one best horror game date graphic sound story truly beautiful creation thinking fame awhile
205054040,76561198217735595,0,149,1313,0,en,"Just finished this.   I gotta be honest with you, I think I was expecting more from a name as legendary in the gaming industry as Silent Hill 2.  Before playing, I was excited to finally be able to play Silent Hill 2 after hearing about it for literal decades. Frequently said to be the scariest game ever made, and the story regularly praised to the moon and back.  After playing, I was just kind of relieved that I was just over and done with the game. The game just feels far too bloated for how basic the gameplay is.  While I appreciated a lot of what the game has to offer, I did like the puzzles, the gameplay does feel draining after a while since there is literally only like 4 enemies in the game you'll be fighting against. See one of the basic enemies? Hit it with a pipe and dodge away before it blows up. Puppets? Beat the shit out of them with your pipe. Nurses? Beat the shit out of them with our pipe and occasionally gun them down if you don't feel like dealing with them. Repeat 15+ hours. The solution is every encounter is beating the shit out of everything with your pipe. It doesn't feel like an issue in the first half though, but you'll definitely feel the lack of gameplay variety as the game goes on. I was really feeling it by the time I reached the prison, and that's about 3/5 through the game. On top of that, Silent Hill 2 never really felt scary to me. I can name maybe 3 instances in the entire game where I was a little spooked. Tense and creepy? Yes. Scary? Rarely. Silent Hill 2 is probably a little bit scarier than RE4 Remake, less scary than Dead Space Remake. But that's coming from a major fan of Resident Evil 7, RE8's House Beneviento section, Outlast and Alien Isolation, so of course my expectations were gonna be high when it comes to scare factor.   Don't get me wrong, Silent Hill 2 has a lot of cool moments. The first half is excellent. Extremely dreadful, extremely tense, always masterfully pulling you along and asking yourself what is going to happen next, and how James's story is going to be slowly unravelled. The environments are incredibly detailed, atmosphere is harrowing as hell, the process of figuring out puzzles is really fun, music is haunting (but occasionally cheesy), exploration and level design is fun, boss fights are fun (except maybe the last two boss fights). Unfortunately, most of the game's narrative feels like an illogical carrot on a string. It unravels itself, yes, but it doesn't ever really give you a satisfying climax in the way I was expecting. It just stays in this wierd, vague, mysterious, ambiguous, nightmarish limbo that the rest of the story was submerged in. Always teasing you with something more, and barely delivering, letting the human mind fill the gaps. But I guess that's just the draw for Silent Hill. Everything is illogical. Even the enemy designs are that way. Things in Silent Hill are rarely explained, and when something IS explained, it's generally extremely vague, just enough to give you an idea of what is going on in this twisted and foggy town. Personally, I prefer something a little more blunt, storytelling wise.  I will say that I commend Luke Roberts's voice acting performance. He did a fantastic job. I will also say that Bloober Team has made a pretty good game here, against all odds. Before, Bloober has made incredibly mediocre games, so of course people were expecting this game to be mediocre as well. Bloober proved the doubters wrong. Silent Hill 2 Remake proves that Bloober has the talent to make something genuinely good.  I enjoyed this game, (I LOOOOVED this one section with Angela in particular) I just hope that Bloober continually improves themselves and learns from their experience with this game so we can get something truly incredible from them in the future, I think it'll be a while before that happens though.  8/10   ",1758658274,1758658556,True,0,0,0.5,False,False,finished got ta honest think expecting name legendary gaming industry silent hill playing excited finally able play silent hill hearing literal decade frequently said scariest game ever made story regularly praised moon back playing kind relieved done game game feel far bloated basic gameplay appreciated lot game offer like puzzle gameplay feel draining since literally like enemy game youll fighting see one basic enemy hit pipe dodge away blow puppet beat shit pipe nurse beat shit pipe occasionally gun dont feel like dealing repeat hour solution every encounter beating shit everything pipe doesnt feel like issue first half though youll definitely feel lack gameplay variety game go really feeling time reached prison thats game top silent hill never really felt scary name maybe instance entire game little spooked tense creepy yes scary rarely silent hill probably little bit scarier remake less scary dead space remake thats coming major fan resident evil re house beneviento section outlast alien isolation course expectation gon na high come scare factor dont get wrong silent hill lot cool moment first half excellent extremely dreadful extremely tense always masterfully pulling along asking going happen next james story going slowly unravelled environment incredibly detailed atmosphere harrowing hell process figuring puzzle really fun music haunting occasionally cheesy exploration level design fun bos fight fun except maybe last two bos fight unfortunately game narrative feel like illogical carrot string unravels yes doesnt ever really give satisfying climax way expecting stay wierd vague mysterious ambiguous nightmarish limbo rest story submerged always teasing something barely delivering letting human mind fill gap guess thats draw silent hill everything illogical even enemy design way thing silent hill rarely explained something explained generally extremely vague enough give idea going twisted foggy town personally prefer something little blunt storytelling wise say commend luke roberts voice acting performance fantastic job also say bloober team made pretty good game odds bloober made incredibly mediocre game course people expecting game mediocre well bloober proved doubter wrong silent hill remake prof bloober talent make something genuinely good enjoyed game looooved one section angela particular hope bloober continually improves learns experience game get something truly incredible future think itll happens though,finished got ta honest think expecting name legendary gaming industry silent hill playing excited finally able play silent hill hearing literal decade frequently said scariest game ever made story regularly praised moon back playing kind relieved done game game feel far bloated basic gameplay appreciated lot game offer like puzzle gameplay feel draining since literally like enemy game youll fighting see one basic enemy hit pipe dodge away blow puppet beat shit pipe nurse beat shit pipe occasionally gun do not feel like dealing repeat hour solution every encounter beating shit everything pipe doesnt feel like issue first half though youll definitely feel lack gameplay variety game go really feeling time reached prison thats game top silent hill never really felt scary name maybe instance entire game little spooked tense creepy yes scary rarely silent hill probably little bit scarier remake less scary dead space remake thats coming major fan resident evil re house beneviento section outlast alien isolation course expectation gon na high come scare factor do not get wrong silent hill lot cool moment first half excellent extremely dreadful extremely tense always masterfully pulling along asking going happen next james story going slowly unravelled environment incredibly detailed atmosphere harrowing hell process figuring puzzle really fun music haunting occasionally cheesy exploration level design fun bos fight fun except maybe last two bos fight unfortunately game narrative feel like illogical carrot string unravels yes doesnt ever really give satisfying climax way expecting stay wierd vague mysterious ambiguous nightmarish limbo rest story submerged always teasing something barely delivering letting human mind fill gap guess thats draw silent hill everything illogical even enemy design way thing silent hill rarely explained something explained generally extremely vague enough give idea going twisted foggy town personally prefer something little blunt storytelling wise say commend luke roberts voice acting performance fantastic job also say bloober team made pretty good game odds bloober made incredibly mediocre game course people expecting game mediocre well bloober proved doubter wrong silent hill remake prof bloober talent make something genuinely good enjoyed game looooved one section angela particular hope bloober continually improves learns experience game get something truly incredible future think itll happens though
205043141,76561198066266378,0,4,1881,0,en,"Good remake of the game, you can tell the developers love the franchise. I know the Silent hill 1 remake is in good hands",1758648005,1758650020,True,0,0,0.5,True,False,good remake game tell developer love franchise know silent hill remake good hand,good remake game tell developer love franchise know silent hill remake good hand
205000858,76561199473278090,79,17,541,0,en,Graphics: great Gameplay: great Story: great  Overall:   Bloober Team did a great a job on this remake .  I recommend this game,1758596573,1758596573,True,0,0,0.5,True,False,graphic great gameplay great story great overall bloober team great job remake recommend game,graphic great gameplay great story great overall bloober team great job remake recommend game
204992133,76561198117563869,0,4,1240,0,en,this to me felt like a horror game iv'e been waiting to play. the story and game play was amazing. on top of it all. it ran really well. never had a crash. team blooper did a fantastic job and cant wait for more to come. i absolutely loved this game,1758585801,1758585801,True,0,0,0.5,False,False,felt like horror game ive waiting play story game play amazing top ran really well never crash team blooper fantastic job cant wait come absolutely loved game,felt like horror game i have waiting play story game play amazing top ran really well never crash team blooper fantastic job cannot wait come absolutely loved game
204991888,76561198200709291,0,2,2381,0,en,"What an amazing, horrific, beautifully terrifying game. From start to finish it was entrancing, from its beautiful score, to its horrific enemies and environments, and its encapsulating easter eggs and multiple endings, it was so so fun to play this game non-stop until I achieved every achievement and ending to experience everything the game had to offer. Something about its depressing themes and story were so fulfilling and rewarding to experience in full. Cannot stress enough how much I love this game! Can't wait for bloober teams remake of Silent Hill 1 !",1758585594,1758585594,True,0,0,0.5,False,False,amazing horrific beautifully terrifying game start finish entrancing beautiful score horrific enemy environment encapsulating easter egg multiple ending fun play game nonstop achieved every achievement ending experience everything game offer something depressing theme story fulfilling rewarding experience full stress enough much love game cant wait bloober team remake silent hill,amazing horrific beautifully terrifying game start finish entrancing beautiful score horrific enemy environment encapsulating easter egg multiple ending fun play game nonstop achieved every achievement ending experience everything game offer something depressing theme story fulfilling rewarding experience full stress enough much love game cannot wait bloober team remake silent hill
204988877,76561198034072629,0,79,2082,0,en,"It's okay. kind of repetitive and I feel every area goes on for too long. You get excited to finally leave one area and go to the next but then you get bored of the next one. It's very repetitive. Just rinse and repeat until it's done. Also, why would you go there looking for your wife when you know that you killed her the whole time? The story makes 0 sense. I don't fully get it the game. Was Mary a whore that cheated on me and then ended up with STDs and that's why I hated her? I don't really get it. I feel very unresolved and that's annoying as fuck. The best part of the game is the enemy designs and kind of how everything has a meaning behind it... or something like that.. idk. it's kind of pointless to have everything have a meaning when everything is so obscure. Really, the game is just a slog. I feel like I liked Downpour better. Why isn't that on Steam?",1758583268,1758583356,True,0,0,0.5,True,False,okay kind repetitive feel every area go long get excited finally leave one area go next get bored next one repetitive rinse repeat done also would go looking wife know killed whole time story make sense dont fully get game mary whore cheated ended std thats hated dont really get feel unresolved thats annoying fuck best part game enemy design kind everything meaning behind something like idk kind pointless everything meaning everything obscure really game slog feel like liked downpour better isnt steam,okay kind repetitive feel every area go long get excited finally leave one area go next get bored next one repetitive rinse repeat done also would go looking wife know killed whole time story make sense do not fully get game mary whore cheated ended std thats hated do not really get feel unresolved thats annoying fuck best part game enemy design kind everything meaning behind something like idk kind pointless everything meaning everything obscure really game slog feel like liked downpour better isnt steam
204964222,76561198369754220,0,10,1040,0,en,"Fairly faithful remake to the old game.  Good feels, better graphics.  Short game, but a bit of replay value with all the achievements and the New Game + mode.    Don't buy it if you're strapped for cash or looking for a long adventure, but if you love horror and/or Silent Hill, it's worth the investment.",1758564133,1758564133,True,0,0,0.5,True,False,fairly faithful remake old game good feel better graphic short game bit replay value achievement new game mode dont buy youre strapped cash looking long adventure love horror andor silent hill worth investment,fairly faithful remake old game good feel better graphic short game bit replay value achievement new game mode do not buy youre strapped cash looking long adventure love horror andor silent hill worth investment
204949781,76561198080195838,0,21,1933,53,en,"If you love really deep characters, spine chilling horror, and puzzle solving, this game is for you, as long as you have the pc to handle it",1758550855,1758550855,True,0,0,0.5,True,False,love really deep character spine chilling horror puzzle solving game long pc handle,love really deep character spine chilling horror puzzle solving game long pc handle
204946471,76561198889663530,49,18,1606,0,en,"Quite good game, a bit laggy but fun overall",1758547617,1758547617,True,0,0,0.5,False,False,quite good game bit laggy fun overall,quite good game bit laggy fun overall
204940558,76561199125722141,0,3,4995,0,en,"This is more than just a game.. it's diving into the horror of regression, learning to let go. Without a doubt its the greatest representation of redemption. 100/100   ",1758540478,1758540478,True,0,0,0.5,True,False,game diving horror regression learning let go without doubt greatest representation redemption,game diving horror regression learning let go without doubt greatest representation redemption
204924785,76561198026405411,0,170,125,0,en,I never had the energy and motivation finish the game. I just watch Bawk play and beat the game many times over on youtube lol. Cant believe it has been almost a year,1758515258,1758515258,True,0,0,0.5,False,False,never energy motivation finish game watch bawk play beat game many time youtube lol cant believe almost year,never energy motivation finish game watch bawk play beat game many time youtube laughing out loud cannot believe almost year
204921564,76561199041718065,627,25,1098,0,en,"I love the story, gameplay, monsters, graphics and sound design is incredible. There are far too many puzzles and the game has been legnthened with tedium. 4 out of 5",1758510543,1758510543,True,0,0,0.5,True,False,love story gameplay monster graphic sound design incredible far many puzzle game legnthened tedium,love story gameplay monster graphic sound design incredible far many puzzle game legnthened tedium
204921285,76561198052611359,223,2,2759,0,en,"Great game. It is well balanced, interesting story for new players and for SH2 original players. Very beautiful visual, nice sound, comfortable battle system. I really enjoyed it, completed a few times with different endings.",1758510175,1758510175,True,0,0,0.5,True,False,great game well balanced interesting story new player sh original player beautiful visual nice sound comfortable battle system really enjoyed completed time different ending,great game well balanced interesting story new player sh original player beautiful visual nice sound comfortable battle system really enjoyed completed time different ending
204898819,76561198106427052,371,18,1470,0,en,"What a wonderful remake, a masterpiece from start to finish. No other game has made me feel so anxious in a loong time. Genuinely terrifying and unnerving atmosphere, yet so beautiful, sorrowful and immersive storyline. ",1758484376,1758486909,True,0,0,0.5,False,False,wonderful remake masterpiece start finish game made feel anxious loong time genuinely terrifying unnerving atmosphere yet beautiful sorrowful immersive storyline,wonderful remake masterpiece start finish game made feel anxious loong time genuinely terrifying unnerving atmosphere yet beautiful sorrowful immersive storyline
204895844,76561198284276896,0,4,1021,15,en,"After my first play through of Silent Hill 2, I wanted to mention that it's not for everyone, regarding action or puzzles. However, its psychological horror with the environment and setting immersed me in how much I could hear and somewhat fear. Even finishing the game filled me with unanswered questions and made me curious to analyze. I would 100% recommend it for people looking for a survival horror game.  All in all, this actually made me a new fan of the Silent Hill Series, and I cannot wait for Silent Hill f and other remakes from Bloober Team SA. Also, DO NOT LOOK AT ANY SPOILERS WITHIN THE SERIES.",1758481957,1758481957,True,0,0,0.5,False,False,first play silent hill wanted mention everyone regarding action puzzle however psychological horror environment setting immersed much could hear somewhat fear even finishing game filled unanswered question made curious analyze would recommend people looking survival horror game actually made new fan silent hill series wait silent hill f remake bloober team sa also look spoiler within series,first play silent hill wanted mention everyone regarding action puzzle however psychological horror environment setting immersed much could hear somewhat fear even finishing game filled unanswered question made curious analyze would recommend people looking survival horror game actually made new fan silent hill series wait silent hill f remake bloober team sa also look spoiler within series
204843796,76561198177714573,251,4,964,120,en,"The story, sound design and enviornments are amazing.",1758434998,1758434998,True,0,0,0.5,True,False,story sound design enviornments amazing,story sound design enviornments amazing
204842473,76561198088713342,0,3,1509,0,en,"beautiful graphics, and the motion capture and voice for james was amazing. probably my favorite part of the game. really wish there were more story scenes, but the characters were well enough fleshed out in short scenes throughout the game.   the gameplay was fun, but many sections started to drag. you'd start a level kind of scared and slowly creeping through wondering what new thing you were going to run into, but it was always the same thing. by the time you get to the end of a level, you're just running around corners blindly already ready to shoot or smash with a pipe the one of three or so enemy types around the corner--while also being annoyed running back and forth trying to figure out the last part of a puzzle.  but it was still really fun, and i really enjoyed it. just by the end the repetitive game play was starting to get to me.",1758433320,1758433320,True,0,0,0.5,True,False,beautiful graphic motion capture voice james amazing probably favorite part game really wish story scene character well enough fleshed short scene throughout game gameplay fun many section started drag youd start level kind scared slowly creeping wondering new thing going run always thing time get end level youre running around corner blindly already ready shoot smash pipe one three enemy type around cornerwhile also annoyed running back forth trying figure last part puzzle still really fun really enjoyed end repetitive game play starting get,beautiful graphic motion capture voice james amazing probably favorite part game really wish story scene character well enough fleshed short scene throughout game gameplay fun many section started drag youd start level kind scared slowly creeping wondering new thing going run always thing time get end level youre running around corner blindly already ready shoot smash pipe one three enemy type around cornerwhile also annoyed running back forth trying figure last part puzzle still really fun really enjoyed end repetitive game play starting get
204805685,76561198993590862,21,4,1586,0,en,My first Silent Hill game. Horror masterclass! Absolute cinema loved it.,1758394309,1758394309,True,0,0,0.5,True,False,first silent hill game horror masterclass absolute cinema loved,first silent hill game horror masterclass absolute cinema loved
204801798,76561198271950815,0,1,2258,0,en,If you are new to the silent hill series this is a great intro! the combat is a little clunky at times and dodging is OP!! the story is amazing and this remake does justice to the original.,1758391194,1758391194,True,0,0,0.5,False,False,new silent hill series great intro combat little clunky time dodging op story amazing remake justice original,new silent hill series great intro combat little clunky time dodging op story amazing remake justice original
204788247,76561199145730303,0,4,1526,139,en,this is the best game ive ever played but its too scary for me (ik its a horror and its supposed to be scary)  ,1758380877,1758380877,True,0,0,0.5,True,False,best game ive ever played scary ik horror supposed scary,best game i have ever played scary ik horror supposed scary
204762279,76561198802520024,0,2,2839,0,en,This game has really good accessibility features for the blind/visually impaired which made the game more playable for me as a visually impaired person  I’ve just finished my first playthrough and I think it’s a great game 👍🏻,1758356108,1758356108,True,0,0,0.5,True,False,game really good accessibility feature blindvisually impaired made game playable visually impaired person ive finished first playthrough think great game,game really good accessibility feature blindvisually impaired made game playable visually impaired person i have finished first playthrough think great game
204758395,76561198969104559,0,1,2170,840,en,"It's a wonderfully-crafted and well-refined game, true to its roots in the older game that came out from Team Silent back in 2001. Team Bloober did great and they had put so much care with respect into this remake whilst maintaining the core part of what had made the original one great. I've finished this game and is replaying it again, as it has a high replay ability value and reliving this world yet again in this new-updated remake is superb and nostalgic. Tears of joy for me. Highly recommended!",1758351354,1758351354,True,0,0,0.5,True,False,wonderfullycrafted wellrefined game true root older game came team silent back team bloober great put much care respect remake whilst maintaining core part made original one great ive finished game replaying high replay ability value reliving world yet newupdated remake superb nostalgic tear joy highly recommended,wonderfullycrafted wellrefined game true root older game came team silent back team bloober great put much care respect remake whilst maintaining core part made original one great i have finished game replaying high replay ability value reliving world yet newupdated remake superb nostalgic tear joy highly recommended
204752435,76561198005700188,915,113,1161,0,en,Best horror game of all time. Make sure to enable ray reconstruction through some ini tweaks. It does a lot to clean up the image quality.,1758343727,1758607431,True,0,0,0.5,False,False,best horror game time make sure enable ray reconstruction ini tweak lot clean image quality,best horror game time make sure enable ray reconstruction ini tweak lot clean image quality
204750294,76561199243199012,0,1,1151,1,en,"This is actually the greatest psychological horror game ever made. The themes and topics this game covers are very real and even more haunting the more you think about it. Definitely not for the weak hearted. This game brutally reminds us how a normal person can be haunted by a single event in their past.  ""if that's true, then why do you look so sad"" (That line breaks me everytime, plz play this game)",1758341049,1758341049,True,0,0,0.5,True,False,actually greatest psychological horror game ever made theme topic game cover real even haunting think definitely weak hearted game brutally reminds u normal person haunted single event past thats true look sad line break everytime plz play game,actually greatest psychological horror game ever made theme topic game cover real even haunting think definitely weak hearted game brutally reminds you normal person haunted single event past thats true look sad line break everytime plz play game
204745917,76561199193184304,0,14,2863,0,en,"best game of 2024 i have so much fond memories playing this late at night after work, i want to forget it and replay it.",1758335817,1758335817,True,0,0,0.5,True,False,best game much fond memory playing late night work want forget replay,best game much fond memory playing late night work want forget replay
204736743,76561198025809444,0,37,1180,0,en,"Silent Hill 2 Remake is an excellent game. It accomplishes feeling both like it's faithful to the original and also like the devs were able to expand upon it with their own meaningful ideas. Despite how supernatural it is, Silent Hill 2 is easy to relate to because its themes are so human. Some of the scenes hit me really hard, and I've thought about the game a lot in my life.  Of course, we already knew that about the original. So it's exciting to experience those classic ideas wrapped up in a beautiful new package: the combat, level design, visuals, and sound have all received massive improvements. Silent Hill 2 Remake is truly an all-around success. I would highly recommend it, I think even to those who are not normally survival horror fans. What the game has to show you is just that good.",1758324897,1758324897,True,0,0,0.5,True,False,silent hill remake excellent game accomplishes feeling like faithful original also like devs able expand upon meaningful idea despite supernatural silent hill easy relate theme human scene hit really hard ive thought game lot life course already knew original exciting experience classic idea wrapped beautiful new package combat level design visuals sound received massive improvement silent hill remake truly allaround success would highly recommend think even normally survival horror fan game show good,silent hill remake excellent game accomplishes feeling like faithful original also like devs able expand upon meaningful idea despite supernatural silent hill easy relate theme human scene hit really hard i have thought game lot life course already knew original exciting experience classic idea wrapped beautiful new package combat level design visuals sound received massive improvement silent hill remake truly allaround success would highly recommend think even normally survival horror fan game show good
204724683,76561199510514866,26,8,1419,2,en,"Arguably the best horror game ever created, the atmosphere, graphics, world design everything is beautiful in this game. Loved it, recommended to all who's think of buying this masterpiece game.",1758313154,1758313154,True,0,0,0.5,True,False,arguably best horror game ever created atmosphere graphic world design everything beautiful game loved recommended who think buying masterpiece game,arguably best horror game ever created atmosphere graphic world design everything beautiful game loved recommended who think buying masterpiece game
204675642,76561198830124918,170,7,1354,0,en,Beautiful Story with great modernized survival horror gameplay. Would 100% recommend to anyone who loves survival horror games or wants to try one. ,1758263122,1758263122,True,0,0,0.5,True,False,beautiful story great modernized survival horror gameplay would recommend anyone love survival horror game want try one,beautiful story great modernized survival horror gameplay would recommend anyone love survival horror game want try one
204669928,76561198814660459,0,10,3056,0,en,"the way i had gigantic expecations for this game (i was a huge fan of the OG sh2), IT MANAGED TO SURPASS MY EXPECTATIONS? BY A LONG SHOT?? Im genuinely impressed.  if youre reading this as a fan of the OG, its worth it. if youre reading this as a new fan, welcome to the best introduction to the series",1758254637,1758254637,True,0,0,0.5,True,False,way gigantic expecations game huge fan og sh managed surpass expectation long shot im genuinely impressed youre reading fan og worth youre reading new fan welcome best introduction series,way gigantic expecations game huge fan og sh managed surpass expectation long shot i am genuinely impressed youre reading fan og worth youre reading new fan welcome best introduction series
204660959,76561198085979129,0,10,1403,0,en,Loved it. Amazing creepy atmosphere. Never played the first 1 and was about to when i heard they were doing this. The only thing is Unreal 5 performance could be better. I had to lock it to i think 80 or 100 in the end because it kept jumping up and down,1758243259,1758243259,True,0,0,0.5,False,False,loved amazing creepy atmosphere never played first heard thing unreal performance could better lock think end kept jumping,loved amazing creepy atmosphere never played first heard thing unreal performance could better lock think end kept jumping
204659758,76561198012386641,0,4,1177,0,en,Fantastic game and a great remake.,1758241710,1758241710,True,0,0,0.5,True,False,fantastic game great remake,fantastic game great remake
204706495,76561198048660927,0,58,1545,0,en,"An amazing game, A remake done well.  A truly intense horror atmosphere coated within a psychological deep study of sorrow.   BUT  Sadly this UE5 game like most has real performance issues. stuttering and unstable frame rates, I tried many combination of settings without any providing a locked FPS.   enabling FSR and locking to 60fps at 4K native with all other settings maxed out seemed to provide me with the best gameplay giving a steady 60fps, but with still heavy sudden FPS drops of 15 20 FPS for second before returning to 60 FPS.  (Summary) A must play for horror fans. Unfortunately the game runs poor.  If you can push past the hiccups of the game then this is a real gem. 9/10",1758297620,1758297620,True,0,0,0.4972375929355621,False,False,amazing game remake done well truly intense horror atmosphere coated within psychological deep study sorrow sadly ue game like real performance issue stuttering unstable frame rate tried many combination setting without providing locked fps enabling fsr locking fps k native setting maxed seemed provide best gameplay giving steady fps still heavy sudden fps drop fps second returning fps summary must play horror fan unfortunately game run poor push past hiccup game real gem,amazing game remake done well truly intense horror atmosphere coated within psychological deep study sorrow sadly ue game like real performance issue stuttering unstable frame rate tried many combination setting without providing locked fps enabling fsr locking fps k native setting maxed seemed provide best gameplay giving steady fps still heavy sudden fps drop fps second returning fps summary must play horror fan unfortunately game run poor push past hiccup game real gem
205423184,76561198399824991,0,5,430,10,en,game cannot run on a insane pc build Unreal engine 5 is bad and i wouldnt recommend wasting money on the game even if the story line is great its simply unplayable,1759086597,1759086597,False,6,3,0.495313674211502,True,True,game run insane pc build unreal engine bad wouldnt recommend wasting money game even story line great simply unplayable,game run insane pc build unreal engine bad wouldnt recommend wasting money game even story line great simply unplayable
206581192,76561198375522744,588,81,1465,0,en,"""In my restless dreams, I see that town.  Silent Hill.  You promised me you'd take me there again someday. But you never did.  Well, I'm alone there now... In our 'special place'... Waiting for you...  Waiting for you to come to see me. ... James...  You made me happy.""  :( The only horror game that made me cry and legit depressed in the end, this game is actually freaking peak, 10/10 easy. Also has one of the most iconic video game villains of all time, my beloved Pyramid Head.",1760299079,1760299079,True,2,0,0.5388914942741394,True,False,restless dream see town silent hill promised youd take someday never well im alone special place waiting waiting come see james made happy horror game made cry legit depressed end game actually freaking peak easy also one iconic video game villain time beloved pyramid head,restless dream see town silent hill promised youd take someday never well i am alone special place waiting waiting come see james made happy horror game made cry legit depressed end game actually freaking peak easy also one iconic video game villain time beloved pyramid head
206478681,76561198071599254,204,13,699,645,en,"Pacing and gameplay are way too tedious relative to the original SH2. Had to drop it halfway through. Combat is more emphasized and feels forced; felt like I was spending most of my time fighting enemies, which got in the way of me enjoying the atmosphere/details of the world. Wanted to finish it, but it just got too repetitive. It's very disappointing because I thought the visuals and the sounds were great at the start.",1760212513,1760214161,False,2,0,0.4855003654956817,False,False,pacing gameplay way tedious relative original sh drop halfway combat emphasized feel forced felt like spending time fighting enemy got way enjoying atmospheredetails world wanted finish got repetitive disappointing thought visuals sound great start,pacing gameplay way tedious relative original sh drop halfway combat emphasized feel forced felt like spending time fighting enemy got way enjoying atmospheredetails world wanted finish got repetitive disappointing thought visuals sound great start
205617295,76561198309363284,0,116,1178,0,en,"Ohmygosh, you guys! I have played the cutest little game called Silent Hill 2 Remake, and it was just the absolute happiest, sunshiniest adventure ever! 🌞✨ Like, imagine the coziest blanket fort but as a VIDEO GAME!    First off, the town of Silent Hill? ADORABLE! It’s like a super misty nature walk where everything’s all soft and fuzzy-like walking through a cloud made of marshmallows! And the fog? SO dreamy! It’s like the town’s playing peek-a-boo with you, teehee! 😊 The way the buildings peek out? Perfection! It’s like a surprise party around every corner!    And the characters? SWEETHEARTS! James is this precious hubby looking for his wifey-poo, how ROMANTIC is that?! He’s just wandering around with the BIGGEST heart eyes, bumping into the NICEST neighbors! There’s this lovely lady named Maria in a fabulous red jacket, total fashion icon! Who’s always popping up to say hi! It’s like a fun game of tag!    The monsters? OHMYSTARS, they’re just misunderstood fluffballs! 🐾 There’s this one with a pyramid hat? SO quirky! He’s just trying to give hugs, I think maybe he’s shy! And the squishy nurses? They’re just practicing their tippy-tappy dance moves! 💃 James waves his flashlight like a disco ball, and everyone has a lil’ boogie!    The story? A WHOLESOME PUZZLE! It’s all about happy memories and rainbows and... oopsie, maybe forgetting where you left your keys! But it’s FINE because the music is like a lullaby from a unicorn! 🎶 So soothing! I fell asleep smiling twice! (Don’t worry, I woke up and clapped!)    Honestly? 10/10 would recommend for a JOYFUL, GIGGLY time! It’s like a spa day for your SOUL! If you love sunshine, friendship, and cheerful walks in the fog, this is YOUR GAME! *Happy sigh*! 💖🎮☁️",1759325541,1759325541,True,5,2,0.5793325304985046,True,False,ohmygosh guy played cutest little game called silent hill remake absolute happiest sunshiniest adventure ever like imagine coziest blanket fort video game first town silent hill adorable like super misty nature walk everythings soft fuzzylike walking cloud made marshmallow fog dreamy like town playing peekaboo teehee way building peek perfection like surprise party around every corner character sweetheart james precious hubby looking wifeypoo romantic he wandering around biggest heart eye bumping nicest neighbor there lovely lady named maria fabulous red jacket total fashion icon who always popping say hi like fun game tag monster ohmystars theyre misunderstood fluffballs there one pyramid hat quirky he trying give hug think maybe he shy squishy nurse theyre practicing tippytappy dance move james wave flashlight like disco ball everyone lil boogie story wholesome puzzle happy memory rainbow oopsie maybe forgetting left key fine music like lullaby unicorn soothing fell asleep smiling twice dont worry woke clapped honestly would recommend joyful giggly time like spa day soul love sunshine friendship cheerful walk fog game happy sigh,ohmygosh guy played cutest little game called silent hill remake absolute happiest sunshiniest adventure ever like imagine coziest blanket fort video game first town silent hill adorable like super misty nature walk everythings soft fuzzylike walking cloud made marshmallow fog dreamy like town playing peekaboo teehee way building peek perfection like surprise party around every corner character sweetheart james precious hubby looking wifeypoo romantic he wandering around biggest heart eye bumping nicest neighbor there lovely lady named maria fabulous red jacket total fashion icon who always popping say hi like fun game tag monster ohmystars theyre misunderstood fluffballs there one pyramid hat quirky he trying give hug think maybe he shy squishy nurse theyre practicing tippytappy dance move james wave flashlight like disco ball everyone lil boogie story wholesome puzzle happy memory rainbow oopsie maybe forgetting left key fine music like lullaby unicorn soothing fell asleep smiling twice do not worry woke clapped honestly would recommend joyful giggly time like spa day soul love sunshine friendship cheerful walk fog game happy sigh
206770650,76561199385156025,60,9,1241,282,en,genuinely one of the most horrifying yet beautiful games ive ever played.... fuck james smotherland,1760520042,1760520042,True,0,0,0.4761904776096343,True,False,genuinely one horrifying yet beautiful game ive ever played fuck james smotherland,genuinely one horrifying yet beautiful game i have ever played fuck james smotherland
206236817,76561198117928138,0,81,422,266,en,I just really like the fact that you can go into the Happy Burger. Can't wait to go to the Happy Burger in Silent Hill 3 Remake!  And *cough* watch Claudia eat a fetus *cough* please don't change that scene *cough*.,1759982886,1759982886,True,0,0,0.4761904776096343,True,False,really like fact go happy burger cant wait go happy burger silent hill remake cough watch claudia eat fetus cough please dont change scene cough,really like fact go happy burger cannot wait go happy burger silent hill remake cough watch claudia eat fetus cough please do not change scene cough
204848161,76561199439443691,74,12,698,39,en,Very cool game very scary atmosphere cant even walk trough a dark alley without having my heart racing not for the weak. but the worst of the game is you have to search very long and often dont know what to do i just walk around sometimes about 30 minutes. idk if its like that on purpose but it rlly annoys me a lot. at least the story is nice. 4/10 gets insanely boring all you do is walk around hours long waste of money,1758440214,1759839430,False,0,0,0.4761904776096343,False,False,cool game scary atmosphere cant even walk trough dark alley without heart racing weak worst game search long often dont know walk around sometimes minute idk like purpose rlly annoys lot least story nice get insanely boring walk around hour long waste money,cool game scary atmosphere cannot even walk trough dark alley without heart racing weak worst game search long often do not know walk around sometimes minute idk like purpose rlly annoys lot least story nice get insanely boring walk around hour long waste money
204803476,76561197990250904,0,31,846,0,en,>Walk for 10 minutes >Puzzle >Walk for 10 minutes >Puzzle >Walk for 10 minutes >Puzzle  Also puzzles and enemies keep repeating themselves. Gets boring really quick.,1758392519,1758478716,False,0,1,0.4761904776096343,False,False,walk minute puzzle walk minute puzzle walk minute puzzle also puzzle enemy keep repeating get boring really quick,walk minute puzzle walk minute puzzle walk minute puzzle also puzzle enemy keep repeating get boring really quick
206715509,76561198849467080,0,18,1226,1070,en,"The GOAT sound design , atmosphere , music , story e t c",1760453185,1760453185,True,1,0,0.5238095521926879,True,False,goat sound design atmosphere music story e c,goat sound design atmosphere music story e c
205570448,76561198207447175,0,41,4195,0,en,"What an amazing remake of my third favorite game of all time. Playing through Silent Hill F, I needed to play a real silent hill and saw I never gave this one a review. If you enjoy the classic Silent Hill environment or better yet the original SH2, buy this, you wont be disappointed.",1759264092,1759264092,True,0,0,0.4729729890823364,True,False,amazing remake third favorite game time playing silent hill f needed play real silent hill saw never gave one review enjoy classic silent hill environment better yet original sh buy wont disappointed,amazing remake third favorite game time playing silent hill f needed play real silent hill saw never gave one review enjoy classic silent hill environment better yet original sh buy will not disappointed
206024088,76561198276821080,632,92,1310,276,en,"Was a great game, quite enjoyed myself, and the spook was great, even if mostly jumpscares? Besides a few issues , overall I enjoyed it. Even if I have more questions as I finished the game. And the ending I got was sad.. like.... SAD!! Still a 8/10 from Catto! Wishing everyone the best!  Twitch - https://www.twitch.tv/mnjauthecat Youtube - https://www.youtube.com/@MnjauTheCat?sub_confirmation=1 Tiktok - https://www.tiktok.com/@mnjauthecat Day of Streaming without skipping a day - 1739",1759742510,1759742510,True,0,0,0.4724409580230712,False,False,great game quite enjoyed spook great even mostly jumpscares besides issue overall enjoyed even question finished game ending got sad like sad still catto wishing everyone best twitch youtube tiktok day streaming without skipping day,great game quite enjoyed spook great even mostly jumpscares besides issue overall enjoyed even question finished game ending got sad like sad still catto wishing everyone best twitch youtube tiktok day streaming without skipping day
205354142,76561198121282894,186,5,1701,806,en,"This is a game I've wanted to play for a stupidly long time, i'm in love with the lore but every single time I turn it off in recent time my latest save file is completely gone. this sucks!! I am sent back hours of gameplay each time this happens, fix this please.",1759011750,1759011750,False,1,0,0.4713623225688934,False,False,game ive wanted play stupidly long time im love lore every single time turn recent time latest save file completely gone suck sent back hour gameplay time happens fix please,game i have wanted play stupidly long time i am love lore every single time turn recent time latest save file completely gone suck sent back hour gameplay time happens fix please
206318329,76561198141443335,0,3,443,443,en,"In my restless dreams, I see that town.  Silent Hill.  You promised me you'd take me there again someday. But you never did.  Well, I'm alone there now... In our 'special place'... Waiting for you... ",1760082726,1760082726,True,1,0,0.5199999809265136,True,False,restless dream see town silent hill promised youd take someday never well im alone special place waiting,restless dream see town silent hill promised youd take someday never well i am alone special place waiting
205585042,76561197967413428,319,15,307,18,en,"What can I say? I have never played a Silent Hill game. One of my friends has always told me its a great game, so I decided to try it out. Wishing I would have never even heard it was on PC because I could have saved myself 70 dollars. Sadly I purchased the game from G2A so I cant even ask for a refund from Steam. My fault for avoiding paying full price I guess... but worked out in the end because I would have been furious if I paid 100 dollars for this game. Where to begin....Performance. Frame rate is not an issue for me. I have absolutely no issue running this game MAX graphics with RT on with a stable 60 FPS. Its the absolutely absurd traversal micro stutter that is the issue here. It does not matter if my graphics are set to ALL LOW, it stutters in the same exact spots, every time. Even if you run through the whole level and try to properly build the shader cache. 80% OF THE GAME YOU CANT SEE 30 FEET IN FRONT OF YOU, BUT IM LAGGING WHILE RUNNING? Explain to me how I can run any game, High graphics, DLSS quality at 2k with 100+ fps with ZERO ISSUES, but I cant run this game on the lowest settings. THE ONLY work around for me is using NVIDIA rec. settings from the NVIDIA App (which is essentially medium settings), turn shadows to low (from suggestions via online research) then running 1080p with DLSS on performance. It doesnt look terrible, but its absolutely unacceptable. When I can play RDR2 with no issues, or Forza Horizon 5, Spider Man Remastered (also a notoriously bad PC port) and any other new game without any issues, something is wrong here. Alas, here we are in 2025. The game still hasn't been optimized properly, and they have released another game entirely without even fixing the broken one. They suggest to run the game at 30fps to avoid the stuttering.....guess what? you can literally still see the slow downs at 30 FPS. I have tried mods, fixes, DLSS swapper, capping frame rate to 30,40,50,60,75 and 90. Nothing works, the community gaslights you into believing the game isn't poorly optimized and that for some reason half the world cant build a PC properly. Ok. Bye, Felicia.   Ryzen 9 8945HS RTX 4070m 8GB 32GB DDR5 @2800 MHz Samsung 990Pro 2TB SSD  I don't expect miracles, but I can play The Last of Us 2 on MAX settings with this laptop, so there's that.",1759282046,1759282989,False,3,1,0.4585936069488525,False,False,say never played silent hill game one friend always told great game decided try wishing would never even heard pc could saved dollar sadly purchased game ga cant even ask refund steam fault avoiding paying full price guess worked end would furious paid dollar game beginperformance frame rate issue absolutely issue running game max graphic rt stable fps absolutely absurd traversal micro stutter issue matter graphic set low stutter exact spot every time even run whole level try properly build shader cache game cant see foot front im lagging running explain run game high graphic dlss quality k fps zero issue cant run game lowest setting work around using nvidia rec setting nvidia app essentially medium setting turn shadow low suggestion via online research running p dlss performance doesnt look terrible absolutely unacceptable play rdr issue forza horizon spider man remastered also notoriously bad pc port new game without issue something wrong ala game still hasnt optimized properly released another game entirely without even fixing broken one suggest run game fps avoid stutteringguess literally still see slow down fps tried mod fix dlss swapper capping frame rate nothing work community gaslight believing game isnt poorly optimized reason half world cant build pc properly ok bye felicia ryzen h rtx gb gb ddr mhz samsung pro tb ssd dont expect miracle play last u max setting laptop there,say never played silent hill game one friend always told great game decided try wishing would never even heard pc could saved dollar sadly purchased game ga cannot even ask refund steam fault avoiding paying full price guess worked end would furious paid dollar game beginperformance frame rate issue absolutely issue running game max graphic rt stable fps absolutely absurd traversal micro stutter issue matter graphic set low stutter exact spot every time even run whole level try properly build shader cache game cannot see foot front i am lagging running explain run game high graphic dlss quality k fps zero issue cannot run game lowest setting work around using nvidia rec setting nvidia app essentially medium setting turn shadow low suggestion via online research running p dlss performance doesnt look terrible absolutely unacceptable play rdr issue forza horizon spider man remastered also notoriously bad pc port new game without issue something wrong ala game still hasnt optimized properly released another game entirely without even fixing broken one suggest run game fps avoid stutteringguess literally still see slow down fps tried mod fix dlss swapper capping frame rate nothing work community gaslight believing game isnt poorly optimized reason half world cannot build pc properly ok bye felicia ryzen h rtx gb gb ddr mhz samsung pro tb ssd do not expect miracle play last you max setting laptop there
206544180,76561198838762578,0,3,879,194,en,"One of the all time worst PC ports, lost save files, frequent glitches, failure to load under dx12, terrible stuttering and performance.",1760273454,1760273454,False,0,0,0.4545454680919647,False,False,one time worst pc port lost save file frequent glitch failure load dx terrible stuttering performance,one time worst pc port lost save file frequent glitch failure load dx terrible stuttering performance
205973861,76561198123032867,0,3,1348,97,en,"There were some mechanical things during combat that I found odd (enemies seemingly teleporting so that their hit lands even though they're miles away), but the story is 10/10 for me. I played the original halfway through some years ago, and it has something about it that this new one is missing for me personally, but it doesn't really retract (detract? idk English isn't my first language) from the experience.",1759687358,1759687358,True,1,0,0.503311276435852,True,False,mechanical thing combat found odd enemy seemingly teleporting hit land even though theyre mile away story played original halfway year ago something new one missing personally doesnt really retract detract idk english isnt first language experience,mechanical thing combat found odd enemy seemingly teleporting hit land even though theyre mile away story played original halfway year ago something new one missing personally doesnt really retract detract idk english isnt first language experience
205800455,76561198370104911,303,50,504,0,en,"pointless remake. horrible controls. adds too much useless nonsense content to pad the runtime. completely misses all of the sauce that makes the original so special. and best of all, it runs like shit on the worlds worst game engine. It is a perfectly ok and relatively enjoyable game when considered in a vacuum, but it absolutely should not supplant the original in *any* way. The fan made HD remaster for the original silent hill 2 is free, and absolutely worth your time. consider that, instead of this.",1759522484,1759522484,False,1,0,0.452961653470993,False,False,pointless remake horrible control add much useless nonsense content pad runtime completely miss sauce make original special best run like shit world worst game engine perfectly ok relatively enjoyable game considered vacuum absolutely supplant original way fan made hd remaster original silent hill free absolutely worth time consider instead,pointless remake horrible control add much useless nonsense content pad runtime completely miss sauce make original special best run like shit world worst game engine perfectly ok relatively enjoyable game considered vacuum absolutely supplant original way fan made hd remaster original silent hill free absolutely worth time consider instead
207053823,76561199054036765,0,7,627,329,en,had a ps2 growing up but never picked this up. totally glad this got a remake bc this has the exact vibe ive been looking for  was also a fan of the movies,1760836872,1760836872,True,0,0,0.5,True,False,p growing never picked totally glad got remake bc exact vibe ive looking also fan movie,p growing never picked totally glad got remake bc exact vibe i have looking also fan movie
206993540,76561199175621243,0,6,1493,0,en,"“In my restless dreams, I see that town…” And every time I walk its foggy streets again, Silent Hill breaks me and heals me all at once.  This remake is unreal. An emotional rollercoaster, visually stunning, with an atmosphere that crawls under your skin and stays there. The places aren’t just locations — they’re distorted memories. Every hallway in the hospital, every fog-soaked alley, every room in that cursed hotel tells a story, even when no one’s speaking.  The characters aren’t just NPCs, they’re fragments of trauma thrown in your face with cruel elegance. James, Mary, Angela... each one hits like a punch to the heart.  And the music? Heart-wrenching. Quiet. Haunting. Akira Yamaoka’s soundtrack doesn’t just follow the story — it deepens it. Sometimes you just stand still in a room, letting it wash over you.  This isn’t just horror, it’s therapy in the shape of a nightmare. It pulls you in and doesn’t let go. And no matter how many times you play it, you always find a new way to suffer... and to fall in love with it all over again.  You don’t play a game like this. You live it. And then it stays with you.",1760781589,1760781589,True,0,0,0.5,False,False,restless dream see town every time walk foggy street silent hill break heals remake unreal emotional rollercoaster visually stunning atmosphere crawl skin stay place arent location theyre distorted memory every hallway hospital every fogsoaked alley every room cursed hotel tell story even one speaking character arent npc theyre fragment trauma thrown face cruel elegance james mary angela one hit like punch heart music heartwrenching quiet haunting akira yamaokas soundtrack doesnt follow story deepens sometimes stand still room letting wash isnt horror therapy shape nightmare pull doesnt let go matter many time play always find new way suffer fall love dont play game like live stay,restless dream see town every time walk foggy street silent hill break heals remake unreal emotional rollercoaster visually stunning atmosphere crawl skin stay place arent location theyre distorted memory every hallway hospital every fogsoaked alley every room cursed hotel tell story even one speaking character arent npc theyre fragment trauma thrown face cruel elegance james mary angela one hit like punch heart music heartwrenching quiet haunting akira yamaokas soundtrack doesnt follow story deepens sometimes stand still room letting wash isnt horror therapy shape nightmare pull doesnt let go matter many time play always find new way suffer fall love do not play game like live stay
206980308,76561198095634426,226,20,1103,1103,en,9/10 Combat was nothing special but the story and atmosphere we're very good and enjoyable. The ending speaks some words that will make you think deeply and think about the morals that people in life should hear more often. Definitely a good vibe would not recommend if you're someone who is depressed or going through some deep stuff in life but who knows it may open up a new perspective to you're mind. Painful and beautiful story it spoke to me and made me cry.,1760765122,1760765591,True,0,0,0.5,False,False,combat nothing special story atmosphere good enjoyable ending speaks word make think deeply think moral people life hear often definitely good vibe would recommend youre someone depressed going deep stuff life know may open new perspective youre mind painful beautiful story spoke made cry,combat nothing special story atmosphere good enjoyable ending speaks word make think deeply think moral people life hear often definitely good vibe would recommend youre someone depressed going deep stuff life know may open new perspective youre mind painful beautiful story spoke made cry
206866652,76561198850033979,38,15,625,360,en,"In my restless dreams, I see that town, Silent Hill. You promised me you'd take me there again someday. But you never did. Well, I'm alone there now... In our 'special place'... Waiting for you... Waiting for you to come to see me",1760633668,1760633668,True,0,0,0.5,False,False,restless dream see town silent hill promised youd take someday never well im alone special place waiting waiting come see,restless dream see town silent hill promised youd take someday never well i am alone special place waiting waiting come see
206838334,76561198147842366,120,12,1234,414,en,Have you seen my wife?    Great remake so scary almost had a heart attack  only thing the OG does better is the atmosphere in a few places  like the flesh lips boss arena and the voice acting for Mary's Letter and Hotel Hallway Conversation  besides that the remake does everything else better i would say its worth the money and cant wait for the Silent Hill 1 Remake,1760601842,1760779903,True,0,0,0.5,True,False,seen wife great remake scary almost heart attack thing og better atmosphere place like flesh lip bos arena voice acting mary letter hotel hallway conversation besides remake everything else better would say worth money cant wait silent hill remake,seen wife great remake scary almost heart attack thing og better atmosphere place like flesh lip bos arena voice acting mary letter hotel hallway conversation besides remake everything else better would say worth money cannot wait silent hill remake
206655441,76561198059520771,0,42,1855,1513,en,I'm old.  Silent Hill 2 was a high school thing. They did it justice.  Very well done.  Gimme a rusty wall covered in poop and I'm happy.,1760381387,1760381387,True,0,0,0.5,True,False,im old silent hill high school thing justice well done gim rusty wall covered poop im happy,i am old silent hill high school thing justice well done gim rusty wall covered poop i am happy
206627091,76561198304844865,228,26,1141,441,en,This game made me feel dread long after completing it. 10/10 the hills were in fact silent.,1760356270,1760356270,True,0,0,0.5,False,False,game made feel dread long completing hill fact silent,game made feel dread long completing hill fact silent
206585406,76561198897545741,210,8,498,231,en,"Monsters don’t just haunt you - they bankrupt your inventory. Every fight feels like a boss fight. I came for the horror, stayed for the resource anxiety =(",1760302471,1760302471,True,0,0,0.5,True,False,monster dont haunt bankrupt inventory every fight feel like bos fight came horror stayed resource anxiety,monster do not haunt bankrupt inventory every fight feel like bos fight came horror stayed resource anxiety
206465547,76561198088299703,0,26,1781,1775,en,Silent Hill 2 Remake is the series pinnacle for its psychological depth and atmosphere.,1760203664,1760203664,True,0,0,0.5,False,False,silent hill remake series pinnacle psychological depth atmosphere,silent hill remake series pinnacle psychological depth atmosphere
206097925,76561198177119394,0,64,1204,808,en,"In my restless dreams, I see that town. Silent Hill. You promised me you'd take me there again someday. But because of me, you were never able to. Well, I'm alone there now… In our ”“special place.” Waiting for you…",1759821884,1759821884,True,0,0,0.5,False,False,restless dream see town silent hill promised youd take someday never able well im alone special place waiting,restless dream see town silent hill promised youd take someday never able well i am alone special place waiting
206094399,76561198000528745,0,2,2806,0,en,"I have been living a lie.  I have the ""faster than fog achievement"" for Silent Hill 2.   I did not achieve that legitimately. But, I also did not use an unlocker.  It was a bug. After an official patch, I was already near the end of the game. And the patch must have reset the timer.  I am sorry. I'm sorry Bloober. Please tell Konami that it would be really cool to have The Short Message on PC. thank you.",1759814633,1759814633,True,0,1,0.5,False,False,living lie faster fog achievement silent hill achieve legitimately also use unlocker bug official patch already near end game patch must reset timer sorry im sorry bloober please tell konami would really cool short message pc thank,living lie faster fog achievement silent hill achieve legitimately also use unlocker bug official patch already near end game patch must reset timer sorry i am sorry bloober please tell konami would really cool short message pc thank
206015129,76561198355170135,100,3,3191,0,en,The OG horror game that changed the horror genre. A great remake and a must play for sure.,1759729924,1759730053,True,0,0,0.5,True,False,og horror game changed horror genre great remake must play sure,og horror game changed horror genre great remake must play sure
206008748,76561198135466707,0,12,1132,233,en,"James fumbled Maria hardcore.  Maria, if you are somewhere out there in the world, I am madly in love with you. Run away with me mommy. Hehe. ;)",1759721144,1759721144,True,0,0,0.5,True,False,james fumbled maria hardcore maria somewhere world madly love run away mommy hehe,james fumbled maria hardcore maria somewhere world madly love run away mommy hehe
205902025,76561198071529290,0,5,1387,10,en,I wish I could write a review but I just finished the game and my jaw is hanging open. I'm speechless.,1759620278,1759620278,True,0,0,0.5,False,False,wish could write review finished game jaw hanging open im speechless,wish could write review finished game jaw hanging open i am speechless
205437078,76561199379432123,0,3,822,310,en,A scary adventure filled with various enemies and puzzles to keep you entertained the whole time. Play with the lights off and headphones on for the full experience.,1759100597,1759100597,True,0,0,0.5,True,False,scary adventure filled various enemy puzzle keep entertained whole time play light headphone full experience,scary adventure filled various enemy puzzle keep entertained whole time play light headphone full experience
205410948,76561198263323561,0,3,2698,0,en,"In terms of it in relation to Silent Hill 2, it's like the same dish made with different ingredients. And that's not a bad thing! As a remake, it's really strong and visually stunning. I think a whole new generation of people will enjoy Silent Hill now. The voice acting was really good and I enjoyed some of the additions they made to the original.,  In terms of things that could be better (mild spoilers), they expanded the map but didn't add many new enemies, making some of them become repetitive in my opinion and therefore less threatening. After a certain amount of time, they just kinda become annoying. It also led to many enemies being in non-thematic areas they don't belong, like nurses just kinda out and about all over the place.  To add more content, they also added puzzles, which is cool, but they got super tedious after a while. The old game was already puzzle-heavy; now this got to be a slog.  Some of the character models I wasn't keen on, Mraia's head looks huge on her tiny body lol, and they kinda made many characters too pretty in my opinion, which kinda took me out of it. In the original, she had a lot of character in her design. She dresses too young for her age and has some tummy fat. She has a tramp stamp and her roots are messy. Angela is amazed, and her cheeks are hollow. You can tell a lot about them just from their character designs without even speaking to them. I didn't feel that in the remake   Some of the cinematography wasn't as good in my opinion, as I felt a lot more in eh original end cut scenes than the new one.  Otherwise, very cool!! I personally still think it could learn a few things from the original, but as a very, very good go! =)",1759076473,1759076473,True,0,0,0.5,True,False,term relation silent hill like dish made different ingredient thats bad thing remake really strong visually stunning think whole new generation people enjoy silent hill voice acting really good enjoyed addition made original term thing could better mild spoiler expanded map didnt add many new enemy making become repetitive opinion therefore less threatening certain amount time kinda become annoying also led many enemy nonthematic area dont belong like nurse kinda place add content also added puzzle cool got super tedious old game already puzzleheavy got slog character model wasnt keen mraias head look huge tiny body lol kinda made many character pretty opinion kinda took original lot character design dress young age tummy fat tramp stamp root messy angela amazed cheek hollow tell lot character design without even speaking didnt feel remake cinematography wasnt good opinion felt lot eh original end cut scene new one otherwise cool personally still think could learn thing original good go,term relation silent hill like dish made different ingredient thats bad thing remake really strong visually stunning think whole new generation people enjoy silent hill voice acting really good enjoyed addition made original term thing could better mild spoiler expanded map didnt add many new enemy making become repetitive opinion therefore less threatening certain amount time kinda become annoying also led many enemy nonthematic area do not belong like nurse kinda place add content also added puzzle cool got super tedious old game already puzzleheavy got slog character model wasnt keen mraias head look huge tiny body laughing out loud kinda made many character pretty opinion kinda took original lot character design dress young age tummy fat tramp stamp root messy angela amazed cheek hollow tell lot character design without even speaking didnt feel remake cinematography wasnt good opinion felt lot eh original end cut scene new one otherwise cool personally still think could learn thing original good go
205153242,76561199161417474,0,2,1472,14,en,"Awesome game, great story and great combat",1758791735,1758791735,True,0,0,0.5,False,False,awesome game great story great combat,awesome game great story great combat
205010401,76561198049649858,0,105,435,0,en,10/10 after playing Silent Hill 2 (2001) I can already tell this ones awesome!  Still waiting for Silent Hill 1 remake maybe 2026 #bring back worlds best Dad Harry Mason!!!,1758610678,1758770754,True,0,0,0.5,True,False,playing silent hill already tell one awesome still waiting silent hill remake maybe bring back world best dad harry mason,playing silent hill already tell one awesome still waiting silent hill remake maybe bring back world best dad harry mason
204973820,76561198123381708,276,42,2173,0,en,"Holy f*ck I did not know what I was signing up for-emotionally.   Beautifully written story, one to surely remember.",1758571027,1758571027,True,0,0,0.5,False,False,holy fck know signing foremotionally beautifully written story one surely remember,holy fck know signing foremotionally beautifully written story one surely remember
204956745,76561198836981237,0,4,1429,0,en,"This is one of the best remakes I've ever played. The modern graphics and sound design amplify the psychological horror experience, making the story feel even more intimate and painfully real, allowing you to not only experience, but reflect on the impact of loss, denial, and the search for meaning in a seemingly indifferent world. The atmosphere and emotional impact of the original I still believe to be better than the remake, but Bloober Team did an incredible job considering how unique and beloved the original is.",1758557293,1758888949,True,0,0,0.5,False,False,one best remake ive ever played modern graphic sound design amplify psychological horror experience making story feel even intimate painfully real allowing experience reflect impact loss denial search meaning seemingly indifferent world atmosphere emotional impact original still believe better remake bloober team incredible job considering unique beloved original,one best remake i have ever played modern graphic sound design amplify psychological horror experience making story feel even intimate painfully real allowing experience reflect impact loss denial search meaning seemingly indifferent world atmosphere emotional impact original still believe better remake bloober team incredible job considering unique beloved original
204884642,76561197993265574,1114,31,1154,0,en,"Do it James. Jump in the hole James. In what may be a surprise to some, Bloober has accomplished what no other western dev (except maybe Sam Barlow) has done before and made a Silent Hill entry that matches the quality the original trilogy had. I had no doubts, judging from past experience on The Medium (a bit of a Polish take on Silent Hill, with an understandably questionable ending). Pros: the atmosphere and tone matches the original perfectly. Both games are what I call oppressively dark. Some may find it hard to play in long stretches, but that is part of the charm. The biggest surprise has to be the quality of all acting performances. Angela is probably my most favorite nuanced performance. Yamaokas soundtrack is still awesome and the sound design is still unsettling.  Cons: UE5 stutter strikes once again. Performance could be more optimized. I did not bother with turning on raytracing, not that I wanted it (would be nice with some darker levels) but because frame pacing is bad enough even without it. There is too much combat in this remake, with a combat system that is deliberately clumsy since James is a depressed dude. Problems come up with hit tracking. Many times he will just whiff or swings will pass through monsters.  Overall, this game is a must play for anyone with any interest in the godfather of psychological horror games. Hopefully Bloober is working on the Born From a Wish dlc. Very much looking forward to Silent Hill f.",1758473010,1758473010,True,0,0,0.5,False,False,james jump hole james may surprise bloober accomplished western dev except maybe sam barlow done made silent hill entry match quality original trilogy doubt judging past experience medium bit polish take silent hill understandably questionable ending pro atmosphere tone match original perfectly game call oppressively dark may find hard play long stretch part charm biggest surprise quality acting performance angela probably favorite nuanced performance yamaokas soundtrack still awesome sound design still unsettling con ue stutter strike performance could optimized bother turning raytracing wanted would nice darker level frame pacing bad enough even without much combat remake combat system deliberately clumsy since james depressed dude problem come hit tracking many time whiff swing pas monster overall game must play anyone interest godfather psychological horror game hopefully bloober working born wish dlc much looking forward silent hill f,james jump hole james may surprise bloober accomplished western dev except maybe sam barlow done made silent hill entry match quality original trilogy doubt judging past experience medium bit polish take silent hill understandably questionable ending pro atmosphere tone match original perfectly game call oppressively dark may find hard play long stretch part charm biggest surprise quality acting performance angela probably favorite nuanced performance yamaokas soundtrack still awesome sound design still unsettling con ue stutter strike performance could optimized bother turning raytracing wanted would nice darker level frame pacing bad enough even without much combat remake combat system deliberately clumsy since james depressed dude problem come hit tracking many time whiff swing pas monster overall game must play anyone interest godfather psychological horror game hopefully bloober working born wish dlc much looking forward silent hill f
205941899,76561198148054514,227,67,999,676,en,95% POSITIVE LOL! i suppose 95% of people who bought this game have a nasa super computer and do not mind the worst combat to ever grace a survival horror game,1759664516,1759664516,False,1,1,0.4409063160419464,False,False,positive lol suppose people bought game nasa super computer mind worst combat ever grace survival horror game,positive laughing out loud suppose people bought game nasa super computer mind worst combat ever grace survival horror game
204996954,76561198077669455,0,4,2628,0,en,"Does it suck? No. Does it blow the original out of the water? Also no. SH2 offers a solid modernized take the revolutionary classic.   I think it found a way to implement the ""modern third-person shooter"" mechanics and keeping them tight and functional, without taking away from making James feel like a normal dude on mission rather than a Special Forces officer. Graphically, the look of the town has never looked better. I liked the new scenes. There's only few enough that it adds flavor without feeling tacked on, and aside the them, the original dialogue 99% intact. The bosses are definitely a lot more intense if you played on hard difficulty. Puzzles are a lot easier, even on Hard, so make of that what you will.  My main gripes are mild ones, mostly with some of the sound design. Some of the musical cues don't match up at all with the original, and some of the voice acting left a bit to be desired. It's not like how SH2 2001 had awkward reads that gave it Lynch-esque surreality, just flatness that can take you out of the experience sometimes.  Had a lot of fun, though. Will definitely 100% and look forward to the SH1 remake.",1758591450,1758591450,True,0,0,0.4761904776096343,True,False,suck blow original water also sh offer solid modernized take revolutionary classic think found way implement modern thirdperson shooter mechanic keeping tight functional without taking away making james feel like normal dude mission rather special force officer graphically look town never looked better liked new scene there enough add flavor without feeling tacked aside original dialogue intact boss definitely lot intense played hard difficulty puzzle lot easier even hard make main gripe mild one mostly sound design musical cue dont match original voice acting left bit desired like sh awkward read gave lynchesque surreality flatness take experience sometimes lot fun though definitely look forward sh remake,suck blow original water also sh offer solid modernized take revolutionary classic think found way implement modern thirdperson shooter mechanic keeping tight functional without taking away making james feel like normal dude mission rather special force officer graphically look town never looked better liked new scene there enough add flavor without feeling tacked aside original dialogue intact boss definitely lot intense played hard difficulty puzzle lot easier even hard make main gripe mild one mostly sound design musical cue do not match original voice acting left bit desired like sh awkward read gave lynchesque surreality flatness take experience sometimes lot fun though definitely look forward sh remake
206227954,76561198163640240,557,74,1487,1015,en,"yeas, the best remake of all time, i fucking love you blobber team, i love you silent hill   FUCK YOU KONAMI AND FUCK YOU UE5 I HATE YOU I HATE THAT YOU ONLY CRASH",1759969831,1759969903,True,1,0,0.5238095521926879,False,False,yea best remake time fucking love blobber team love silent hill fuck konami fuck ue hate hate crash,yea best remake time fucking love blobber team love silent hill fuck konami fuck ue hate hate crash
205132018,76561198183460305,0,4,1703,0,en,"Really brings the feel from the original with modern concepts and slight twists. If you were on the fence about purchasing, I would highly recommend.",1758759146,1758759146,True,1,0,0.5238095521926879,True,False,really brings feel original modern concept slight twist fence purchasing would highly recommend,really brings feel original modern concept slight twist fence purchasing would highly recommend
206299498,76561198038189720,1406,25,2092,1182,en,"The game is broken. A year has passed since its release, and the labyrinth bug hasn't been fixed.",1760055250,1760055250,False,0,0,0.4732979238033294,False,False,game broken year passed since release labyrinth bug hasnt fixed,game broken year passed since release labyrinth bug hasnt fixed
206980720,76561198025046332,0,2,384,384,en,"Never played a Silent Hill game before, was interested since it looked like a slightly more melee focused Resident Evil. It's closer to Callisto Protocol in that the combat is very simple, repetitive and boring. I'm just not engaged in this story. Despite the game being remastered I don't feel like it holds up. I'm mid-way through this game and I wouldn't recommend this to anyone that isn't already a fan of Silent Hill.",1760765659,1760765659,False,1,1,0.4210526347160339,False,False,never played silent hill game interested since looked like slightly melee focused resident evil closer callisto protocol combat simple repetitive boring im engaged story despite game remastered dont feel like hold im midway game wouldnt recommend anyone isnt already fan silent hill,never played silent hill game interested since looked like slightly melee focused resident evil closer callisto protocol combat simple repetitive boring i am engaged story despite game remastered do not feel like hold i am midway game wouldnt recommend anyone isnt already fan silent hill
204820981,76561198027955502,0,6,789,0,en,"My personal gold standard in both horror, and in remakes. There was a lot of fear around Bloober before the release, but they absolutely nailed it.",1758407731,1758407731,True,1,0,0.5161290764808654,True,False,personal gold standard horror remake lot fear around bloober release absolutely nailed,personal gold standard horror remake lot fear around bloober release absolutely nailed
205163314,76561199760625293,79,5,782,34,en,"Dripping with dread, the atmosphere is unmatched.",1758805439,1758805439,True,1,0,0.5142856836318969,False,False,dripping dread atmosphere unmatched,dripping dread atmosphere unmatched
204895613,76561198027681138,0,25,2770,0,en,"Horribly lazy optimization. Game stutters a lot with a powerful PC, even on LOW. Graphics don't make good games, but to enjoy a game it must run on a decent framerate.   This game should cost $10, $20 at most. It's basically the same game with updated graphics.",1758481760,1758481760,False,5,0,0.401528924703598,False,False,horribly lazy optimization game stutter lot powerful pc even low graphic dont make good game enjoy game must run decent framerate game cost basically game updated graphic,horribly lazy optimization game stutter lot powerful pc even low graphic do not make good game enjoy game must run decent framerate game cost basically game updated graphic
206740441,76561197996018930,117,24,1304,323,en,"Very high quality game. the only con I might have is that it seems to be not very optimised. I have a decent system and it still was not smooth the entire time, even with fsr 4. But on the other hand the graphic design and overall graphics of this game are top notch. I have never seen a game with better graphics than this. Especially the lakeview hotel was just really really well designed. I can definitely recommend this to people who have like games like RE2 remake. It will create a similar tension and go even beyond.  ending is pretty rough tbh",1760475744,1760476796,True,0,0,0.5,False,False,high quality game con might seems optimised decent system still smooth entire time even fsr hand graphic design overall graphic game top notch never seen game better graphic especially lakeview hotel really really well designed definitely recommend people like game like remake create similar tension go even beyond ending pretty rough tbh,high quality game con might seems optimised decent system still smooth entire time even fsr hand graphic design overall graphic game top notch never seen game better graphic especially lakeview hotel really really well designed definitely recommend people like game like remake create similar tension go even beyond ending pretty rough tbh
206705063,76561198039976159,0,16,65,0,en,"Walked into a foggy town, met some monsters, and questioned all my life choices. 10/10",1760443080,1760443080,True,0,0,0.5,False,False,walked foggy town met monster questioned life choice,walked foggy town met monster questioned life choice
205657655,76561199466739220,0,3,1318,0,en,"MUY BUEN REMAKE, MUY FIEL AL ORIGINAL, ME TRANSPORTO A MI ADOLECENCIA CUANDO JUGUE POR PRIMERA VEZ EL ORIGINAL.",1759366672,1759366672,True,0,0,0.5,True,False,muy buen remake muy fiel al original transporto mi adolecencia cuando jugue por primera vez el original,muy buen remake muy fiel al original transporto mi adolecencia cuando jugue por primera vez el original
205534660,76561198009910793,0,2,3252,0,en,"It is not the OG silent hill 2, but Its something more. Fans won't be disappointed.  Thank you Bloober Team Remake this one for us!",1759230214,1759230214,True,0,0,0.5,True,False,og silent hill something fan wont disappointed thank bloober team remake one u,og silent hill something fan will not disappointed thank bloober team remake one you
205338945,76561198076482336,272,23,3474,0,en,"I loved the story, the atmosphere. It's scary in different ways.",1758997677,1758997677,True,0,0,0.5,True,False,loved story atmosphere scary different way,loved story atmosphere scary different way
205201793,76561198137304252,351,53,1486,0,en,best game ever I could go on and on and on.,1758842791,1758842791,True,0,0,0.5,False,False,best game ever could go,best game ever could go
205143499,76561199029430899,99,25,1269,0,en,"I want to start off this review by saying that I have never played the original Silent Hill 2. I don't know if this remake ""holds-up"" or is as good as the original. With that being said this is one of the greatest horror games ever made, and one of the greatest stories in general. The combat is fun but not too crazy, but at the same time you are kept on your toes. The puzzles are challenging but not too difficult that they become frustrating, and so it is really satisfying to solve them. The graphics are amazing, all the little details around the town, you can tell they really thought this out. The locations are iconic and memorable. The sound design is some of the best I've heard in a video game. Not because it is insanely innovative or anything, but I've never been so afraid in a game solely because of the noises I would hear. There's a part where you're in a dark tunnel and you hear what sounds like giant footsteps clambering towards you. I was in immense panic and kept running out of the tunnel, thinking something was chasing me. But, upon further inspection, it was some kind of creature under the grates on the floor crawling around. All this to say, is that the sound design produced stress, paranoia, and genuine fear into me while playing. The story is really well done. [spoiler] I already had known the big plot twist, but I still was surprised at certain parts and it still is a good game even if you have had it spoiled to you. [/spoiler] Please go into the game as blind as possible. The characters are all interesting as you learn more about them. I will say sometimes the facial animation in cutscenes can feel a little off, but it's not too bad. When you finish the game, you start to see all the symbolism the game uses. (I mean, I didn't understand what the heck was happening), and I highly recommend reading about it online or watching a video about it after playing the game. Silent Hill 2 is one of the best horror games, and video games in general. I wouldn't exactly recommend it at the price it's listed as of writing this review (70$), but if it's on sale definitely grab it. Even if you don't do well with horror games, you should still try it. It doesn't heavily rely on jumpscares, but rather it has building tension and fear through the unknown. Overall an excellent game and well worth your time. ",1758775418,1758775534,True,0,0,0.5,True,False,want start review saying never played original silent hill dont know remake holdsup good original said one greatest horror game ever made one greatest story general combat fun crazy time kept toe puzzle challenging difficult become frustrating really satisfying solve graphic amazing little detail around town tell really thought location iconic memorable sound design best ive heard video game insanely innovative anything ive never afraid game solely noise would hear there part youre dark tunnel hear sound like giant footstep clambering towards immense panic kept running tunnel thinking something chasing upon inspection kind creature grate floor crawling around say sound design produced stress paranoia genuine fear playing story really well done spoiler already known big plot twist still surprised certain part still good game even spoiled spoiler please go game blind possible character interesting learn say sometimes facial animation cutscenes feel little bad finish game start see symbolism game us mean didnt understand heck happening highly recommend reading online watching video playing game silent hill one best horror game video game general wouldnt exactly recommend price listed writing review sale definitely grab even dont well horror game still try doesnt heavily rely jumpscares rather building tension fear unknown overall excellent game well worth time,want start review saying never played original silent hill do not know remake holdsup good original said one greatest horror game ever made one greatest story general combat fun crazy time kept toe puzzle challenging difficult become frustrating really satisfying solve graphic amazing little detail around town tell really thought location iconic memorable sound design best i have heard video game insanely innovative anything i have never afraid game solely noise would hear there part youre dark tunnel hear sound like giant footstep clambering towards immense panic kept running tunnel thinking something chasing upon inspection kind creature grate floor crawling around say sound design produced stress paranoia genuine fear playing story really well done spoiler already known big plot twist still surprised certain part still good game even spoiled spoiler please go game blind possible character interesting learn say sometimes facial animation cutscenes feel little bad finish game start see symbolism game us mean didnt understand heck happening highly recommend reading online watching video playing game silent hill one best horror game video game general wouldnt exactly recommend price listed writing review sale definitely grab even do not well horror game still try doesnt heavily rely jumpscares rather building tension fear unknown overall excellent game well worth time
206864150,76561198007510946,0,42,53,53,en,"Probably an unpopular opinion, but I feels there's waaaay too much combat in this for it to be enjoyable. I played for like an hour and killed several copies of the same 2 types of monster. Worst of all I didn't even feel scared, they revealed the monsters too early and they're only an annoyance at that point. It kinda felt like playing a crappier version of a soulslike",1760631444,1760631444,False,0,0,0.3987915217876434,True,False,probably unpopular opinion feel there waaaay much combat enjoyable played like hour killed several copy type monster worst didnt even feel scared revealed monster early theyre annoyance point kinda felt like playing crappier version soulslike,probably unpopular opinion feel there waaaay much combat enjoyable played like hour killed several copy type monster worst didnt even feel scared revealed monster early theyre annoyance point kinda felt like playing crappier version soulslike
205445497,76561198081364442,0,9,2674,0,en,"If you're not going to take away anything else from this review: [b] Go grab a copy [/b].   SILENT HILL 2 is a stellar game and should be a staple of any modern survival horror enthusiast's catalogue.  The combat feels fluent, responsive and [b]weighty[/b]. The cinematography is amazing. The visuals are beautiful.  The voice acting is great, which I know is a point of contention among fans, but I think it's great.  The story is horrible, visceral, brutal and beautiful. I like to think that SILENT HILL 2's story was meant to be interpreted in different ways, and that's something I won't spoil.   I once saw somebody call the game [i]soulless[/i] and another time heard people say that the game doesn't capture the same magic as the original.  I disagree. If anything, I think the remake improves on the source material, while still staying faithful. It still tells all the same stories, but with the fresh coat of spit, polish and care this classic deserves.",1759112104,1759113767,True,1,0,0.5238095521926879,True,False,youre going take away anything else review b go grab copy b silent hill stellar game staple modern survival horror enthusiast catalogue combat feel fluent responsive bweightyb cinematography amazing visuals beautiful voice acting great know point contention among fan think great story horrible visceral brutal beautiful like think silent hill story meant interpreted different way thats something wont spoil saw somebody call game isoullessi another time heard people say game doesnt capture magic original disagree anything think remake improves source material still staying faithful still tell story fresh coat spit polish care classic deserves,youre going take away anything else review b go grab copy b silent hill stellar game staple modern survival horror enthusiast catalogue combat feel fluent responsive bweightyb cinematography amazing visuals beautiful voice acting great know point contention among fan think great story horrible visceral brutal beautiful like think silent hill story meant interpreted different way thats something will not spoil saw somebody call game isoullessi another time heard people say game doesnt capture magic original disagree anything think remake improves source material still staying faithful still tell story fresh coat spit polish care classic deserves
205806463,76561197990229029,566,35,3112,0,en,"*SPOILERS*  A sad man goes on what he thinks is a nostalgic vacation to rekindle love and maybe have sex with a ghost. Only to end up in horny jail with a giant triangle man who is mad about his pillow-related life choices.  I’ll admit I was sceptical when I saw the 3rd person camera, but it actually gives the foggy streets and decaying walls a whole new vibe.  Sure, the performance can cough and decay more than Mary, but the liminal, dread-soaked spaces and environmental storytelling are still masterful.  If Konami ever adds a photo mode or a certain “wish” scenario, this remake might be perfect.",1759528099,1759528099,True,0,0,0.5,True,False,spoiler sad man go think nostalgic vacation rekindle love maybe sex ghost end horny jail giant triangle man mad pillowrelated life choice ill admit sceptical saw rd person camera actually give foggy street decaying wall whole new vibe sure performance cough decay mary liminal dreadsoaked space environmental storytelling still masterful konami ever add photo mode certain wish scenario remake might perfect,spoiler sad man go think nostalgic vacation rekindle love maybe sex ghost end horny jail giant triangle man mad pillowrelated life choice ill admit sceptical saw rd person camera actually give foggy street decaying wall whole new vibe sure performance cough decay mary liminal dreadsoaked space environmental storytelling still masterful konami ever add photo mode certain wish scenario remake might perfect
205692556,76561198214089284,0,5,2856,0,en,"amazing, oppressive, scary, melancholic, beautiful",1759412843,1759412843,True,0,0,0.5,True,False,amazing oppressive scary melancholic beautiful,amazing oppressive scary melancholic beautiful
205569666,76561198339839832,0,105,1394,0,en,"This is a survival horror masterpiece, independent of your appreciation of the original. It has the best of everything that survival horror has to offer, and then some.   The combat is mechanically deep enough to incorporate strategy, and there is a fair bit of it. I like the new combat a lot, the enemies are fast and erratic and James is slow and unsteady. Enemies will scatter and hide in the dark, and ambush you with perfect timing. It's more grounded than games like Resident Evil 4 or Dead Space, but still more action heavy than the original silent hill. Despite the frequency of combat, I still found encounters to be tense and mannequins provided relentless jump scares. The bosses were overall great, and a large improvement to the originals as well.  The puzzles and exploration are what separates this from a lot of other modern, OTS camera style horror games. There are a lot of puzzles, and they are elaborate, multi-step processes that carry over into other rooms, that are usually locked by keys or puzzle sequences linked to other rooms. Nearly every section of the game is like a maze, nothing is ever a straight line and you can never tell what's ahead because it's either too dark, or too foggy.   You're constantly feeling lost while being hunted in the dark, scavenging through run down buildings filled with monsters and dark imagery. The sound design brings it all together, with haunting music and sounds that generally make me want to quit the game. Silent Hill's music has the worst vibes, a symphony of sirens, metal banging on metal, strange distortions, all designed to make you feel bad. It's a perfect horror soundtrack.  It's a pretty long game, 16-20 hours for a first run. Every mechanic gets used to its full potential, there is a lot of combat, a lot of puzzles, and a lot of ground to explore. It remains faithful to the original while providing an even more hardcore experience and more challenging level design. Technical issues aside, it's a must play.",1759263340,1759263340,True,0,0,0.5,True,False,survival horror masterpiece independent appreciation original best everything survival horror offer combat mechanically deep enough incorporate strategy fair bit like new combat lot enemy fast erratic james slow unsteady enemy scatter hide dark ambush perfect timing grounded game like resident evil dead space still action heavy original silent hill despite frequency combat still found encounter tense mannequin provided relentless jump scare boss overall great large improvement original well puzzle exploration separate lot modern ots camera style horror game lot puzzle elaborate multistep process carry room usually locked key puzzle sequence linked room nearly every section game like maze nothing ever straight line never tell whats ahead either dark foggy youre constantly feeling lost hunted dark scavenging run building filled monster dark imagery sound design brings together haunting music sound generally make want quit game silent hill music worst vibe symphony siren metal banging metal strange distortion designed make feel bad perfect horror soundtrack pretty long game hour first run every mechanic get used full potential lot combat lot puzzle lot ground explore remains faithful original providing even hardcore experience challenging level design technical issue aside must play,survival horror masterpiece independent appreciation original best everything survival horror offer combat mechanically deep enough incorporate strategy fair bit like new combat lot enemy fast erratic james slow unsteady enemy scatter hide dark ambush perfect timing grounded game like resident evil dead space still action heavy original silent hill despite frequency combat still found encounter tense mannequin provided relentless jump scare boss overall great large improvement original well puzzle exploration separate lot modern ots camera style horror game lot puzzle elaborate multistep process carry room usually locked key puzzle sequence linked room nearly every section game like maze nothing ever straight line never tell whats ahead either dark foggy youre constantly feeling lost hunted dark scavenging run building filled monster dark imagery sound design brings together haunting music sound generally make want quit game silent hill music worst vibe symphony siren metal banging metal strange distortion designed make feel bad perfect horror soundtrack pretty long game hour first run every mechanic get used full potential lot combat lot puzzle lot ground explore remains faithful original providing even hardcore experience challenging level design technical issue aside must play
204770651,76561198330907517,0,14,1153,0,en,"How does someone wipe off their sins when the blood becomes stained, and the perception of your surroundings begin to weigh in? Horror games feel so brushed off in the gaming landscape considering now that most modern catalog of horror games are filled with cheap jumpscares and copy and pasted content. While there have been plenty of good horror games in the past few years, Silent Hill 2 is a reminder of what the standard of horror games should always strive to be. The atmosphere and the environment never makes it feel that you're in one place, one moment could be returning to reality and the next moment you'll be hearing the cries down the hospital hallway. The characters speak so weirdly and although it can be chalked up to be bad voice acting, the voices and out of place characters add so much to how it reflects James and what kind of person he is.   Silent Hill 2 is a must play, even for people who do not like horror games, I can only beg that you try out this masterpiece.",1758365506,1758365506,True,0,0,0.5,True,False,someone wipe sin blood becomes stained perception surroundings begin weigh horror game feel brushed gaming landscape considering modern catalog horror game filled cheap jumpscares copy pasted content plenty good horror game past year silent hill reminder standard horror game always strive atmosphere environment never make feel youre one place one moment could returning reality next moment youll hearing cry hospital hallway character speak weirdly although chalked bad voice acting voice place character add much reflects james kind person silent hill must play even people like horror game beg try masterpiece,someone wipe sin blood becomes stained perception surroundings begin weigh horror game feel brushed gaming landscape considering modern catalog horror game filled cheap jumpscares copy pasted content plenty good horror game past year silent hill reminder standard horror game always strive atmosphere environment never make feel youre one place one moment could returning reality next moment youll hearing cry hospital hallway character speak weirdly although chalked bad voice acting voice place character add much reflects james kind person silent hill must play even people like horror game beg try masterpiece
205075261,76561198296526063,1231,23,219,0,en,There's literally an achievement for trying to open doors that cannot actually be opened. That's all you need to know to spend your time and money on something enjoyable instead.,1758671979,1758671979,False,1,1,0.346286118030548,False,False,there literally achievement trying open door actually opened thats need know spend time money something enjoyable instead,there literally achievement trying open door actually opened thats need know spend time money something enjoyable instead
205402252,76561199102802168,74,3,382,0,en,"In my restless dreams, I see that town.  Silent Hill.  You promised me you'd take me there again someday. But you never did.  Well, I'm alone there now... In our 'special place'... Waiting for you...  Waiting for you to come to see me.  But you never do.  And so I wait, wrapped in my cocoon of pain and loneliness.  I know I've done a terrible thing to you. Something you'll never forgive me for.  I wish I could change that, but I can't.  I feel so pathetic and ugly laying here, waiting for you...  Every day I stare up at the cracks in the ceiling and all I can think about is how unfair it all is...  The doctor came today. He told me I could go home for a short stay.  It’s not that I'm getting better. It’s just that this may be my last chance...  I think you know what I mean...  Even so, I'm glad to be coming home. I've missed you terribly.  But I'm afraid, James. I'm afraid you don't really want me to come home.  Whenever you come see me, I can tell how hard it is on you...  I don't know if you hate me or pity me... Or maybe I just disgust you...  I'm sorry about that.  When I first learned that I was going to die, I just didn't want to accept it.  I was so angry all the time and I struck out at everyone I loved most. Especially you, James.  That's why I understand if you do hate me.  But I want you to know this, James.  I'll always love you.  Even though our life together had to end like this, I still wouldn't trade it for the world. We had some wonderful years together.  Well, this letter has gone on too long, so I'll say goodbye.  I told the nurse to give this to you after I'm gone.  That means that as you read this, I'm already dead.  I can't tell you to remember me, but I can't bear for you to forget me.  These last few years since I became ill... I'm so sorry for what I did to you, did to us...  You've given me so much and I haven't been able to return a single thing.  That's why I want you to live for yourself now. Do what's best for you, James.  James...  You made me happy.",1759069541,1759069541,True,2,0,0.5454545617103576,True,False,restless dream see town silent hill promised youd take someday never well im alone special place waiting waiting come see never wait wrapped cocoon pain loneliness know ive done terrible thing something youll never forgive wish could change cant feel pathetic ugly laying waiting every day stare crack ceiling think unfair doctor came today told could go home short stay im getting better may last chance think know mean even im glad coming home ive missed terribly im afraid james im afraid dont really want come home whenever come see tell hard dont know hate pity maybe disgust im sorry first learned going die didnt want accept angry time struck everyone loved especially james thats understand hate want know james ill always love even though life together end like still wouldnt trade world wonderful year together well letter gone long ill say goodbye told nurse give im gone mean read im already dead cant tell remember cant bear forget last year since became ill im sorry u youve given much havent able return single thing thats want live whats best james james made happy,restless dream see town silent hill promised youd take someday never well i am alone special place waiting waiting come see never wait wrapped cocoon pain loneliness know i have done terrible thing something youll never forgive wish could change cannot feel pathetic ugly laying waiting every day stare crack ceiling think unfair doctor came today told could go home short stay i am getting better may last chance think know mean even i am glad coming home i have missed terribly i am afraid james i am afraid do not really want come home whenever come see tell hard do not know hate pity maybe disgust i am sorry first learned going die didnt want accept angry time struck everyone loved especially james thats understand hate want know james ill always love even though life together end like still wouldnt trade world wonderful year together well letter gone long ill say goodbye told nurse give i am gone mean read i am already dead cannot tell remember cannot bear forget last year since became ill i am sorry you youve given much havent able return single thing thats want live whats best james james made happy
205354691,76561198013939549,118,17,1155,0,en,"Im glad my older brother wasted his time playing this as a kid instead of me. This game is complete and total trash. I am sad i wasted my time off of work on this as an adult. TERRIBLE GAME. Do not waste your life. Terrible story. Ass mechanics, 4/10 graphics.",1759012336,1759012412,False,0,5,0.313464730978012,True,False,im glad older brother wasted time playing kid instead game complete total trash sad wasted time work adult terrible game waste life terrible story as mechanic graphic,i am glad older brother wasted time playing kid instead game complete total trash sad wasted time work adult terrible game waste life terrible story as mechanic graphic
206980402,76561197975435039,0,9,3404,0,en,"This was my first foray into the Silent Hill series, and I must say I really enjoyed it. The eerie atmosphere was really well done and gave me goosebumps and a few good scares.",1760765255,1760765255,True,0,0,0.5,True,False,first foray silent hill series must say really enjoyed eerie atmosphere really well done gave goosebump good scare,first foray silent hill series must say really enjoyed eerie atmosphere really well done gave goosebump good scare
206751941,76561198016760565,874,53,1823,1801,en,"My god. What a rush, I missed this when it first released many year's ago. Glad I finally played it.",1760489632,1760489632,True,0,0,0.5,False,False,god rush missed first released many year ago glad finally played,god rush missed first released many year ago glad finally played
205428545,76561199157141483,57,10,2787,0,en,I'm going to get straight to the point silent hill 2 was and still is a masterpiece this remake has brang the series back to life and they perfected this remake im very proud of bloober and konami for this it is still a piece of art in the remake if not better I would highly recommend this remake to anyone who loves silent hill or horror in general.,1759091364,1759091364,True,0,0,0.5,False,False,im going get straight point silent hill still masterpiece remake brang series back life perfected remake im proud bloober konami still piece art remake better would highly recommend remake anyone love silent hill horror general,i am going get straight point silent hill still masterpiece remake brang series back life perfected remake i am proud bloober konami still piece art remake better would highly recommend remake anyone love silent hill horror general
205493937,76561198422482151,115,5,3021,2247,en,It was perfect. Perfect. Everything. Down to the last minute detail.,1759174365,1759174365,True,2,0,0.5251310467720031,True,False,perfect perfect everything last minute detail,perfect perfect everything last minute detail
204930519,76561199572846956,0,2,2563,0,en,i love you james sunderland the way you use pillows to suffocate your wife is so fire,1758524328,1758524328,True,1,0,0.5238095521926879,False,False,love james sunderland way use pillow suffocate wife fire,love james sunderland way use pillow suffocate wife fire
206248084,76561199084306075,0,21,816,539,en,monsters arent real so im not sure what bullshit this games trying to pull,1760002660,1760002660,True,0,0,0.5,False,False,monster arent real im sure bullshit game trying pull,monster arent real i am sure bullshit game trying pull
205833779,76561198442639456,121,14,1264,76,en,"one of the best games i've ever played, such a well told heartbreaking story.",1759561759,1759561759,True,0,0,0.5,True,False,one best game ive ever played well told heartbreaking story,one best game i have ever played well told heartbreaking story
205460330,76561199806997511,0,2,1420,0,en,"Silent Hill f sucks, Bloober Team's horror games are the best.",1759137226,1759328752,True,0,0,0.5,True,False,silent hill f suck bloober team horror game best,silent hill f suck bloober team horror game best
205788533,76561199092383402,0,1,1669,330,en,L game couldn't get Maria to wear the nurse outfit in Heaven's Night.,1759512385,1759512385,True,0,0,0.5,False,False,l game couldnt get maria wear nurse outfit heaven night,l game couldnt get maria wear nurse outfit heaven night
205348188,76561198060478270,142,1,2767,0,en,What I wouldn't do to forget this experience so I can relive it all again.,1759005771,1759005771,True,0,0,0.5,True,False,wouldnt forget experience relive,wouldnt forget experience relive
205287908,76561198154500155,54,15,770,0,en,First time playing this gem and I'm glad I decided to give it a try. Excellent survival horror.,1758945590,1758945590,True,0,0,0.5,True,False,first time playing gem im glad decided give try excellent survival horror,first time playing gem i am glad decided give try excellent survival horror
205266093,76561198153471291,0,2,2089,117,en,Good spooks and spectacular vibes.,1758919535,1758919535,True,0,0,0.5,True,False,good spook spectacular vibe,good spook spectacular vibe
205739801,76561198117822066,0,3,1921,0,en,"In my restless dreams,  I still see that dead hot nurse,   Silent hill..",1759459927,1759459927,True,0,0,0.5,True,False,restless dream still see dead hot nurse silent hill,restless dream still see dead hot nurse silent hill
205648926,76561199095309365,85,16,1371,420,en,"In my restless dreams, I see that town.  Silent Hill.  You promised you’d take me there again someday. But you never did.   Well I’m alone there now…   In our “special place”… Waiting for you…   Waiting for you to come to see me.   But you never do…   And so I wait, wrapped in my coccoon of pain and loneliness.   I know I’ve done a terrible thing to you, something you’ll never forgive me for.    I wish I could change that but I can’t.   I feel so pathetic and ugly laying here, waiting for you…   Every day I stair up at the cracks in the ceiling and all I can think about is how unfair it all is.   The doctor came today, he told me I could go home for a short stay.   It’s not that I am getting better, its just that this maybe my last chance, I think you know what I mean.   Even so I am glad to be coming home I’ve missed you terribly   But… I’m afraid James, I’m afraid you don’t really want me to come home.   When ever you come see me I can tell how hard it is on you. I don’t know if you hate me or pity me or maybe i disgust you.  I’m sorry about that.   When I first learned I was going to die, I just didn’t want to accept it.   I was so angry all the time and I struck out at everyone I loved most, especially you James.   That’s why I understand if you do hate me.   But I want you to know this James. I’ll always love you.   Even though our life together had to end like this. I still wouldn’t trade it for the world. We had some wonderful years together.   Well, this letter has gone on too long, so I’ll say goodbye.   I told the nurse to give this to you after I’m gone. That means that as you read this I’m already dead.   I can’t tell you to remember me but I can’t bear for you to forget me these last few years since I became ill.   I am so sorry for what I did to you, did to us. You’ve given me so much and I haven’t been able to return a single thing.   Thats why I want you to live, for yourself now. Do what’s best for you James.  James…  You made me happy.",1759355228,1759355228,True,2,0,0.5,True,False,restless dream see town silent hill promised youd take someday never well im alone special place waiting waiting come see never wait wrapped coccoon pain loneliness know ive done terrible thing something youll never forgive wish could change cant feel pathetic ugly laying waiting every day stair crack ceiling think unfair doctor came today told could go home short stay getting better maybe last chance think know mean even glad coming home ive missed terribly im afraid james im afraid dont really want come home ever come see tell hard dont know hate pity maybe disgust im sorry first learned going die didnt want accept angry time struck everyone loved especially james thats understand hate want know james ill always love even though life together end like still wouldnt trade world wonderful year together well letter gone long ill say goodbye told nurse give im gone mean read im already dead cant tell remember cant bear forget last year since became ill sorry u youve given much havent able return single thing thats want live whats best james james made happy,restless dream see town silent hill promised youd take someday never well i am alone special place waiting waiting come see never wait wrapped coccoon pain loneliness know i have done terrible thing something youll never forgive wish could change cannot feel pathetic ugly laying waiting every day stair crack ceiling think unfair doctor came today told could go home short stay getting better maybe last chance think know mean even glad coming home i have missed terribly i am afraid james i am afraid do not really want come home ever come see tell hard do not know hate pity maybe disgust i am sorry first learned going die didnt want accept angry time struck everyone loved especially james thats understand hate want know james ill always love even though life together end like still wouldnt trade world wonderful year together well letter gone long ill say goodbye told nurse give i am gone mean read i am already dead cannot tell remember cannot bear forget last year since became ill sorry you youve given much havent able return single thing thats want live whats best james james made happy
205180807,76561198851830208,0,4,1367,0,en,"8.1/10 in terms of the originality, quality, story and mystery throughout the playthrough.",1758821436,1758821436,True,0,0,0.5,False,False,term originality quality story mystery throughout playthrough,term originality quality story mystery throughout playthrough
204998976,76561198070530479,134,5,1686,0,en,Terrifyingly amazing. Thank you for the nightmares :thumbs up:,1758593971,1758593971,True,0,0,0.5,True,False,terrifyingly amazing thank nightmare thumb,terrifyingly amazing thank nightmare thumb
204754451,76561198242048340,179,20,1024,0,en,"if you really want to see mary, you should just die. but you might be heading to a different place than mary, james.",1758346209,1758346209,True,0,0,0.5,True,False,really want see mary die might heading different place mary james,really want see mary die might heading different place mary james
206518001,76561198322197676,0,8,1378,144,en,Really great!!! loved the story and atmosphere.,1760250250,1760250250,True,1,0,0.5238095521926879,False,False,really great loved story atmosphere,really great loved story atmosphere
206810654,76561199211357319,0,5,1725,1730,en,"You won't get this game out of your head for a while, even after you finish it. 10/10",1760561571,1760561571,True,0,0,0.5,True,False,wont get game head even finish,will not get game head even finish
206276317,76561199093736580,23,17,412,3,en,combat is a little slugish .. but i like how scary the game is,1760031679,1760031679,True,0,0,0.5,True,False,combat little slugish like scary game,combat little slugish like scary game
205222411,76561198453575180,0,8,1841,0,en,wheres sh3 remake <3 but still great game amazing even,1758874045,1758874045,True,0,0,0.5,False,False,wheres sh remake still great game amazing even,wheres sh remake still great game amazing even
205082034,76561199113055063,0,6,1464,0,en,James Sunderland is the goat of the Silent Hill series,1758681009,1758681009,True,2,0,0.5360825061798095,True,False,james sunderland goat silent hill series,james sunderland goat silent hill series
204978604,76561198352482122,755,48,1250,4,en,"[h1] Her insanın tecrübe etmesi gereken hayatın içinden karanlık bir deneyim...  [/h1]  Sislerin içinde kaybolmuş bir vicdanın ağırlığını iliklerine kadar hissettiriyor.  Her sahnesi, insanın kendi karanlık yüzüyle yüzleşmesi için bir ayna gibi.  Oynarken sadece korku değil, suçluluk ve pişmanlığın da gölgesinde dolaşıyorsun.  Silent Hill 2 Remake, hikâye anlatımında oyunların da edebiyat kadar derin olabileceğini kanıtlıyor.  Adım attıkça seni içine çeken, ağır ama büyüleyici bir psikolojik yolculuk.  [i]""In my restless dreams, I see that town.  Silent Hill.  You promised me you'd take me there again someday. But you never did.  Well, I'm alone there now... In our 'special place'... Waiting for you...  Waiting for you to come to see me.  But you never do.  And so I wait, wrapped in my cocoon of pain and loneliness.  I know I've done a terrible thing to you. Something you'll never forgive me for.  I wish I could change that, but I can't.  I feel so pathetic and ugly laying here, waiting for you...  Every day I stare up at the cracks in the ceiling and all I can think about is how unfair it all is...  The doctor came today. He told me I could go home for a short stay.  It’s not that I'm getting better. It’s just that this may be my last chance...  I think you know what I mean...  Even so, I'm glad to be coming home. I've missed you terribly.  But I'm afraid, James. I'm afraid you don't really want me to come home.  Whenever you come see me, I can tell how hard it is on you...  I don't know if you hate me or pity me... Or maybe I just disgust you...  I'm sorry about that.  When I first learned that I was going to die, I just didn't want to accept it.  I was so angry all the time and I struck out at everyone I loved most. Especially you, James.  That's why I understand if you do hate me.  But I want you to know this, James.  I'll always love you.  Even though our life together had to end like this, I still wouldn't trade it for the world. We had some wonderful years together.  Well, this letter has gone on too long, so I'll say goodbye.  I told the nurse to give this to you after I'm gone.  That means that as you read this, I'm already dead.  I can't tell you to remember me, but I can't bear for you to forget me.  These last few years since I became ill... I'm so sorry for what I did to you, did to us...  You've given me so much and I haven't been able to return a single thing.  That's why I want you to live for yourself now. Do what's best for you, James.  James...  You made me happy.""[/i]",1758574291,1758574291,True,8,0,0.6283783912658691,True,False,h insann tecrbe etmesi gereken hayatn iinden karanlk bir deneyim h sislerin iinde kaybolmu bir vicdann arln iliklerine kadar hissettiriyor sahnesi insann kendi karanlk yzyle yzlemesi iin bir ayna gibi oynarken sadece korku deil sululuk pimanln da glgesinde dolayorsun silent hill remake hikye anlatmnda oyunlarn da edebiyat kadar derin olabileceini kantlyor adm attka seni iine eken ar ama byleyici bir psikolojik yolculuk iin restless dream see town silent hill promised youd take someday never well im alone special place waiting waiting come see never wait wrapped cocoon pain loneliness know ive done terrible thing something youll never forgive wish could change cant feel pathetic ugly laying waiting every day stare crack ceiling think unfair doctor came today told could go home short stay im getting better may last chance think know mean even im glad coming home ive missed terribly im afraid james im afraid dont really want come home whenever come see tell hard dont know hate pity maybe disgust im sorry first learned going die didnt want accept angry time struck everyone loved especially james thats understand hate want know james ill always love even though life together end like still wouldnt trade world wonderful year together well letter gone long ill say goodbye told nurse give im gone mean read im already dead cant tell remember cant bear forget last year since became ill im sorry u youve given much havent able return single thing thats want live whats best james james made happyi,h insann tecrbe etmesi gereken hayatn iinden karanlk bir deneyim h sislerin iinde kaybolmu bir vicdann arln iliklerine kadar hissettiriyor sahnesi insann kendi karanlk yzyle yzlemesi iin bir ayna gibi oynarken sadece korku deil sululuk pimanln da glgesinde dolayorsun silent hill remake hikye anlatmnda oyunlarn da edebiyat kadar derin olabileceini kantlyor adm attka seni iine eken ar ama byleyici bir psikolojik yolculuk iin restless dream see town silent hill promised youd take someday never well i am alone special place waiting waiting come see never wait wrapped cocoon pain loneliness know i have done terrible thing something youll never forgive wish could change cannot feel pathetic ugly laying waiting every day stare crack ceiling think unfair doctor came today told could go home short stay i am getting better may last chance think know mean even i am glad coming home i have missed terribly i am afraid james i am afraid do not really want come home whenever come see tell hard do not know hate pity maybe disgust i am sorry first learned going die didnt want accept angry time struck everyone loved especially james thats understand hate want know james ill always love even though life together end like still wouldnt trade world wonderful year together well letter gone long ill say goodbye told nurse give i am gone mean read i am already dead cannot tell remember cannot bear forget last year since became ill i am sorry you youve given much havent able return single thing thats want live whats best james james made happyi
206930202,76561198452758935,200,20,255,255,en,Interesting story but boring gameplay,1760712612,1760712612,False,0,0,0.4182509779930114,True,False,interesting story boring gameplay,interesting story boring gameplay
205924904,76561199865293301,0,4,1104,0,en,"Worth the 70 bucks, Everything about it is just great",1759647594,1759647594,True,0,0,0.5,True,False,worth buck everything great,worth buck everything great
205367797,76561199059479915,92,22,1773,0,en,"""Once you've been to Silent Hill you'll never stop wanting to beat James Sunderland to death with your bare hands"" -Anthony Bourdain",1759028808,1759028808,True,0,0,0.5,True,False,youve silent hill youll never stop wanting beat james sunderland death bare hand anthony bourdain,youve silent hill youll never stop wanting beat james sunderland death bare hand anthony bourdain
205215678,76561198080819945,316,18,1834,0,en,Big fan of the silent hill series and this remake did it justice.,1758862806,1758862806,True,0,0,0.5,True,False,big fan silent hill series remake justice,big fan silent hill series remake justice
206195725,76561198280857157,1112,16,659,359,en,Tonight's the night.. in my restless dreams... I see her bald head... I just can't prove it yet.,1759935556,1759935556,True,1,1,0.5238095521926879,False,False,tonight night restless dream see bald head cant prove yet,tonight night restless dream see bald head cannot prove yet
205355193,76561198868819900,0,55,15,0,en,Is this even a game?  Made it to 15 minutes before I started sawing logs.  Booooooooooooooooooooooring!,1759012905,1759012905,False,0,0,0.3693181872367858,True,False,even game made minute started sawing log booooooooooooooooooooooring,even game made minute started sawing log booooooooooooooooooooooring
206811301,76561197971148488,0,1,1869,270,en,Unbelievably good Remake and hands down best game in this genre I've ever played.,1760562250,1760562250,True,0,0,0.5,True,False,unbelievably good remake hand best game genre ive ever played,unbelievably good remake hand best game genre i have ever played
206748973,76561199132104288,67,38,1031,161,en,The first time I've truly felt scared since the Outlast Trials.,1760485576,1760485576,True,0,0,0.5,True,False,first time ive truly felt scared since outlast trial,first time i have truly felt scared since outlast trial
206263833,76561198170124542,128,31,3039,0,en,literally one of the best remakes to ever exist,1760021219,1760021219,True,0,0,0.5,False,False,literally one best remake ever exist,literally one best remake ever exist
205054063,76561198072345932,0,22,1286,0,en,What can i say - The most definitive Silent Hill experience you will ever have....,1758658292,1758658292,True,0,0,0.5,True,False,say definitive silent hill experience ever,say definitive silent hill experience ever
204920917,76561198022191058,0,2,1132,0,en,Amazing environment! Great remake of an amazing game.,1758509699,1758509699,True,0,0,0.5,True,False,amazing environment great remake amazing game,amazing environment great remake amazing game
207033030,76561198023545778,344,5,2954,482,en,"One of the greatest thrillers of all time, When you pay attention to the details this game grades as you play through it’s easily a masterpiece,",1760815437,1760815437,True,1,0,0.5,True,False,one greatest thriller time pay attention detail game grade play easily masterpiece,one greatest thriller time pay attention detail game grade play easily masterpiece
207027514,76561197983155062,0,41,1842,755,en,"The time-tested personal horror story of guilt and punishment, a journey into the depths of self, wrapped into a modern, beautifully rendered vision preserving he additional gameplay and improving on the original boss fights, sometimes with terrifying ingenuity. Absolute recommend for horror fans, especially if you haven't enjoyed the original.",1760810789,1760810789,True,1,0,0.5,True,False,timetested personal horror story guilt punishment journey depth self wrapped modern beautifully rendered vision preserving additional gameplay improving original bos fight sometimes terrifying ingenuity absolute recommend horror fan especially havent enjoyed original,timetested personal horror story guilt punishment journey depth self wrapped modern beautifully rendered vision preserving additional gameplay improving original bos fight sometimes terrifying ingenuity absolute recommend horror fan especially havent enjoyed original
207019419,76561198048127786,0,12,933,643,en,this game is too damn scary. Graphics are incredible. I can't believe they made legs scary,1760804515,1760804515,True,1,1,0.5,False,False,game damn scary graphic incredible cant believe made leg scary,game damn scary graphic incredible cannot believe made leg scary
206495227,76561197998776409,7552,307,1027,871,en,"Silent Hill 2 has always been my favorite in the series, and this remake is exactly what I was looking for. Modernizing where it needs it and leaving in the sense of nostalgia when it makes sense, everything about the remake hits right for me. It's a great way to get into the series for new comers too. Very impressed that Konami (even though they didn't develop it) is keeping the dream alive.  ",1760226329,1760226329,True,1,0,0.5,False,False,silent hill always favorite series remake exactly looking modernizing need leaving sense nostalgia make sense everything remake hit right great way get series new comer impressed konami even though didnt develop keeping dream alive,silent hill always favorite series remake exactly looking modernizing need leaving sense nostalgia make sense everything remake hit right great way get series new comer impressed konami even though didnt develop keeping dream alive
206072154,76561198985382216,277,33,1229,904,en,"Wife guy horror game (defo not lots of those around).  In all seriousness, amazing game all around.  Level design: this is where the game shines and brings most of its elements together. If you haven't played a Silent Hill game, think of it like a Resident Evil game (closest comparable example I can think of is RE2R). It's a lot about exploring paths and solving puzzles, all while threading through perilous paths and challenging encounters (all heightened by the spooky aspect of the game). Enemy placements never feel unfair (aside from a few challenging encounters towards the end, but they're meant to be hard), but do require situational awareness. Puzzles (and level progress) is always rewarding (it's never too cut and clear but neither too hard, while still requiring some fair brain power for some).  Story and themes: a refined version of the original (imo), and the original is well remembered for a reason. I can't really go into the story itself, but if you haven't played it, there are 2 questions that you should keep in mind: ""What is Silent Hill (and its purpose)?"" and ""Why are the present people here?"". It explores deep themes of psychology, while making good use of presentation through gameplay more so than cinematics (which makes it paying attention all the more rewarding, but it isn't the level of interpretation from Soulsborne games if you're worried). There's also some subtle choices the game never makes you aware of that dictate the end of the game (an important aspect is related to a key game mechanic, but it's up to you to guess), instead of having the obvious ""choose your ending"" options (although if you really don't want to screw yourself over you can always save at the end of the game, as there will be a ""choice"" before your final confrontation).  Gameplay: as previously mentioned, puzzles and map exploration are great (which is why I urge to not use guides, even when you struggle). The combat is probably the weak point of the game (although this doesn't mean it's bad). Melee never ever really changes throughout the game (you only need to learn a new enemy's attack pattern every so often), and it will most likely be your main recourse as standard enemies are pretty manageable and saving ammo for tough/boss encounters is vital. Gunplay is serviceable (standard third person shooting). However enemies are pretty fun to fight, and the diversity in how they attack you helps making combat fresh for every encounter (accentuated by the level design). Boss fights are also really great (one of which is probably amongst the best in terms of ""what makes a good horror game boss fight?""). While your offensive capabilities are ""simple"" how they are used for which enemies and which scenarios is what makes combat good.  Art direction: one of the best in horror games. The soundtrack and sound design never misses. The world and levels are scary as they are enthralling. The otherworld (and fogworld) are still one of the most unique horror aesthetics conceived. They manage to perfectly capture the feelings of ""you shouldn't be here"" and ""this place shouldn't exist"". The environments are filled with gloominess and hopelessness, with shards of hope.  The horror: excellent. The main emotion felt is ""uneasy"" with certain high tension scenarios. It never goes for the jumpscares, but rather heavily relies on its suspense and slow built-up for the majority of the game, which makes the tense scenarios even more impactful when they do actually happen. The first quarter of the game is mostly used to introduce its world and workings, while the last quarter is where they bump up the horror aspect.",1759787447,1759787447,True,1,0,0.5,False,False,wife guy horror game defo lot around seriousness amazing game around level design game shine brings element together havent played silent hill game think like resident evil game closest comparable example think rer lot exploring path solving puzzle threading perilous path challenging encounter heightened spooky aspect game enemy placement never feel unfair aside challenging encounter towards end theyre meant hard require situational awareness puzzle level progress always rewarding never cut clear neither hard still requiring fair brain power story theme refined version original imo original well remembered reason cant really go story havent played question keep mind silent hill purpose present people explores deep theme psychology making good use presentation gameplay cinematics make paying attention rewarding isnt level interpretation soulsborne game youre worried there also subtle choice game never make aware dictate end game important aspect related key game mechanic guess instead obvious choose ending option although really dont want screw always save end game choice final confrontation gameplay previously mentioned puzzle map exploration great urge use guide even struggle combat probably weak point game although doesnt mean bad melee never ever really change throughout game need learn new enemy attack pattern every often likely main recourse standard enemy pretty manageable saving ammo toughboss encounter vital gunplay serviceable standard third person shooting however enemy pretty fun fight diversity attack help making combat fresh every encounter accentuated level design bos fight also really great one probably amongst best term make good horror game bos fight offensive capability simple used enemy scenario make combat good art direction one best horror game soundtrack sound design never miss world level scary enthralling otherworld fogworld still one unique horror aesthetic conceived manage perfectly capture feeling shouldnt place shouldnt exist environment filled gloominess hopelessness shard hope horror excellent main emotion felt uneasy certain high tension scenario never go jumpscares rather heavily relies suspense slow builtup majority game make tense scenario even impactful actually happen first quarter game mostly used introduce world working last quarter bump horror aspect,wife guy horror game defo lot around seriousness amazing game around level design game shine brings element together havent played silent hill game think like resident evil game closest comparable example think rer lot exploring path solving puzzle threading perilous path challenging encounter heightened spooky aspect game enemy placement never feel unfair aside challenging encounter towards end theyre meant hard require situational awareness puzzle level progress always rewarding never cut clear neither hard still requiring fair brain power story theme refined version original imo original well remembered reason cannot really go story havent played question keep mind silent hill purpose present people explores deep theme psychology making good use presentation gameplay cinematics make paying attention rewarding isnt level interpretation soulsborne game youre worried there also subtle choice game never make aware dictate end game important aspect related key game mechanic guess instead obvious choose ending option although really do not want screw always save end game choice final confrontation gameplay previously mentioned puzzle map exploration great urge use guide even struggle combat probably weak point game although doesnt mean bad melee never ever really change throughout game need learn new enemy attack pattern every often likely main recourse standard enemy pretty manageable saving ammo toughboss encounter vital gunplay serviceable standard third person shooting however enemy pretty fun fight diversity attack help making combat fresh every encounter accentuated level design bos fight also really great one probably amongst best term make good horror game bos fight offensive capability simple used enemy scenario make combat good art direction one best horror game soundtrack sound design never miss world level scary enthralling otherworld fogworld still one unique horror aesthetic conceived manage perfectly capture feeling shouldnt place shouldnt exist environment filled gloominess hopelessness shard hope horror excellent main emotion felt uneasy certain high tension scenario never go jumpscares rather heavily relies suspense slow builtup majority game make tense scenario even impactful actually happen first quarter game mostly used introduce world working last quarter bump horror aspect
206070860,76561198058615779,0,29,1096,0,en,"The first Silent Hill I've played and I really enjoyed it. I did have to play it in shortish chunks over a few weeks because I found the atmosphere so oppressive and unsettling that I couldn't do longer sessions. I think that is a testament to how effective Bloober team was at creating an affecting experience. The audio design was a highlight for me, score and SFX included. The pulsing stingers that would play during otherwise quiet moments really instilled dread in me any time I thought I was safe. The combat SFX was especially crunchy and I really liked the sound design for all the weapons. If you like the core gameplay of RE games and don't mind something with much less levity I'd check this one out.",1759786029,1759786029,True,1,0,0.5,False,False,first silent hill ive played really enjoyed play shortish chunk week found atmosphere oppressive unsettling couldnt longer session think testament effective bloober team creating affecting experience audio design highlight score sfx included pulsing stinger would play otherwise quiet moment really instilled dread time thought safe combat sfx especially crunchy really liked sound design weapon like core gameplay game dont mind something much less levity id check one,first silent hill i have played really enjoyed play shortish chunk week found atmosphere oppressive unsettling couldnt longer session think testament effective bloober team creating affecting experience audio design highlight score sfx included pulsing stinger would play otherwise quiet moment really instilled dread time thought safe combat sfx especially crunchy really liked sound design weapon like core gameplay game do not mind something much less levity id check one
205056307,76561198000468271,0,30,1400,0,en,"First time playing a game from the series so hopefully this review serves as a barometer of sorts for those looking to break into the series. My experience was on a 4080 Super/13700k PC. As many reviews and news outlets have reported, the game suffers from consistent stuttering and hitching which depending on your sensitivity to that will possibly cause you to refund/uninstall or wait out hoping for Bloober to fix it (they won't and they kinda can't to some degree).   At first, I won't lie, it was really annoying to still deal with traversal stutter despite a shader compilation step and adding some mods that supposedly helped to further improve this via a guide here on Steam. I can't say for certain whether they really helped or not. I did not try playing without the mods to see if there was a change. I also did not play at release so it is hard for me to compare my experience to what apparently was an even worse one at launch. As of this time, there hasn't been a patch to the game in several months and like I mentioned above, Bloober will probably not fix this. To some degree, this is a UE5 issue that would require upgrading the engine version used. Newer versions of the engine have apparently added fixes to stuttering/hitching that we've all come to characterize as a fundamental part of playing a game using UE5. From what i've read/heard, this is not exactly easy nor inexpensive to do and so I doubt they will do so especially when they're already working on the remake for the first SH game. On top of that, they're probably also still doling out support for their newer game Chronos: The New Dawn.   To be very clear, I am not excusing this at all. I found it extremely annoying to have lurches while playing despite traversing areas that should have already had all their assets loaded/streamed in the first time. And that is still not acceptable on the first time as well when the shader compilation step is supposed to take care of that. A lot of the games being released now on UE5 all have these issues no matter if its a PC or console version and hence this is something that will only be fixed in time as devs use newer versions of UE5 that have somewhat tackled these engine-level issues. Is it true that devs also have a responsibility here? Definitely. But these recurring issues with UE5 are a problem with the engine itself more so than with developers using UE5.  Anyways, enough of UE5 stuttering issues. The only other visual oddity to me was the game's sort of mixed bag in terms of its presentation. What I mean here is that the game has a habit of both looking good and oddly bad at the same time. There's lots of aliasing, some environments look muddy and of lower quality than other sections in the game, the water was especially bad looking, etc.. Yet, I persisted.  So why did I persist and why am I ultimately recommending this game? Honestly, its because it does horror and atmosphere well which is what I wanted. There's a sort of surreal and dreamy quality as well as goofiness that often reminds me of Twin Peaks which I am huge fan of. There are twists you don't expect and terribly awful things that happen which depending on how you look at them, either help to villanize or endear characters to you. You feel empathy, pity, disgust, bewildered, etc at the various actions they take and their histories which slowly reveal themselves. The game seriously is a slow burn and this is what I hope you take away from the review the most, that if you continue you will be rewarded. I remember thinking about an hour and half in that I was gonna quit cause of the stuttering and the somewhat obtuse map system. The game is also a lot less hand-holdy than other more modern-horror games like the RE remakes.  The puzzles can be a bit confusing but they're definitely more interesting than those I've experienced. The enemies are grotesque, but they are not so oppressive and terrifying in comparison to the atmosphere, sound design, and the environments (despite their somewhat not visually appealing presentation). This is where the horror genre has to excel for me. The tension should be not facing the monsters, but the environment that has allowed them to exist and flourish in.  Again, the BIG TAKEAWAY here is that if you can get over the game's stuttering/mixed presentation is that the rest of the game really takes you on a journey dealing with themes of abuse, trauma, guilt, not belonging, anger, sadness, etc. The game deals with emotions and events that are deeply human and that paint the road to recovery as one marked with many mistakes, backtracking, and even maybe never actually recovering from the ordeal. I played this consistently once I got over my hump and I think that is solely because I wanted to keep going and experience more of the world and the sheer horror. Do yourself a favor,  play the game.  ",1758660518,1758660518,True,1,0,0.5,False,False,first time playing game series hopefully review serf barometer sort looking break series experience superk pc many review news outlet reported game suffers consistent stuttering hitching depending sensitivity possibly cause refunduninstall wait hoping bloober fix wont kinda cant degree first wont lie really annoying still deal traversal stutter despite shader compilation step adding mod supposedly helped improve via guide steam cant say certain whether really helped try playing without mod see change also play release hard compare experience apparently even worse one launch time hasnt patch game several month like mentioned bloober probably fix degree ue issue would require upgrading engine version used newer version engine apparently added fix stutteringhitching weve come characterize fundamental part playing game using ue ive readheard exactly easy inexpensive doubt especially theyre already working remake first sh game top theyre probably also still doling support newer game chronos new dawn clear excusing found extremely annoying lurch playing despite traversing area already asset loadedstreamed first time still acceptable first time well shader compilation step supposed take care lot game released ue issue matter pc console version hence something fixed time devs use newer version ue somewhat tackled enginelevel issue true devs also responsibility definitely recurring issue ue problem engine developer using ue anyways enough ue stuttering issue visual oddity game sort mixed bag term presentation mean game habit looking good oddly bad time there lot aliasing environment look muddy lower quality section game water especially bad looking etc yet persisted persist ultimately recommending game honestly horror atmosphere well wanted there sort surreal dreamy quality well goofiness often reminds twin peak huge fan twist dont expect terribly awful thing happen depending look either help villanize endear character feel empathy pity disgust bewildered etc various action take history slowly reveal game seriously slow burn hope take away review continue rewarded remember thinking hour half gon na quit cause stuttering somewhat obtuse map system game also lot less handholdy modernhorror game like remake puzzle bit confusing theyre definitely interesting ive experienced enemy grotesque oppressive terrifying comparison atmosphere sound design environment despite somewhat visually appealing presentation horror genre excel tension facing monster environment allowed exist flourish big takeaway get game stutteringmixed presentation rest game really take journey dealing theme abuse trauma guilt belonging anger sadness etc game deal emotion event deeply human paint road recovery one marked many mistake backtracking even maybe never actually recovering ordeal played consistently got hump think solely wanted keep going experience world sheer horror favor play game,first time playing game series hopefully review serf barometer sort looking break series experience superk pc many review news outlet reported game suffers consistent stuttering hitching depending sensitivity possibly cause refunduninstall wait hoping bloober fix will not kinda cannot degree first will not lie really annoying still deal traversal stutter despite shader compilation step adding mod supposedly helped improve via guide steam cannot say certain whether really helped try playing without mod see change also play release hard compare experience apparently even worse one launch time hasnt patch game several month like mentioned bloober probably fix degree ue issue would require upgrading engine version used newer version engine apparently added fix stutteringhitching weve come characterize fundamental part playing game using ue i have readheard exactly easy inexpensive doubt especially theyre already working remake first sh game top theyre probably also still doling support newer game chronos new dawn clear excusing found extremely annoying lurch playing despite traversing area already asset loadedstreamed first time still acceptable first time well shader compilation step supposed take care lot game released ue issue matter pc console version hence something fixed time devs use newer version ue somewhat tackled enginelevel issue true devs also responsibility definitely recurring issue ue problem engine developer using ue anyways enough ue stuttering issue visual oddity game sort mixed bag term presentation mean game habit looking good oddly bad time there lot aliasing environment look muddy lower quality section game water especially bad looking etc yet persisted persist ultimately recommending game honestly horror atmosphere well wanted there sort surreal dreamy quality well goofiness often reminds twin peak huge fan twist do not expect terribly awful thing happen depending look either help villanize endear character feel empathy pity disgust bewildered etc various action take history slowly reveal game seriously slow burn hope take away review continue rewarded remember thinking hour half gon na quit cause stuttering somewhat obtuse map system game also lot less handholdy modernhorror game like remake puzzle bit confusing theyre definitely interesting i have experienced enemy grotesque oppressive terrifying comparison atmosphere sound design environment despite somewhat visually appealing presentation horror genre excel tension facing monster environment allowed exist flourish big takeaway get game stutteringmixed presentation rest game really take journey dealing theme abuse trauma guilt belonging anger sadness etc game deal emotion event deeply human paint road recovery one marked many mistake backtracking even maybe never actually recovering ordeal played consistently got hump think solely wanted keep going experience world sheer horror favor play game
204899071,76561198383053773,0,12,205,0,en,"Fantastic game! Should have been GOTY. It has an amazing story that I can't stop thinking about. I 100% this on PS and intend on doing the same here. It's one of those once in a lifetime, genre defining games that's I couldn't recommend enough.",1758484584,1758484584,True,1,0,0.5,True,False,fantastic game goty amazing story cant stop thinking p intend one lifetime genre defining game thats couldnt recommend enough,fantastic game goty amazing story cannot stop thinking p intend one lifetime genre defining game thats couldnt recommend enough
204898702,76561198020604866,252,11,1183,0,en,"Best survival horror game of all time. Peak level design, peak horror and peak story. We love to see it.",1758484279,1758484279,True,1,0,0.5,False,False,best survival horror game time peak level design peak horror peak story love see,best survival horror game time peak level design peak horror peak story love see
204897313,76561198292670103,22,6,2111,0,en,great game love the puzzles love the story and the horror is really good,1758483141,1758483141,True,1,0,0.5,True,False,great game love puzzle love story horror really good,great game love puzzle love story horror really good
206633741,76561198000419821,0,30,1490,1405,en,Great game but poor PC optimization,1760363405,1760363405,True,1,0,0.5185185670852661,True,False,great game poor pc optimization,great game poor pc optimization
206811928,76561197960584707,0,25,1099,502,en,Still one of the greatets horror games ever made.,1760562903,1760562903,True,0,0,0.5,True,False,still one greatets horror game ever made,still one greatets horror game ever made
206519798,76561199174088904,79,49,1384,1219,en,James is actually hard to hate in this game. Fuck you Bloober.,1760252265,1760252265,True,0,0,0.5,True,False,james actually hard hate game fuck bloober,james actually hard hate game fuck bloober
206166895,76561198024124516,0,5,1271,368,en,"Amazing, the remake did the original justice",1759898056,1759898056,True,0,0,0.5,True,False,amazing remake original justice,amazing remake original justice
204977442,76561199884864196,0,4,1490,0,en,massive fan of the original....finally...a great remake. i wasn't disappointed,1758573479,1758573479,True,0,0,0.4915966391563415,True,False,massive fan originalfinallya great remake wasnt disappointed,massive fan originalfinallya great remake wasnt disappointed
206720546,76561199006673114,36,2,3374,2057,en,"Such a good game, Can't wait to play Silent hill 1 and 3 remake",1760457418,1760457418,True,0,0,0.5,True,False,good game cant wait play silent hill remake,good game cannot wait play silent hill remake
206408427,76561198347061215,131,63,208,208,en,"this game is fun. i dont enjoy a lot of things, but one of the things i do enjoy is silent hill 2.",1760158953,1760158953,True,0,0,0.5,True,False,game fun dont enjoy lot thing one thing enjoy silent hill,game fun do not enjoy lot thing one thing enjoy silent hill
206140916,76561198323432181,557,23,1002,1002,en,haven't even finished and it's so incredible and good. thank you,1759866357,1759866357,True,0,0,0.5,False,False,havent even finished incredible good thank,havent even finished incredible good thank
204750756,76561199588398560,0,1,2867,866,en,fun game but hill was actually very loud some times,1758341607,1758341607,True,0,0,0.5,True,False,fun game hill actually loud time,fun game hill actually loud time
205642140,76561199304517549,58,8,4712,2,en,"Now I understand. The real reason I came to this town. I wonder what was I afraid of? Without you, Mary, I've got nothing...   Now we can be together.",1759347933,1759347933,True,1,0,0.5,True,False,understand real reason came town wonder afraid without mary ive got nothing together,understand real reason came town wonder afraid without mary i have got nothing together
206215335,76561198005482432,0,4,2643,0,en,"Yes. Definitely yes. Sorry, James, but you have to suffer.",1759954153,1759954153,True,1,0,0.525547444820404,True,False,yes definitely yes sorry james suffer,yes definitely yes sorry james suffer
206257047,76561198930005944,0,23,1620,858,en,"best horror game i've ever played, you should play it if you like horror",1760015002,1760015002,True,0,0,0.5,True,False,best horror game ive ever played play like horror,best horror game i have ever played play like horror
206005133,76561199138040044,0,7,1195,337,en,"Not to ragebait, but loop theory kinda...",1759716744,1759716744,True,0,0,0.5,True,False,ragebait loop theory kinda,ragebait loop theory kinda
205917321,76561199063279665,135,8,1094,0,en,nostalgic game. but not to worthed with the price.,1759638019,1759638019,True,0,0,0.5,True,False,nostalgic game worthed price,nostalgic game worthed price
205125205,76561198353695842,136,26,900,0,en,"This town is full of monsters, how can you sit there and eat pizza?!?!",1758750291,1758750291,True,0,0,0.5,False,False,town full monster sit eat pizza,town full monster sit eat pizza
204819818,76561198120309603,0,7,2113,0,en,One of the greatest horror games I've ever played period! Pure Cinema.,1758406624,1758406624,True,1,0,0.5170454382896423,True,False,one greatest horror game ive ever played period pure cinema,one greatest horror game i have ever played period pure cinema
206856388,76561198870620105,0,1,737,649,en,This town is full of monsters. How can u sit there and eat pizza?,1760624481,1760624481,True,0,0,0.5,False,False,town full monster u sit eat pizza,town full monster you sit eat pizza
206419072,76561198156034191,143,22,1971,1859,en,great game but has lots of frame rate drops ;-;,1760169750,1760169750,True,0,0,0.5,False,False,great game lot frame rate drop,great game lot frame rate drop
206650586,76561198880630191,229,29,1511,762,en,playing this game with a friend and drinking at the same time is goated,1760377511,1760377511,True,0,0,0.5,True,False,playing game friend drinking time goated,playing game friend drinking time goated
206285919,76561197985825413,195,27,1108,0,en,just a proper remake of one of the best games ever made  nothing to see here,1760040112,1760040112,True,0,0,0.5,False,False,proper remake one best game ever made nothing see,proper remake one best game ever made nothing see
205653504,76561198400083834,49,2,1316,0,en,Best game I've ever played. Never had a game that gave me chills like this one did.,1759361140,1759361278,True,0,0,0.5,True,False,best game ive ever played never game gave chill like one,best game i have ever played never game gave chill like one
206896619,76561199229758454,70,7,1382,1112,en,The only way I can describe how I feel about Silent Hill 2 is the same way Jake felt when he ate his time sandwich,1760666307,1760666307,True,1,0,0.5238095521926879,True,False,way describe feel silent hill way jake felt ate time sandwich,way describe feel silent hill way jake felt ate time sandwich
205835460,76561199070226171,0,3,819,0,en,RE4 and this Fav game of all time story to good best of all time,1759563707,1759563707,True,1,0,0.5238095521926879,True,False,fav game time story good best time,fav game time story good best time
206195327,76561198066703246,313,6,1823,1466,en,man kills wife and suffers the simulator.,1759935214,1759935214,True,1,0,0.504587173461914,False,False,man kill wife suffers simulator,man kill wife suffers simulator
206821497,76561198157017688,0,4,2152,604,en,One of the best have you seen my wife simulators there is.  ,1760575028,1760575028,True,0,0,0.5,False,False,one best seen wife simulator,one best seen wife simulator
205247945,76561198110821163,249,43,60,0,en,Bought it on my ps5 since my old pc couldnt handle it Goated game,1758903466,1758903466,True,0,0,0.5,True,False,bought p since old pc couldnt handle goated game,bought p since old pc couldnt handle goated game
205786365,76561199052210554,143,15,3626,0,en,"In my restless dreams, I see that town. Silent Hill.",1759510612,1759510612,True,1,0,0.5238095521926879,True,False,restless dream see town silent hill,restless dream see town silent hill
206808607,76561197970344745,0,12,1963,32,en,still the best silent hill over 2 decades later,1760559568,1760559568,True,0,0,0.5,True,False,still best silent hill decade later,still best silent hill decade later
206758680,76561197977005357,0,2,81,81,en,Most atmospheric game ever made,1760499022,1760499022,True,0,0,0.5,True,False,atmospheric game ever made,atmospheric game ever made
206375883,76561198025186053,0,15,1811,0,en,"Peak Horror, Both the Remake and Original.",1760130076,1760130076,True,0,0,0.5,False,False,peak horror remake original,peak horror remake original
205997088,76561199802179383,0,4,1190,971,en,great game love this series now i cant wait for the silent hill 1 remake,1759707182,1759707182,True,0,0,0.5,True,False,great game love series cant wait silent hill remake,great game love series cannot wait silent hill remake
205353548,76561198168764672,0,24,1147,0,en,this game was waiting for me all my life and I didn´t even know it...,1759011115,1759011115,True,0,0,0.5,True,False,game waiting life didnt even know,game waiting life didnt even know
205048540,76561198153863369,0,28,1375,0,en,very immersive and scary!,1758653119,1758653119,True,0,0,0.5,True,False,immersive scary,immersive scary
205491858,76561199446379895,0,4,1767,0,en,This town's full of monsters! how could you sit there and eat pizza?!,1759172398,1759172398,True,1,0,0.5238095521926879,True,False,town full monster could sit eat pizza,town full monster could sit eat pizza
205133321,76561198952448315,193,71,968,0,en,Garbage remake. Please play the original masterpiece.,1758760814,1758760814,False,3,2,0.3672724068164825,True,False,garbage remake please play original masterpiece,garbage remake please play original masterpiece
206543262,76561198028168912,228,10,51,36,en,DO NOT BUY IT! 50 min steam time = 5 times crash. It can be a good remake if you can play it.,1760272783,1760272783,False,0,0,0.4148783981800079,True,False,buy min steam time time crash good remake play,buy min steam time time crash good remake play
206564925,76561199811241664,35,2,1654,89,en,Game scary Game sad  Game really sad Game fix life,1760287416,1760287416,True,0,0,0.5,True,False,game scary game sad game really sad game fix life,game scary game sad game really sad game fix life
205658846,76561198974788305,185,7,905,0,en,I need SILENT HILL:Master Collection Version Vol.1,1759368274,1759368421,True,0,0,0.5,False,False,need silent hillmaster collection version vol,need silent hillmaster collection version vol
205149192,76561199054359436,13,1,198,0,en,all of the game is absoluty beatiful,1758785132,1758785132,True,0,0,0.5,True,False,game absoluty beatiful,game absoluty beatiful
207041254,76561198125956845,115,12,1277,432,en,Never played the original but holy... Best Story Game I've Ever Played,1760822690,1760822690,True,1,0,0.5,True,False,never played original holy best story game ive ever played,never played original holy best story game i have ever played
204709551,76561197969244576,1031,125,1296,0,en,A perfect remake. It really doesn't get any better than this.,1758300100,1758300100,True,0,0,0.4972375929355621,False,False,perfect remake really doesnt get better,perfect remake really doesnt get better
207017396,76561198795686281,0,1,1241,873,en,Definitely one of the best games I've played in a long time :>,1760802905,1760802905,True,2,0,0.5238095521926879,True,False,definitely one best game ive played long time,definitely one best game i have played long time
205292903,76561198147999169,234,6,1828,0,en,"Absolute Cinema, holy moly I will never be happy again",1758952336,1758952336,True,2,0,0.52173912525177,True,False,absolute cinema holy moly never happy,absolute cinema holy moly never happy
206259707,76561199130303717,0,12,5916,537,en,I love this game. Still get jumped scared from time to time.,1760017656,1760017656,True,0,0,0.5,True,False,love game still get jumped scared time time,love game still get jumped scared time time
205002005,76561198007269729,191,7,930,0,en,Best horror game to date! Buy it you won't regret it!,1758598217,1758598217,True,0,0,0.5,False,False,best horror game date buy wont regret,best horror game date buy will not regret
205381405,76561198247168032,0,34,1433,146,en,Genuinely one of the scariest games I have ever played.,1759047910,1759047910,True,1,0,0.503546118736267,False,False,genuinely one scariest game ever played,genuinely one scariest game ever played
205954076,76561199195854687,58,14,1558,0,en,This town is full of monsters! How can you sit there and hit blinker?,1759673867,1759673867,True,1,0,0.503311276435852,True,False,town full monster sit hit blinker,town full monster sit hit blinker
206881900,76561198043208437,154,20,1447,436,en,"If there's a chance for Silent Hill 3 remake to be released, it will be a good reason to go on living.",1760647616,1760647616,True,0,0,0.5,True,False,there chance silent hill remake released good reason go living,there chance silent hill remake released good reason go living
206433105,76561198327899308,242,51,1231,0,en,"In my restless dreams, I see that town. Silent Hill. You promised me you'd take me there again someday. But because of me, you were never able to. Well, I'm alone there now…",1760182248,1760182248,True,0,0,0.5,True,False,restless dream see town silent hill promised youd take someday never able well im alone,restless dream see town silent hill promised youd take someday never able well i am alone
206268290,76561198164264125,439,7,1336,824,en,Very good atmosphere,1760024885,1760024885,True,0,0,0.5,True,False,good atmosphere,good atmosphere
205182654,76561199409715644,187,8,1743,0,en, one of the best iconic game i played of all time,1758823130,1758823130,True,0,0,0.5,False,False,one best iconic game played time,one best iconic game played time
204787057,76561199013773201,55,13,1360,0,en,good and crapped my pants,1758379988,1758379988,True,0,0,0.5,False,False,good crapped pant,good crapped pant
205371439,76561198123469108,127,10,1064,0,en,best game to play when you're on drugs :),1759033772,1759034278,True,3,0,0.5483871102333068,True,False,best game play youre drug,best game play youre drug
206400002,76561199482216863,88,2,1094,0,en,it's not a video game - it's the bottomless melancholy,1760150584,1760150584,True,1,0,0.5238095521926879,True,False,video game bottomless melancholy,video game bottomless melancholy
205225164,76561198039774406,200,21,947,0,en,top game super remake,1758878642,1758878642,True,1,0,0.5238095521926879,False,False,top game super remake,top game super remake
205601193,76561198060280668,639,72,1478,398,en,"I'm Joe, and this is my favorite game on Steam.",1759305250,1759305250,True,1,0,0.52173912525177,False,False,im joe favorite game steam,i am joe favorite game steam
205809762,76561198082136770,490,48,1740,0,en,Amazing game and GOTY 2024.,1759531650,1759531650,True,2,0,0.5526203513145446,False,False,amazing game goty,amazing game goty
206154818,76561199806570838,0,4,1838,0,en,i got scared but the game is ok,1759881578,1759881578,False,0,2,0.4509283900260925,True,False,got scared game ok,got scared game ok
206947068,76561199486085916,11,4,5289,0,en,in my rizzless dreams i see that gyattt akira yamaoka on top,1760727134,1760727134,True,0,0,0.5,True,False,rizzless dream see gyattt akira yamaoka top,rizzless dream see gyattt akira yamaoka top
206916191,76561198339464591,0,29,1117,119,en,"I completed my journey through Silent Hill, there was many a fright like leg men and women I'm diverse your welcome. Pyramid Head or as I call him John, he was quite scary and he was the one to kill me and I will say that was my only death I had in this game I would of had 0 deaths if it wasn't for him near the end and also it was due to my stupidity but we don't look much into that. I didn't like Laura for most of the game little shithead kept running away from me like did I smell? I saw that there was 8 endings yea I am not going for all the endings can not be arsed and some of the ways to get the other endings are like really really really really weird, But I'm out of time so I'm gonna sign off right here bye bye bye Dilster out.",1760697969,1760697969,True,0,1,0.5,False,False,completed journey silent hill many fright like leg men woman im diverse welcome pyramid head call john quite scary one kill say death game would death wasnt near end also due stupidity dont look much didnt like laura game little shithead kept running away like smell saw ending yea going ending arsed way get ending like really really really really weird im time im gon na sign right bye bye bye dilster,completed journey silent hill many fright like leg men woman i am diverse welcome pyramid head call john quite scary one kill say death game would death wasnt near end also due stupidity do not look much didnt like laura game little shithead kept running away like smell saw ending yea going ending arsed way get ending like really really really really weird i am time i am gon na sign right bye bye bye dilster
205346741,76561198195463017,0,10,1429,0,en,Would you recommend this game to other players? Yes,1759004488,1759004488,True,0,0,0.5,False,False,would recommend game player yes,would recommend game player yes
205151369,76561199672582693,16,15,752,155,en,very fun and scary,1758788752,1758788752,True,0,0,0.5,False,False,fun scary,fun scary
204779391,76561198860493821,139,12,1146,0,en,A fun game about parties in a remote town,1758373830,1758373830,True,0,0,0.5,True,False,fun game party remote town,fun game party remote town
206500442,76561198354620587,0,14,882,480,en,had a fun time playing through the game for the first time   (ngl made me shed a tear),1760231954,1760231954,True,1,0,0.5,False,False,fun time playing game first time ngl made shed tear,fun time playing game first time ngl made shed tear
204995037,76561198093434623,529,41,1017,0,en,This game is truly terrifying; you should play it.,1758589084,1758589084,True,1,0,0.5238095521926879,True,False,game truly terrifying play,game truly terrifying play
204794063,76561198006915990,260,5,911,0,en,Got simp ending without trying to get it 😎,1758385212,1758385212,True,1,1,0.5238095521926879,True,False,got simp ending without trying get,got simp ending without trying get
206148513,76561198120090817,378,31,896,0,en,The devs don't seem to have the word 'variety' in their vocabulary.  ,1759873853,1759873853,False,2,1,0.4656684100627899,False,False,devs dont seem word variety vocabulary,devs do not seem word variety vocabulary
206475095,76561198164954392,110,21,1282,236,en,Nightmare fuel.  Gameplay 10/10.,1760209924,1760209924,True,0,0,0.5,True,False,nightmare fuel gameplay,nightmare fuel gameplay
206247860,76561198061936489,0,45,1919,611,en,Great remake of the original.,1760002298,1760002298,True,0,0,0.5,True,False,great remake original,great remake original
205260413,76561198385580877,0,47,1147,0,en,Please fire someone for the prison section,1758914462,1758914462,True,0,0,0.5,False,False,please fire someone prison section,please fire someone prison section
206568341,76561199233032647,0,3,1298,121,en,in my restless dreams i see that game silent peak 2,1760289805,1760289805,True,0,0,0.5,False,False,restless dream see game silent peak,restless dream see game silent peak
206219805,76561198029596166,105,36,1883,0,en,"Oh no! Where is the ""born from a wish"" sub scenario at the and? :o",1759959092,1759959092,True,0,0,0.5,True,False,oh born wish sub scenario,oh born wish sub scenario
205621089,76561199025749873,86,23,913,0,en,直面恐惧 I know what you are I know why I needed you But it's all over now I don't need you anymore I'm ready,1759329075,1759329266,True,0,0,0.5,True,False,know know needed dont need anymore im ready,know know needed do not need anymore i am ready
205594255,76561198371572299,234,10,1436,11,en,I really did see that town in my restless dreams....,1759294633,1759294633,True,0,0,0.5,True,False,really see town restless dream,really see town restless dream
205590010,76561198283704231,0,19,1369,0,en,triangle man hasn't been the same since the divorce,1759288595,1759288595,True,0,0,0.5,True,False,triangle man hasnt since divorce,triangle man hasnt since divorce
205353680,76561198061299580,0,13,1157,0,en,Truly one of the best games I've ever played.,1759011257,1759011257,True,0,0,0.5,True,False,truly one best game ive ever played,truly one best game i have ever played
204706004,76561199837539916,38,4,1401,35,en,slightly worse than the original. 10/10.,1758297228,1758297228,True,0,0,0.5,True,False,slightly worse original,slightly worse original
206906974,76561199600083481,0,4,1347,1347,en,james is certified wife beater,1760682900,1760682900,True,1,0,0.5238095521926879,False,False,james certified wife beater,james certified wife beater
205174786,76561198340061683,126,5,788,0,en,"Lowk carried me through a breakup, 10/10",1758816148,1758816148,True,3,1,0.5588235259056091,True,False,lowk carried breakup,lowk carried breakup
207050093,76561198020899907,0,22,975,974,en,Better than Silent Hill f ass game,1760832277,1760832277,True,0,0,0.5,True,False,better silent hill f as game,better silent hill f as game
206671597,76561198066191879,56,32,1188,295,en,"I remember being a kid and playing this, it was good then it's good now.",1760396167,1760396204,True,0,0,0.5,False,False,remember kid playing good good,remember kid playing good good
206510471,76561198869127594,0,21,1193,907,en,Game that has a place in my heart. 10/10.,1760242261,1760242261,True,0,0,0.5,False,False,game place heart,game place heart
205993148,76561199128447735,0,50,254,19,en,"In my rizzless dreams, I see that gyatt.......",1759702779,1759702779,True,0,0,0.5,False,False,rizzless dream see gyatt,rizzless dream see gyatt
204931923,76561199123497862,106,1,1629,0,en,"The remake is so good, def worth its price :D",1758526938,1758526938,True,1,0,0.52173912525177,True,False,remake good def worth price,remake good def worth price
204893009,76561198254771279,84,34,952,0,en,My new favourite game of all time. 11/10,1758479557,1758479557,True,1,0,0.5069156289100646,True,False,new favourite game time,new favourite game time
207061447,76561197970551837,369,1,372,282,en,Stellar psychological horror.,1760846587,1760846587,True,0,0,0.5,False,False,stellar psychological horror,stellar psychological horror
206862045,76561199549341702,92,16,2207,1086,en,Most scary game i've ever played  ,1760629610,1760629610,True,0,0,0.5,False,False,scary game ive ever played,scary game i have ever played
206806460,76561198029991453,63,2,1212,724,en,Wooooo still the GOAT survirval horror!!!,1760557486,1760557486,True,0,0,0.5,False,False,wooooo still goat survirval horror,wooooo still goat survirval horror
206275836,76561199174593996,0,15,1351,0,en,Every details of this game are perfect,1760031252,1760031252,True,0,0,0.5,True,False,every detail game perfect,every detail game perfect
206263443,76561198453681845,0,14,1904,119,en,great tribute to the original in many ways,1760020891,1760020891,True,0,0,0.5,True,False,great tribute original many way,great tribute original many way
206017661,76561199070922927,86,2,657,657,en,finished in one sitting... its peak.,1759733676,1759733676,True,0,0,0.5,True,False,finished one sitting peak,finished one sitting peak
205213323,76561199120605662,0,15,1243,0,en,so scary i can barely play it.,1758858916,1758858916,True,0,0,0.5,False,False,scary barely play,scary barely play
205126148,76561198122131598,0,19,4441,0,en,"I love this game, it's scary.",1758751451,1758751451,True,0,0,0.5,True,False,love game scary,love game scary
204966250,76561199250246083,0,17,403,15,en,I goon to James Sunderland daily,1758565996,1758565996,True,0,0,0.5,True,False,goon james sunderland daily,goon james sunderland daily
204744443,76561198829486534,234,9,2757,0,en,"The most perfect ""game"" ever. Mirror. Math.",1758333998,1758333998,True,0,0,0.5,True,False,perfect game ever mirror math,perfect game ever mirror math
205553243,76561198860631574,0,18,3078,0,en,there is some optimisation issues but tbh this remake is god tier,1759248622,1759248622,True,1,0,0.5,False,False,optimisation issue tbh remake god tier,optimisation issue tbh remake god tier
205059839,76561198125121755,0,12,1325,0,en,they did an amazing job remaking this.,1758664546,1758664546,True,1,0,0.5238095521926879,True,False,amazing job remaking,amazing job remaking
206689655,76561198083140160,0,39,1729,0,en,"Excellent, play it now.",1760420661,1760420661,True,0,0,0.5,True,False,excellent play,excellent play
206050302,76561197998141961,0,18,1433,0,en,Just chilling to the bone good ...,1759768299,1759768299,True,0,0,0.5,True,False,chilling bone good,chilling bone good
205870657,76561199816143528,0,1,20,15,en,everytime i lauch it it crashes,1759594912,1759594912,True,0,0,0.5,False,False,everytime lauch crash,everytime lauch crash
205783176,76561199176955364,0,3,1217,47,en,this is one of my favorite games ever please play it oh my god,1759508011,1759508011,True,0,0,0.5,True,False,one favorite game ever please play oh god,one favorite game ever please play oh god
205582733,76561198064566700,0,59,764,36,en,This game ages like fine wine.,1759279061,1759279061,True,0,0,0.5,False,True,game age like fine wine,game age like fine wine
205316932,76561198099438367,416,9,2154,0,en,Amazing survival horror.,1758979470,1758979470,True,0,0,0.5,True,False,amazing survival horror,amazing survival horror
205246636,76561198211067028,225,54,3597,807,en,My favorite game of all time.,1758902358,1758902358,True,0,0,0.5,True,False,favorite game time,favorite game time
204955123,76561198018231207,377,4,1886,0,en,"There is no healing of thy bruise, thy wound is grievous.",1758555813,1758555813,True,0,0,0.5,True,False,healing thy bruise thy wound grievous,healing thy bruise thy wound grievous
204953721,76561199385260747,0,9,875,0,en,Man forgets that he kills his wife then remembers,1758554550,1758554550,True,0,0,0.3942652344703674,True,False,man forgets kill wife remembers,man forgets kill wife remembers
205797325,76561198988174972,0,7,3139,1158,en,"""Wake up James, it was all a dream"" - Mary",1759519691,1759733225,True,2,0,0.541984736919403,True,False,wake james dream mary,wake james dream mary
205186732,76561198839245814,0,10,1045,238,en,why is james blond,1758826748,1758826748,True,1,0,0.5238095521926879,False,False,james blond,james blond
205156941,76561199099072282,62,18,867,0,en,"In my rizzles dreams, i see that gyat",1758797589,1758797589,True,1,0,0.5238095521926879,True,False,rizzles dream see gyat,rizzles dream see gyat
204728809,76561198174021142,115,21,1616,0,en,in my restless dreams i see that town,1758316782,1758316782,True,1,0,0.5238095521926879,False,False,restless dream see town,restless dream see town
205279826,76561198078621448,177,15,1100,42,en,this is what my dreams look like every night,1758935468,1758935468,True,1,0,0.52173912525177,True,False,dream look like every night,dream look like every night
205961247,76561198305868931,142,11,870,170,en,The most beautiful game,1759678733,1759678733,True,1,0,0.503311276435852,False,False,beautiful game,beautiful game
206796253,76561198857878735,111,19,188,151,en,"shitted myself, twice",1760548018,1760548018,True,0,0,0.5,True,False,shitted twice,shitted twice
206472528,76561199510692652,0,1,3740,1591,en,10/10 would stomp again,1760208153,1760208153,True,0,0,0.5,False,False,would stomp,would stomp
205598414,76561197987065869,0,29,2585,0,en,APENAS JOGUE ISSO.  11/10,1759301044,1759301044,True,0,0,0.5,True,False,apenas jogue isso,apenas jogue isso
205437157,76561198104657720,0,3,3354,353,en,Perfect in every little detail <3,1759100701,1759100701,True,0,0,0.5,False,False,perfect every little detail,perfect every little detail
204695398,76561199811732540,13,2,1006,0,en,Pyramid head isn't scary.....(would highly recommend),1758288201,1758288201,True,0,0,0.5,False,False,pyramid head isnt scarywould highly recommend,pyramid head isnt scarywould highly recommend
206508200,76561199474833756,0,3,1247,244,en,better then old one great game,1760239990,1760239990,True,0,0,0.4761904776096343,True,False,better old one great game,better old one great game
206230836,76561199057744052,73,11,2196,2211,en,This game is legendary.,1759973860,1759973860,True,2,0,0.5238095521926879,True,False,game legendary,game legendary
206942153,76561199403370259,69,4,1672,1698,en,"This game ""Made me happy""",1760722799,1760722799,True,1,0,0.52173912525177,False,False,game made happy,game made happy
206611279,76561198048536905,343,2,1554,118,en,This game gave me the heebie jeebies!,1760332528,1760332528,True,0,0,0.5,True,False,game gave heebie jeebies,game gave heebie jeebies
206251772,76561199441836774,105,22,441,0,en,Very great game,1760008441,1760008441,True,0,0,0.5,True,False,great game,great game
205937706,76561198008283581,215,8,2907,74,en,Fantastic! Love it!,1759660763,1759660763,True,0,0,0.5,True,False,fantastic love,fantastic love
205870351,76561198379382816,122,16,1093,0,en,One of the best games of all time,1759594687,1759594687,True,1,0,0.5,False,False,one best game time,one best game time
205813563,76561197990751945,0,39,1335,568,en,Genuinly unpleasant,1759536012,1759536012,True,0,0,0.5,False,False,genuinly unpleasant,genuinly unpleasant
205722977,76561199712921012,17,1,2701,0,en,10/10 this game is top!,1759439042,1759439042,True,0,0,0.5,True,False,game top,game top
205140043,76561198358051214,127,11,1423,0,en,"peak, peak and its even more peak",1758770174,1758770174,True,0,0,0.5,True,False,peak peak even peak,peak peak even peak
205124139,76561198020343499,332,29,2935,0,en,I loved it so much I even finished NG+,1758749099,1758749099,True,0,0,0.5,False,False,loved much even finished ng,loved much even finished ng
204999936,76561199123236055,43,4,1125,0,en,Holy fuck Lois I'm in silent hill,1758595303,1758595303,True,0,0,0.5,True,False,holy fuck lois im silent hill,holy fuck lois i am silent hill
204897164,76561199783128697,0,4,955,135,en,Had fun playing GG,1758483015,1758483015,True,0,0,0.5,False,False,fun playing gg,fun playing gg
206893524,76561199120978069,0,2,1510,835,en,So peak it made me cry 10/10,1760661977,1760661977,True,1,0,0.5238095521926879,True,False,peak made cry,peak made cry
206046867,76561199223147393,149,41,2734,295,en,I love this game,1759765566,1759765566,True,1,0,0.5238095521926879,True,False,love game,love game
205407813,76561198038609662,395,147,1083,0,en,Old fat wife,1759073968,1759073968,True,4,0,0.559740126132965,True,False,old fat wife,old fat wife
206087352,76561198264235538,189,22,1047,247,en,One of the greatest games of all time,1759804987,1759804987,True,1,0,0.5049099922180175,False,False,one greatest game time,one greatest game time
206855428,76561198049370424,0,36,3841,117,en,this game changed my life,1760623577,1760623577,True,0,0,0.5,True,False,game changed life,game changed life
206586530,76561198094522977,299,4,794,657,en,MASTERPIECE. That is all.,1760303384,1760303384,True,0,0,0.5,True,False,masterpiece,masterpiece
206227128,76561199228407603,66,10,1620,523,en,this is the best game ever,1759968643,1759968643,True,0,0,0.5,True,False,best game ever,best game ever
206146563,76561199790386287,0,2,3011,132,en,it's pretty cool.,1759871726,1759871726,True,0,0,0.5,False,False,pretty cool,pretty cool
205986058,76561198407776346,267,30,2342,1053,en,Out of my Teague.,1759696315,1759696315,True,0,0,0.5,True,False,teague,teague
205900850,76561198127055103,202,18,997,208,en,"Peak ""Where is my wife"" simulator.",1759619038,1759619038,True,0,0,0.5,False,False,peak wife simulator,peak wife simulator
205582766,76561198140821393,155,9,1297,125,en,really spooky 10/10,1759279107,1759279107,True,0,0,0.5,False,False,really spooky,really spooky
205534976,76561199566167790,51,13,1175,0,en,I definitely saw that town.,1759230640,1759230640,True,0,0,0.5,True,False,definitely saw town,definitely saw town
205529863,76561198007178203,687,8,1183,0,en,"""A good remake of a great classic""",1759223209,1759223209,True,0,0,0.5,False,False,good remake great classic,good remake great classic
205466389,76561199475242384,0,10,1736,0,en,SH2 is a work of art,1759146599,1759146599,True,0,0,0.5,True,False,sh work art,sh work art
205265382,76561199541693351,0,1,1861,0,en,Really good,1758918849,1758918849,True,0,0,0.5,True,False,really good,really good
206860445,76561198402360713,108,29,574,574,en,actually incredible.,1760628177,1760628177,True,0,0,0.5,True,False,actually incredible,actually incredible
206678031,76561198146070425,142,2,891,193,en,perfection.,1760403988,1760442346,True,0,0,0.5,False,False,perfection,perfection
206394115,76561198307941484,0,13,1368,0,en,ts so goated...,1760144809,1760144809,True,0,0,0.5,True,False,t goated,t goated
206235338,76561197998107972,994,4,233,45,en,Absolutely Fabulous,1759980613,1759980613,True,0,0,0.5,False,False,absolutely fabulous,absolutely fabulous
206095008,76561198259684264,0,82,276,276,en,A classic.,1759815522,1759815522,True,0,0,0.5,False,False,classic,classic
205735595,76561199065803059,0,40,210,0,en,good soup,1759454535,1759454535,True,0,0,0.5,True,False,good soup,good soup
205464270,76561198800782944,0,10,2561,0,en,forever my favorite franchise,1759143536,1759143608,True,0,0,0.5,True,False,forever favorite franchise,forever favorite franchise
204729027,76561199774212714,0,1,779,0,en,There was a hole here. It's gone now.,1758316989,1758316989,True,0,0,0.5,True,False,hole gone,hole gone
205777692,76561198157057224,1722,159,55,0,en,better than silent hill f,1759503593,1759503593,True,5,0,0.528363049030304,True,False,better silent hill f,better silent hill f
205088978,76561199186749415,0,17,1985,0,en,love letter to sh2,1758691938,1758691938,True,1,0,0.4782608747482299,False,False,love letter sh,love letter sh
204991739,76561198968900763,325,27,1207,0,en,"""In my restless dreams, I see that town... Silent Hill. You promised you'd take me there again some day... but you never did. Well, I'm alone there now in our special place... waiting for you.""",1758585472,1758585524,True,3,0,0.56521737575531,True,False,restless dream see town silent hill promised youd take day never well im alone special place waiting,restless dream see town silent hill promised youd take day never well i am alone special place waiting
206162089,76561198205377945,0,2,958,0,en,Check the back seat,1759891500,1759891500,True,0,0,0.5,True,False,check back seat,check back seat
205716604,76561199484876000,0,2,2828,0,en,true goty of 2024,1759432969,1759432969,True,0,0,0.5,True,False,true goty,true goty
205211343,76561198081555258,304,5,952,0,en,Must play.,1758856041,1758856041,True,0,0,0.5,False,False,must play,must play
204762425,76561199079013059,0,2,2001,0,en,“If that’s true… then why do you look so sad?”  😭😭,1758356266,1758356266,True,0,0,0.5,True,False,thats true look sad,thats true look sad
206370817,76561199006248469,0,17,1293,418,en,They removed the can of lightbulbs.,1760126896,1760126896,False,3,3,0.4809160232543945,True,False,removed lightbulb,removed lightbulb
206537178,76561199196019534,184,25,1671,102,en,Welcome to Silent Hill...,1760267902,1760267902,True,0,0,0.5,True,False,welcome silent hill,welcome silent hill
206345527,76561199058885460,0,2,10938,4453,en,THE BEST AMAZING GAME EVER,1760111924,1760111924,True,0,0,0.5,True,False,best amazing game ever,best amazing game ever
206227385,76561198987288653,0,3,269,68,en,its aight ig,1759969027,1759969027,True,0,0,0.5,True,False,aight ig,aight ig
206129675,76561198381043116,414,39,643,658,en,Would you like it to be?,1759856966,1759856966,True,0,0,0.5,True,False,would like,would like
205669899,76561199082621549,0,30,169,0,en,really scary,1759383842,1759383842,True,0,0,0.5,True,False,really scary,really scary
205528437,76561199053953618,0,1,1841,0,en,I Interacted with bread.,1759220894,1759220894,True,0,0,0.5,True,False,interacted bread,interacted bread
205406638,76561198954826049,85,8,1264,0,en,Great remake,1759073012,1759073012,True,0,0,0.5,False,False,great remake,great remake
206520296,76561198103464170,0,4,4517,1766,en,So good i went out and beat my very own silent hill manifested monster (homeless man) with a pipe,1760252804,1760252804,True,2,3,0.5454545617103576,True,False,good went beat silent hill manifested monster homeless man pipe,good went beat silent hill manifested monster homeless man pipe
207055838,76561198109725712,191,164,708,708,en,Is Maria in the room with us now?,1760839516,1760839516,True,0,0,0.5,True,False,maria room u,maria room you
206728399,76561199344652205,0,2,1005,396,en,It’s beautiful..,1760464472,1760464472,True,0,0,0.5,True,False,beautiful,beautiful
206281818,76561198103335991,0,17,1111,337,en,Old school survival horror,1760036498,1760036498,True,0,0,0.5,False,False,old school survival horror,old school survival horror
206067562,76561197989524280,414,11,1185,0,en,Great,1759782773,1759782773,True,0,0,0.5,False,False,great,great
205720643,76561197990314140,949,40,1786,415,en,"[h1]Faaaak, the Prison level nearly broke me...[/h1]",1759436759,1759436759,True,0,0,0.5,False,False,hfaaaak prison level nearly broke meh,hfaaaak prison level nearly broke meh
205479160,76561199017756251,0,6,787,239,en,where's born from a wish :C,1759160451,1759160451,True,0,1,0.5,False,False,wheres born wish c,wheres born wish c
205326248,76561198283180882,103,31,1075,0,en,"""A Dead Person Can't Write A Letter"" ",1758987067,1758987067,True,0,0,0.5,False,False,dead person cant write letter,dead person cannot write letter
205208530,76561198135480026,0,11,1485,0,en,very scary,1758851947,1758851947,True,0,0,0.5,True,False,scary,scary
206197744,76561198311273636,0,2,1328,0,en,The best horror game of all time.,1759937452,1759937452,True,1,0,0.5,True,False,best horror game time,best horror game time
207046632,76561198280126564,0,1,1314,365,en,these hills are silent ,1760828134,1760828134,True,0,0,0.5,True,False,hill silent,hill silent
206251128,76561199195492469,0,7,2555,391,en,"""I miss you so much.""",1760007411,1760007411,True,0,0,0.5,True,False,miss much,miss much
206146271,76561199006586340,87,16,485,199,en,holy shit!! ,1759871397,1759871397,True,0,0,0.5,False,False,holy shit,holy shit
205888169,76561198080710562,531,57,1138,0,en,"[h1]Silent Hill 2 Review[/h1]  [h2]TL;DR[/h2] This was my (Meta) first entry in the Silent Hills series, and man - what a masterpiece. It's feels like a perfect middle-ground between Resident Evil and Outlast. First playthrough was 15+ hours and it all felt amazing.  [h3]Gameplay[/h3] [list] [*][b]Combat:[/b] You're not a soldier like in RE games, and you're not a journalist like Outlast. You're a normal guy who can lay pipe.  [*][b]Replayability:[/b] Fairly high. Eight endings and NG+  [*][b]Controls:[/b] Slow, but by design. Entering rooms and rounding corners feels terrifying. [/list]  [h3]Story & World[/h3] [list] [*][b]Premise:[/b] James Sunderland arrives in Silent Hill after receiving a letter from his wife (who’s been dead for years). What follows is a descent into guilt, grief, and psychological torment.  [*][b]Characters:[/b] The characters and enemies are so well done. Every scene with Angela felt so powerful.  [*][b]Worldbuilding:[/b] Silent Hill has life(?) but feels so lonely. Atmosphere pulls you in. [/list]  [h3]Progression[/h3] [list] [*][b]100%-able?:[/b] Yes, and seems to be worth it. Each ending gives you another piece of the puzzle.  [*][b]Leveling:[/b] None, you're really just progressing through James' mind.  [*][b]Gear & Tools:[/b] Flashlight, radio, gun, pipe. Every item matters. [/list]  [h3]Presentation[/h3] [list] [*][b]Visuals:[/b] Everything feels so grotesque and unique. I imagine playing the OG was even better.  [*][b]Audio:[/b] Anxiety inducing and amazing.  [*][b]Performance:[/b] Ran fine until one cutscene, and then I dropped frames to 60fps for stream. [/list]  [h3]Bonus Bits[/h3] [list] [*][b]Mods:[/b] Not sure any are out there, or needed.  [*][b]Multiplayer:[/b] None. Silent Hill is a lonely experience.  [*][b]Steam Deck:[/b] I don't believe it's officially supported, and I don't think you'd get the same experience. [/list]",1759608005,1759608005,True,0,0,0.5,False,False,hsilent hill reviewh htldrh meta first entry silent hill series man masterpiece feel like perfect middleground resident evil outlast first playthrough hour felt amazing hgameplayh list bcombatb youre soldier like game youre journalist like outlast youre normal guy lay pipe breplayabilityb fairly high eight ending ng bcontrolsb slow design entering room rounding corner feel terrifying list hstory worldh list bpremiseb james sunderland arrives silent hill receiving letter wife who dead year follows descent guilt grief psychological torment bcharactersb character enemy well done every scene angela felt powerful bworldbuildingb silent hill life feel lonely atmosphere pull list hprogressionh list bableb yes seems worth ending give another piece puzzle blevelingb none youre really progressing james mind bgear toolsb flashlight radio gun pipe every item matter list hpresentationh list bvisualsb everything feel grotesque unique imagine playing og even better baudiob anxiety inducing amazing bperformanceb ran fine one cutscene dropped frame fps stream list hbonus bitsh list bmodsb sure needed bmultiplayerb none silent hill lonely experience bsteam deckb dont believe officially supported dont think youd get experience list,hsilent hill reviewh htldrh meta first entry silent hill series man masterpiece feel like perfect middleground resident evil outlast first playthrough hour felt amazing hgameplayh list bcombatb youre soldier like game youre journalist like outlast youre normal guy lay pipe breplayabilityb fairly high eight ending ng bcontrolsb slow design entering room rounding corner feel terrifying list hstory worldh list bpremiseb james sunderland arrives silent hill receiving letter wife who dead year follows descent guilt grief psychological torment bcharactersb character enemy well done every scene angela felt powerful bworldbuildingb silent hill life feel lonely atmosphere pull list hprogressionh list bableb yes seems worth ending give another piece puzzle blevelingb none youre really progressing james mind bgear toolsb flashlight radio gun pipe every item matter list hpresentationh list bvisualsb everything feel grotesque unique imagine playing og even better baudiob anxiety inducing amazing bperformanceb ran fine one cutscene dropped frame fps stream list hbonus bitsh list bmodsb sure needed bmultiplayerb none silent hill lonely experience bsteam deckb do not believe officially supported do not think youd get experience list
205495638,76561198363561163,387,32,1377,0,en,Please dont make me a pillow princess,1759176038,1759176038,True,0,0,0.5,True,False,please dont make pillow princess,please do not make pillow princess
205003810,76561198069784980,0,26,982,160,en,The remake we deserve.,1758600693,1758600693,True,0,0,0.5,True,False,remake deserve,remake deserve
205557534,76561198095232152,190,4,3904,0,en,Awesome remake! It's worth to own one,1759252356,1759252356,True,1,0,0.5185185670852661,True,False,awesome remake worth one,awesome remake worth one
206190525,76561198149352369,320,114,2051,1268,en,"""The thuth is... I wanted my life back"" 😭😭😭",1759930795,1759930795,True,0,0,0.5,True,False,thuth wanted life back,thuth wanted life back
206053598,76561198026224827,0,10,1054,0,en,JOGO INCRIVEL,1759770947,1759770947,True,0,0,0.5,False,False,jogo incrivel,jogo incrivel
205182302,76561199164198521,54,26,776,0,en,holy shit this is peak,1758822806,1758822806,True,0,0,0.5,False,False,holy shit peak,holy shit peak
204757562,76561198083673096,0,21,1548,0,en,top 5 oat,1758350211,1758350211,True,0,0,0.5,True,False,top oat,top oat
204810719,76561198271747325,0,14,2012,0,en,the goat,1758398494,1758398494,True,0,0,0.5,True,False,goat,goat
204731823,76561199060654127,135,3,1838,0,en,pretty scary,1758319631,1758319631,True,0,0,0.5,False,False,pretty scary,pretty scary
204714127,76561199180162676,104,28,404,0,en,top ++++ ,1758303927,1758303927,True,1,1,0.5238095521926879,False,False,top,top
206689125,76561199237328169,0,4,750,458,en,fire,1760419758,1760419758,True,0,0,0.5,True,False,fire,fire
205595212,76561199224350160,0,1,1296,0,en,honestly yea ,1759296063,1759296063,True,0,0,0.5,True,False,honestly yea,honestly yea
204938278,76561198988432077,79,23,1129,0,en,cool,1758537106,1758537106,True,0,0,0.5,True,False,cool,cool
205446953,76561198174664163,0,19,1282,64,en,I miss my wife,1759114100,1759114100,True,1,0,0.525547444820404,False,False,miss wife,miss wife
206436683,76561199046407789,0,1,2936,272,en,me love this,1760185122,1760185122,True,0,0,0.5,False,False,love,love
204816132,76561199590076922,0,1,2200,0,en,i see that town,1758403182,1758403182,True,0,0,0.5,True,False,see town,see town
206938833,76561198972606557,189,46,1532,737,en,holy peak,1760719882,1760719882,True,2,0,0.5454545617103576,False,False,holy peak,holy peak
205909454,76561199069887432,107,22,1118,0,en,Cine,1759628816,1759628816,True,1,0,0.5238095521926879,True,False,cine,cine
205926945,76561198040958392,2534,18,1620,0,en,"Absolute disaster.   [spoiler] Action that feels borderline mocking of the original. UE5 stutter. Disgraceful looking character models and shameful redesigns; Angela being a complete laughingstock with each and every appearance. Missing bits storytelling integral to the character of James (i.e. “Liquor bottles. I don't need that right now.”) and of course others. Misinterpretation of scene direction. Subtlety as a whole was abandoned, smothered and butchered. Airy, slow, breathy Troy Baker-esque voice acting galore that becomes insufferable to listen. Mindless idiot design of breaking walls repeatedly 5 thousand times and yellow paint nonsense. 2-3x the length of the original making for an exhausting slog to sit through— modern day game design, where pacing is not an existing word within the mental dictionary of the designers or players lacking self-respect. Only 3 enemy types that you are more likely/inclined to kill a thousand times more than the original because of its heavy action based design. Awful third person combat melee with silly hyper action i-frame dodging. Clunky, generic Last of Us style of gameplay (it sucked in those games, too). No Born from a Wish scenario. [/spoiler]",1759649982,1759650119,False,3,1,0.4631268382072448,False,False,absolute disaster spoiler action feel borderline mocking original ue stutter disgraceful looking character model shameful redesigns angela complete laughingstock every appearance missing bit storytelling integral character james ie liquor bottle dont need right course others misinterpretation scene direction subtlety whole abandoned smothered butchered airy slow breathy troy bakeresque voice acting galore becomes insufferable listen mindless idiot design breaking wall repeatedly thousand time yellow paint nonsense x length original making exhausting slog sit modern day game design pacing existing word within mental dictionary designer player lacking selfrespect enemy type likelyinclined kill thousand time original heavy action based design awful third person combat melee silly hyper action iframe dodging clunky generic last u style gameplay sucked game born wish scenario spoiler,absolute disaster spoiler action feel borderline mocking original ue stutter disgraceful looking character model shameful redesigns angela complete laughingstock every appearance missing bit storytelling integral character james ie liquor bottle do not need right course others misinterpretation scene direction subtlety whole abandoned smothered butchered airy slow breathy troy bakeresque voice acting galore becomes insufferable listen mindless idiot design breaking wall repeatedly thousand time yellow paint nonsense x length original making exhausting slog sit modern day game design pacing existing word within mental dictionary designer player lacking selfrespect enemy type likelyinclined kill thousand time original heavy action based design awful third person combat melee silly hyper action iframe dodging clunky generic last you style gameplay sucked game born wish scenario spoiler
205922753,76561198005686691,0,2,454,113,en,"I am a huge fan of the original and this one is a faithful, and frankly, amazing tribute to the original. The slight variation in dialogue between James and the other NPCs adds so much more depth to their character. The atmosphere is amazing and does a good job creating that tension that was so present in the original. Then comes the added detail to the environment and to the spaces you explore. I couldn't have asked for a better remake. If you're a SH fan, definitely worth a play through. Can't wait for SH1 remake.",1759645001,1759645001,True,0,0,0.5,True,False,huge fan original one faithful frankly amazing tribute original slight variation dialogue james npc add much depth character atmosphere amazing good job creating tension present original come added detail environment space explore couldnt asked better remake youre sh fan definitely worth play cant wait sh remake,huge fan original one faithful frankly amazing tribute original slight variation dialogue james npc add much depth character atmosphere amazing good job creating tension present original come added detail environment space explore couldnt asked better remake youre sh fan definitely worth play cannot wait sh remake
203635739,76561198174755803,0,20,2592,0,en,"Silent Hill 2 - and really the entire franchise - is a unique experience in gaming. When I played the original back in my school years, I felt hopelessness, deep sorrow, and fear. For me, it was the scariest game ever – it didn’t frighten me with jump scares, but with its suffocating atmosphere. Twenty years have passed, and nothing has changed.   The remake crushes you with that same atmosphere from start to finish, carried by the legendary soundtrack of Akira Yamaoka. This is the only game where it feels literally uncomfortable to be there. You want to turn it off, to escape from it - and that is exactly where Bloober succeeded brilliantly.   Yes, there are plenty of excellent survival horrors - Alan Wake 2, Resident Evil 2, 4, 7, 8 - but only in Silent Hill 2 will you feel this. And that’s why the game remains one of a kind.   It’s also unique because of its story - so personal, so intimate for each of its characters: James, Angela, Eddie. If you love narratives rich with psychological depth, this is your game.   And for those who played the original, Bloober prepared surprises: Glimpses of the Past that reference specific moments, scenes, or items from the original game and two completely new endings. Both are worthy of the original, and one of them is so powerful it gives you chills – and you even think, “Yes, this might be the best ending for James.”   An unforgettable game. A unique survival horror. A one-of-a-kind experience that gets under your skin and never lets go.",1757103714,1757110335,True,118,2,0.8846732378005981,True,False,silent hill really entire franchise unique experience gaming played original back school year felt hopelessness deep sorrow fear scariest game ever didnt frighten jump scare suffocating atmosphere twenty year passed nothing changed remake crush atmosphere start finish carried legendary soundtrack akira yamaoka game feel literally uncomfortable want turn escape exactly bloober succeeded brilliantly yes plenty excellent survival horror alan wake resident evil silent hill feel thats game remains one kind also unique story personal intimate character james angela eddie love narrative rich psychological depth game played original bloober prepared surprise glimpse past reference specific moment scene item original game two completely new ending worthy original one powerful give chill even think yes might best ending james unforgettable game unique survival horror oneofakind experience get skin never let go,silent hill really entire franchise unique experience gaming played original back school year felt hopelessness deep sorrow fear scariest game ever didnt frighten jump scare suffocating atmosphere twenty year passed nothing changed remake crush atmosphere start finish carried legendary soundtrack akira yamaoka game feel literally uncomfortable want turn escape exactly bloober succeeded brilliantly yes plenty excellent survival horror alan wake resident evil silent hill feel thats game remains one kind also unique story personal intimate character james angela eddie love narrative rich psychological depth game played original bloober prepared surprise glimpse past reference specific moment scene item original game two completely new ending worthy original one powerful give chill even think yes might best ending james unforgettable game unique survival horror oneofakind experience get skin never let go
201647046,76561198973166532,199,22,2383,0,en,"I just cannot get this game out of my head, unforgettable experience  Thank you for not ruining the charm of the original game and even enhance some parts of it, 9.5 (performance and could make some parts a bit shorter, but the good outweighs this much more)",1754585178,1754585178,True,99,2,0.8517538905143737,True,False,get game head unforgettable experience thank ruining charm original game even enhance part performance could make part bit shorter good outweighs much,get game head unforgettable experience thank ruining charm original game even enhance part performance could make part bit shorter good outweighs much
203309572,76561198201399737,523,4,938,0,en,"An extremely wholesome game about a man who really loves his family. You'll laugh and cry and really ponder what Silent Hill truly represents, which is serenity. To get the most out of this mesmerizing experience, be sure to play late at night with a good pair of headphones. Good luck.",1756719297,1756719297,True,70,39,0.8383803963661193,True,False,extremely wholesome game man really love family youll laugh cry really ponder silent hill truly represents serenity get mesmerizing experience sure play late night good pair headphone good luck,extremely wholesome game man really love family youll laugh cry really ponder silent hill truly represents serenity get mesmerizing experience sure play late night good pair headphone good luck
202240361,76561199493304991,78,6,2267,0,en,"In my restless dreams, I see that town, Silent Hill. Absloute Masterpiece.  can't wait for silent hill 1 remake :)",1755339502,1755339502,True,54,0,0.7856585383415222,True,False,restless dream see town silent hill absloute masterpiece cant wait silent hill remake,restless dream see town silent hill absloute masterpiece cannot wait silent hill remake
202032995,76561198165364935,882,181,1062,0,en,"a mans journey through his own personal hell dictated by guilt, grief, lust and punishment. For a first time player I thought it was a great experience, confusing af but great none the less",1755078058,1755078058,True,57,0,0.7825312614440917,True,False,man journey personal hell dictated guilt grief lust punishment first time player thought great experience confusing af great none less,man journey personal hell dictated guilt grief lust punishment first time player thought great experience confusing af great none less
204109295,76561198401230618,154,51,2057,0,en,"This game was absolutely perfect and without a doubt the scariest I have ever played. I grew up with horror games and have played countless titles over the years, yet nothing has unsettled me quite like this. Since I never had the chance to play the original Silent Hill 2, this remake was a completely fresh experience for me, and I truly could not have enjoyed it more.",1757624299,1757624299,True,39,1,0.7758007049560546,False,False,game absolutely perfect without doubt scariest ever played grew horror game played countless title year yet nothing unsettled quite like since never chance play original silent hill remake completely fresh experience truly could enjoyed,game absolutely perfect without doubt scariest ever played grew horror game played countless title year yet nothing unsettled quite like since never chance play original silent hill remake completely fresh experience truly could enjoyed
201529757,76561199110181632,65,4,1881,0,en,The game is really good but I hate Unreal Engine 5 Also if you have bad performance go to properties and type -dx12 in advanced startup,1754428554,1754698988,True,41,0,0.7534624338150024,False,False,game really good hate unreal engine also bad performance go property type dx advanced startup,game really good hate unreal engine also bad performance go property type dx advanced startup
203792607,76561198845672640,0,32,2578,0,en,"No game nails atmosphere quite like Silent Hill 2. The suffocating fog, the crushing darkness, and the unnerving sound design wrap around you like a nightmare you can’t wake up from. Akira Yamaoka’s soundtrack is unforgettable—soft, sorrowful piano one moment, grinding industrial noise the next—always pulling you deeper into unease. Silent Hill doesn’t just look alive; it feels alive, as if the entire town is breathing down James’ neck.",1757251212,1757251212,True,33,0,0.7323388457298278,True,False,game nail atmosphere quite like silent hill suffocating fog crushing darkness unnerving sound design wrap around like nightmare cant wake akira yamaokas soundtrack unforgettablesoft sorrowful piano one moment grinding industrial noise nextalways pulling deeper unease silent hill doesnt look alive feel alive entire town breathing james neck,game nail atmosphere quite like silent hill suffocating fog crushing darkness unnerving sound design wrap around like nightmare cannot wake akira yamaokas soundtrack unforgettablesoft sorrowful piano one moment grinding industrial noise nextalways pulling deeper unease silent hill doesnt look alive feel alive entire town breathing james neck
205755865,76561198014219099,425,393,930,0,en,"📝 English review below / Reseña en inglés más abajo  ⸻  🔶 El terror más profundo no viene de afuera, viene de adentro.  ⸻  📝 RESEÑA EN ESPAÑOL  Voy a contar un poco mi historia con este juego. La primera vez que lo jugué fue en la década de los 2000, cuando todavía no llegaba a los 15 años. No logré pasar ni un tercio porque me daba demasiado miedo, así que terminé abandonándolo.  Hoy, muchos años después, me doy cuenta de algo más fuerte: no solo no lo iba a terminar, sino que tampoco lo iba a entender. Este Silent Hill no se limita a dar miedo con monstruos o escenarios oscuros, sino que toca el verdadero terror: el que genera nuestra propia mente. Habla de traumas, de culpas, de rencores… y nos muestra que la batalla más grande es contra nosotros mismos.  Como decía Carl Jung con el concepto de la sombra, este juego nos enfrenta con esa parte oscura de nuestra psique que escondemos por miedo. En ese sentido, Silent Hill 2 Remake es tan realista como perturbador: no se trata solo de sobrevivir, sino de mirarnos en un espejo incómodo.  Lo recomiendo a quienes estén preparados para algo más que un survival horror. Porque puede ayudarnos a ser más sinceros con nosotros mismos y, en consecuencia, también con los demás.  ⸻  ✅ Puntos positivos: • Una historia profunda y psicológica. • Terror que trasciende lo superficial. • Personajes y atmósfera que dejan huella. • Excelente reinterpretación en el remake.  ❌ Puntos negativos: • No es para cualquiera: puede ser demasiado perturbador. • Jugabilidad que en algunos momentos se siente pesada. • Exige estar en el “estado mental” correcto para apreciarlo.  ⸻  🎯 Conclusión:  Más que un juego de terror, es un viaje a lo más oscuro de la mente humana. Silent Hill 2 Remake no solo asusta: confronta, incomoda y deja pensando. Una experiencia única para quienes se animen a mirarse dentro.  🔸 PUNTUACIÓN FINAL: 9/10 El miedo más real es el que llevamos dentro.  ⸻  📝 REVIEW IN ENGLISH  🔶 The deepest fear doesn’t come from the outside — it comes from within.  ⸻  Let me share a bit of my story with this game. The first time I played it was back in the 2000s, when I was under 15 years old. I couldn’t get past even a third of the game because it scared me so much, so I abandoned it.  Today, looking back as an adult, I realize something bigger: not only was I not going to finish it, I wasn’t even going to understand it. This Silent Hill doesn’t just scare with monsters or dark environments — it dives into the fear created by our own minds. It’s about trauma, guilt, resentment… and it shows us that the greatest battle is against ourselves.  As Carl Jung described with the concept of the shadow, this game confronts us with the darkest part of our psyche that we hide out of fear. In that sense, Silent Hill 2 Remake is as realistic as it is disturbing: it’s not just about surviving, it’s about facing an uncomfortable reflection.  I recommend it to those who are ready for something deeper than a survival horror. It can genuinely help us treat ourselves — and others — more sincerely.  ⸻  ✅ Pros: • Deep, psychological storytelling. • Fear that goes beyond the superficial. • Memorable characters and atmosphere. • Strong reinterpretation in the remake.  ❌ Cons: • Not for everyone: can be too disturbing. • Gameplay can feel heavy at times. • Requires the right mental state to fully appreciate.  ⸻  🎯 Conclusion:  More than a horror game, it’s a journey into the darkest corners of the human mind. Silent Hill 2 Remake doesn’t just scare — it confronts, unsettles, and lingers. A unique experience for those brave enough to look within.  🔸 FINAL SCORE: 9/10 The scariest fear is the one we carry inside.",1759482003,1759482003,True,1,0,0.4979253411293029,False,False,english review resea en ingls m abajo el terror m profundo viene de afuera viene de adentro resea en espaol voy contar un poco mi historia con este juego la primera vez que lo jugu fue en la dcada de los cuando todava llegaba los aos logr pasar ni un tercio porque daba demasiado miedo que termin abandonndolo hoy muchos aos despus doy cuenta de algo m fuerte solo lo iba terminar sino que tampoco lo iba entender este silent hill se limita dar miedo con monstruos escenarios oscuros sino que toca el verdadero terror el que genus nuestra propia mente habla de trauma de culpas de rencores no muestra que la batalla m grande e contra nosotros mismos como deca carl jung con el concepto de la sombra este juego no enfrenta con esa parte oscura de nuestra psique que escondemos por miedo en ese sentido silent hill remake e tan realista como perturbador se trata solo de sobrevivir sino de mirarnos en un espejo incmodo lo recomiendo quienes estn preparados para algo m que un survival horror porque puede ayudarnos ser m sinceros con nosotros mismos en consecuencia tambin con los dems puntos positivos una historia profunda psicolgica terror que trasciende lo superficial personajes atmsfera que dejan huella excelente reinterpretacin en el remake puntos negativos e para cualquiera puede ser demasiado perturbador jugabilidad que en algunos momentos se siente pesada exige estar en el estado mental correcto para apreciarlo conclusin m que un juego de terror e un viaje lo m oscuro de la mente humana silent hill remake solo asusta confronta incomoda deja pensando una experiencia nica para quienes se animen mirarse dentro puntuacin final el miedo m real e el que llevamos dentro review english deepest fear doesnt come outside come within let share bit story game first time played back year old couldnt get past even third game scared much abandoned today looking back adult realize something bigger going finish wasnt even going understand silent hill doesnt scare monster dark environment dive fear created mind trauma guilt resentment show u greatest battle carl jung described concept shadow game confronts u darkest part psyche hide fear sense silent hill remake realistic disturbing surviving facing uncomfortable reflection recommend ready something deeper survival horror genuinely help u treat others sincerely pro deep psychological storytelling fear go beyond superficial memorable character atmosphere strong reinterpretation remake con everyone disturbing gameplay feel heavy time requires right mental state fully appreciate conclusion horror game journey darkest corner human mind silent hill remake doesnt scare confronts unsettles lingers unique experience brave enough look within final score scariest fear one carry inside,english review resea en ingls m abajo el terror m profundo viene de afuera viene de adentro resea en espaol voy contar un poco mi historia con este juego la primera vez que lo jugu fue en la dcada de los cuando todava llegaba los aos logr pasar ni un tercio porque daba demasiado miedo que termin abandonndolo hoy muchos aos despus doy cuenta de algo m fuerte solo lo iba terminar sino que tampoco lo iba entender este silent hill se limita dar miedo con monstruos escenarios oscuros sino que toca el verdadero terror el que genus nuestra propia mente habla de trauma de culpas de rencores no muestra que la batalla m grande e contra nosotros mismos como deca carl jung con el concepto de la sombra este juego no enfrenta con esa parte oscura de nuestra psique que escondemos por miedo en ese sentido silent hill remake e tan realista como perturbador se trata solo de sobrevivir sino de mirarnos en un espejo incmodo lo recomiendo quienes estn preparados para algo m que un survival horror porque puede ayudarnos ser m sinceros con nosotros mismos en consecuencia tambin con los dems puntos positivos una historia profunda psicolgica terror que trasciende lo superficial personajes atmsfera que dejan huella excelente reinterpretacin en el remake puntos negativos e para cualquiera puede ser demasiado perturbador jugabilidad que en algunos momentos se siente pesada exige estar en el estado mental correcto para apreciarlo conclusin m que un juego de terror e un viaje lo m oscuro de la mente humana silent hill remake solo asusta confronta incomoda deja pensando una experiencia nica para quienes se animen mirarse dentro puntuacin final el miedo m real e el que llevamos dentro review english deepest fear doesnt come outside come within let share bit story game first time played back year old couldnt get past even third game scared much abandoned today looking back adult realize something bigger going finish wasnt even going understand silent hill doesnt scare monster dark environment dive fear created mind trauma guilt resentment show you greatest battle carl jung described concept shadow game confronts you darkest part psyche hide fear sense silent hill remake realistic disturbing surviving facing uncomfortable reflection recommend ready something deeper survival horror genuinely help you treat others sincerely pro deep psychological storytelling fear go beyond superficial memorable character atmosphere strong reinterpretation remake con everyone disturbing gameplay feel heavy time requires right mental state fully appreciate conclusion horror game journey darkest corner human mind silent hill remake doesnt scare confronts unsettles lingers unique experience brave enough look within final score scariest fear one carry inside
205366201,76561199546194242,55,10,1233,0,en,"Silent hill de modo geral, é uma franquia que conheço e gosto desde a minha infância, sendo para mim a melhor franquia de games, e o 2 foi minha porta de entrada para a franquia, sendo para mim um dos melhores games que já tive o prazer de zerar. Minha primeira oportunidade de zerar foi em 2017, a franquia já estava ""morta"", mas mesmo assim foi uma das minhas maiores obeseçoes, jogar todos os games, ler tudo que é possível do game, e considero uma franquia que nunca vai ser batida por qualquer outra.  Questão de personagens e sua caracterizações, a Ângela foi a melhor no game original já era no remake mais ainda, Maria não tenho muito oque comentar sobre ela, Laura melhorou, Eddie no começo não gostei muito dele, gostava do personagem no original e achava ele de certo modo patético, mas entendia o motivo aqui a princípio era apenas patético, mas chegando na prisão mudei completamente minha opinião, James gostei muito, ele continua caladão como ele deve ser e era no original, mas aqui sinto ele mais humano e melhor, e por fim, Mary, mas Mary e a Mary não tem como não gostar dela.  Questão do combate gostei em partes a Mannequim é realmente oque ela representa não tem como rejeitar a realidade é um bicho insuportável, Nurse eu gostei do moveset dela, Pyramid Head ele é ele foda demais, Abstract Daddy apenas nojento e repugnante, Flesh Lips questão de modelo e significado esse é um dos melhores, Mandarins chato para um krl, Mary Boss bos bom e com muito significado para a trama.   Trilha sonora espetacular como a de todos silent hill, nada a reclamar, o thema da Laura não tem igual, lindo.  E por fim, foi um jogasso, confesso que algumas me deixaram meio pá por questão de algumas mudanças, mas nada dms, 100/100, mas o original continua sendo bem superior em tudo, confesso que possa ser um certo saudosismo da minha parte, mas é um bom game.  Único paia que peguei que para mim é um dos piores finais, vsfd.  ""In my restless dreams, I see that town.  Silent Hill.  You promised me you'd take me there again someday. But you never did.  Well, I'm alone there now... In our 'special place'... Waiting for you...  Waiting for you to come to see me.  But you never do.  And so I wait, wrapped in my cocoon of pain and loneliness.  I know I've done a terrible thing to you. Something you'll never forgive me for.  I wish I could change that, but I can't.  I feel so pathetic and ugly laying here, waiting for you...  Every day I stare up at the cracks in the ceiling and all I can think about is how unfair it all is...  The doctor came today. He told me I could go home for a short stay.  It’s not that I'm getting better. It’s just that this may be my last chance...  I think you know what I mean...  Even so, I'm glad to be coming home. I've missed you terribly.  But I'm afraid, James. I'm afraid you don't really want me to come home.  Whenever you come see me, I can tell how hard it is on you...  I don't know if you hate me or pity me... Or maybe I just disgust you...  I'm sorry about that.  When I first learned that I was going to die, I just didn't want to accept it.  I was so angry all the time and I struck out at everyone I loved most. Especially you, James.  That's why I understand if you do hate me.  But I want you to know this, James.  I'll always love you.  Even though our life together had to end like this, I still wouldn't trade it for the world. We had some wonderful years together.  Well, this letter has gone on too long, so I'll say goodbye.  I told the nurse to give this to you after I'm gone.  That means that as you read this, I'm already dead.  I can't tell you to remember me, but I can't bear for you to forget me.  These last few years since I became ill... I'm so sorry for what I did to you, did to us...  You've given me so much and I haven't been able to return a single thing.  That's why I want you to live for yourself now. Do what's best for you, James.  James...  You made me happy.""",1759026630,1759026630,True,2,0,0.5454545617103576,False,False,silent hill de modo geral uma franquia que conheo e gosto desde minha infncia sendo para mim melhor franquia de game e foi minha porta de entrada para franquia sendo para mim um do melhores game que j tive prazer de zerar minha primeira oportunidade de zerar foi em franquia j estava morta ma mesmo assim foi uma da minhas maiores obeseoes jogar todos o game ler tudo que possvel game e considero uma franquia que nunca vai ser batida por qualquer outra questo de personagens e sua caracterizaes ngela foi melhor game original j era remake mais ainda maria tenho muito oque comentar sobre ela laura melhorou eddie comeo gostei muito dele gostava personagem original e achava ele de certo modo pattico ma entendia motivo aqui princpio era apenas pattico ma chegando na priso mudei completamente minha opinio james gostei muito ele continuum calado como ele deve ser e era original ma aqui sinto ele mais humano e melhor e por fim mary ma mary e mary tem como gostar dela questo combate gostei em partes mannequim realmente oque ela representa tem como rejeitar realidade um bicho insuportvel nurse eu gostei moveset dela pyramid head ele ele foda demais abstract daddy apenas nojento e repugnante flesh lip questo de modelo e significado esse um do melhores mandarin chato para um krl mary bos bos bom e com muito significado para trama trilha sonora espetacular como de todos silent hill nada reclamar thema da laura tem igual lindo e por fim foi um jogasso confesso que algumas deixaram meio p por questo de algumas mudanas ma nada dm ma original continuum sendo bem superior em tudo confesso que possa ser um certo saudosismo da minha parte ma um bom game nico paia que peguei que para mim um do piores finais vsfd restless dream see town silent hill promised youd take someday never well im alone special place waiting waiting come see never wait wrapped cocoon pain loneliness know ive done terrible thing something youll never forgive wish could change cant feel pathetic ugly laying waiting every day stare crack ceiling think unfair doctor came today told could go home short stay im getting better may last chance think know mean even im glad coming home ive missed terribly im afraid james im afraid dont really want come home whenever come see tell hard dont know hate pity maybe disgust im sorry first learned going die didnt want accept angry time struck everyone loved especially james thats understand hate want know james ill always love even though life together end like still wouldnt trade world wonderful year together well letter gone long ill say goodbye told nurse give im gone mean read im already dead cant tell remember cant bear forget last year since became ill im sorry u youve given much havent able return single thing thats want live whats best james james made happy,silent hill de modo geral uma franquia que conheo e gosto desde minha infncia sendo para mim melhor franquia de game e foi minha porta de entrada para franquia sendo para mim um do melhores game que j tive prazer de zerar minha primeira oportunidade de zerar foi em franquia j estava morta ma mesmo assim foi uma da minhas maiores obeseoes jogar todos o game ler tudo que possvel game e considero uma franquia que nunca vai ser batida por qualquer outra questo de personagens e sua caracterizaes ngela foi melhor game original j era remake mais ainda maria tenho muito oque comentar sobre ela laura melhorou eddie comeo gostei muito dele gostava personagem original e achava ele de certo modo pattico ma entendia motivo aqui princpio era apenas pattico ma chegando na priso mudei completamente minha opinio james gostei muito ele continuum calado como ele deve ser e era original ma aqui sinto ele mais humano e melhor e por fim mary ma mary e mary tem como gostar dela questo combate gostei em partes mannequim realmente oque ela representa tem como rejeitar realidade um bicho insuportvel nurse eu gostei moveset dela pyramid head ele ele foda demais abstract daddy apenas nojento e repugnante flesh lip questo de modelo e significado esse um do melhores mandarin chato para um krl mary bos bos bom e com muito significado para trama trilha sonora espetacular como de todos silent hill nada reclamar thema da laura tem igual lindo e por fim foi um jogasso confesso que algumas deixaram meio p por questo de algumas mudanas ma nada dm ma original continuum sendo bem superior em tudo confesso que possa ser um certo saudosismo da minha parte ma um bom game nico paia que peguei que para mim um do piores finais vsfd restless dream see town silent hill promised youd take someday never well i am alone special place waiting waiting come see never wait wrapped cocoon pain loneliness know i have done terrible thing something youll never forgive wish could change cannot feel pathetic ugly laying waiting every day stare crack ceiling think unfair doctor came today told could go home short stay i am getting better may last chance think know mean even i am glad coming home i have missed terribly i am afraid james i am afraid do not really want come home whenever come see tell hard do not know hate pity maybe disgust i am sorry first learned going die didnt want accept angry time struck everyone loved especially james thats understand hate want know james ill always love even though life together end like still wouldnt trade world wonderful year together well letter gone long ill say goodbye told nurse give i am gone mean read i am already dead cannot tell remember cannot bear forget last year since became ill i am sorry you youve given much havent able return single thing thats want live whats best james james made happy
204856717,76561198273639974,59,11,1061,0,en,"9/10 will play again, and again.",1758449719,1758449719,True,0,0,0.5,False,False,play,play
206960153,76561198857732288,276,22,250,106,en,30 fps cutscenes is LAME,1760739614,1760739614,True,1,0,0.4988485276699066,True,False,fps cutscenes lame,fps cutscenes lame
205196113,76561198031756022,0,12,2105,0,en,Favorite horror game,1758835830,1758835830,True,1,0,0.5238095521926879,True,False,favorite horror game,favorite horror game
205140226,76561198328896196,97,18,995,0,en,he jamesing on my sunderland,1758770448,1758770448,True,0,0,0.5,True,False,jamesing sunderland,jamesing sunderland
205026724,76561199802440611,9,1,1858,0,en,"no,he’ll never leave ..",1758633407,1758633407,True,2,0,0.5256428122520446,True,False,nohell never leave,nohell never leave
205336452,76561199556944326,0,3,1419,116,en,muy top,1758995465,1758995465,True,0,0,0.5,True,False,muy top,muy top
207064630,76561198342653628,0,9,202,1,en,"Masterpiece, never have I played horror game like this before, atmosphere, level designs, music, tone of complete game is what made it one of for sure top 5 games ever played for me. Its a must buy",1760850805,1760850805,True,0,0,0.5,True,False,masterpiece never played horror game like atmosphere level design music tone complete game made one sure top game ever played must buy,masterpiece never played horror game like atmosphere level design music tone complete game made one sure top game ever played must buy
206860765,76561199003133187,49,4,995,835,en,"Very immersive, great storytelling in details",1760628464,1760628464,True,0,0,0.5,False,False,immersive great storytelling detail,immersive great storytelling detail
205273049,76561198006388674,0,12,1455,0,en,An absolute once in a lifetime experience.,1758926760,1758926760,True,0,0,0.5,True,False,absolute lifetime experience,absolute lifetime experience
205746360,76561198375278526,29,9,1264,137,en,top 3 games i've ever played for sure,1759468898,1759468898,True,0,0,0.5,True,False,top game ive ever played sure,top game i have ever played sure
205286718,76561198067096970,82,3,1647,101,en,10/10 killed my wife,1758944142,1758944142,True,1,0,0.4979253411293029,False,False,killed wife,killed wife
206355605,76561199081608912,0,5,529,0,en,Will you wait for me,1760117837,1760117837,True,0,0,0.5,True,False,wait,wait
206748361,76561198133015317,144,22,446,407,en,THIS SHIT SCARY AS FUCK.,1760484742,1760484742,True,0,0,0.5,False,False,shit scary fuck,shit scary fuck
