recommendationid,author_steamid,author_num_games_owned,author_num_reviews,author_playtime_forever,author_playtime_last_two_weeks,language,review,timestamp_created,timestamp_updated,voted_up,votes_up,votes_funny,weighted_vote_score,steam_purchase,received_for_free,review_cleaned,review_normalized
206312096,76561198039027057,4621,100,1273,0,en,"It's the town I name ALL my towns after when a game lets you name a city/farm/town. A true legacy here! Beautiful, subtle horror, my favorite kind. This game put me on the path to horror I liked verses horror I did not. Silent Hill teaches you about yourself! I had such a creeping sense of dread while playing.. I could not wait to get to the next bit with a PERSON, and the game does a masterful job of revealing just enough to keep you excited for the next meeting. And you will WORK FOR IT because there are so many puzzles, and creepy monsters between you & the story. But it's worth it, even if you know the ending(s) it still packs a punch. I liked this new James better, but the ladies were hotter in the original, it's true! We knew how to make some real hotsie totsies back in the day! Once you get your chosen ending, respect for those who go back for the others - I just looked them up online and they're all amazing! I wish I had the fortitude to get the DOG ending, but there's just so much to play. Love this, very scary, traumatizing, it'll make you think about it FOR DECADES after it ends. Rest easy, sweet Silent Hill.",1760072733,1760072753,True,38,0,0.7649676203727722,False,False,town name town game let name cityfarmtown true legacy beautiful subtle horror favorite kind game put path horror liked verse horror silent hill teach creeping sense dread playing could wait get next bit person game masterful job revealing enough keep excited next meeting work many puzzle creepy monster story worth even know ending still pack punch liked new james better lady hotter original true knew make real hotsie totsies back day get chosen ending respect go back others looked online theyre amazing wish fortitude get dog ending there much play love scary traumatizing itll make think decade end rest easy sweet silent hill,town name town game let name cityfarmtown true legacy beautiful subtle horror favorite kind game put path horror liked verse horror silent hill teach creeping sense dread playing could wait get next bit person game masterful job revealing enough keep excited next meeting work many puzzle creepy monster story worth even know ending still pack punch liked new james better lady hotter original true knew make real hotsie totsies back day get chosen ending respect go back others looked online theyre amazing wish fortitude get dog ending there much play love scary traumatizing itll make think decade end rest easy sweet silent hill
207580306,76561198438824718,177,9,2655,2514,en,"This was my first time playing a Silent Hill game, and it was without a doubt one of the best survival horror experiences I’ve ever had. I was really fascinated, the story had so many details it was almost overwhelming, and there were many moments when I truly felt scared. I’m really happy about it, and I’ll keep playing more Silent Hill games. Special thanks to Hearse Boy and Kozu for recommending it, and to Onix and Cerber for explaining more about the game. ╰(*°▽°*)╯",1761423721,1761423721,True,13,0,0.6877745985984802,False,False,first time playing silent hill game without doubt one best survival horror experience ive ever really fascinated story many detail almost overwhelming many moment truly felt scared im really happy ill keep playing silent hill game special thanks hearse boy kozu recommending onix cerber explaining game,first time playing silent hill game without doubt one best survival horror experience i have ever really fascinated story many detail almost overwhelming many moment truly felt scared i am really happy ill keep playing silent hill game special thanks hearse boy kozu recommending onix cerber explaining game
207736859,76561198052128124,850,52,3163,2380,en,"Even decades later, the atmosphere, storytelling, and symbolism put most modern horror games to shame. If you want horror with heart, depth, and genuine dread — this is it.  ⭐ 10/10 – Welcome back to Silent Hill.",1761591528,1761591528,True,18,0,0.7225341796875,False,False,even decade later atmosphere storytelling symbolism put modern horror game shame want horror heart depth genuine dread welcome back silent hill,even decade later atmosphere storytelling symbolism put modern horror game shame want horror heart depth genuine dread welcome back silent hill
206953266,76561198958647687,69,7,1836,147,en,"It is the first game that i replayed right after the first playthrough. I didn't play original, but saw same comparison and wow, what i beautifull remake. I thought that my second run will be less scary, but i was absolute wrong. It is even scarier knowing all the story and how it ends. Thanks to Bloober Team for this remake, we see that passion and tribute to the original one",1760732714,1760732714,True,11,0,0.6154593229293823,True,False,first game replayed right first playthrough didnt play original saw comparison wow beautifull remake thought second run less scary absolute wrong even scarier knowing story end thanks bloober team remake see passion tribute original one,first game replayed right first playthrough didnt play original saw comparison wow beautifull remake thought second run less scary absolute wrong even scarier knowing story end thanks bloober team remake see passion tribute original one
206652635,76561199218848837,0,4,955,0,en,playing the game spoiler free and experiencing this story for the first time is definitely worth the price. highly recommend it to anyone that has not played Silent Hill before,1760379165,1760379165,True,6,0,0.602079689502716,True,False,playing game spoiler free experiencing story first time definitely worth price highly recommend anyone played silent hill,playing game spoiler free experiencing story first time definitely worth price highly recommend anyone played silent hill
205720505,76561198099274185,1909,321,1345,0,en,"Pretty good. Graphics, gameplay and voice are all great. Faithful to OG. But, it has some severe bugs and performance problems that can stop you from progressing.",1759436584,1760562355,True,8,0,0.6005852222442626,False,False,pretty good graphic gameplay voice great faithful og severe bug performance problem stop progressing,pretty good graphic gameplay voice great faithful og severe bug performance problem stop progressing
206210737,76561199181527357,205,11,2745,0,en,a HOOD classic! also bloober killed it on the remake can't wait to see how they tackle silent hill 1.,1759949635,1759949635,True,11,0,0.5910062789916992,True,False,hood classic also bloober killed remake cant wait see tackle silent hill,hood classic also bloober killed remake cannot wait see tackle silent hill
206213508,76561198027102438,1363,164,1417,0,en,"In short - Awesome, awesome, awesome remake to the awesome SH classing, and finally some breathe of life to the franchise.   ✅ Pros + Bloober Team respects original source material and enhances it greatly. + This has everything that made SH2 great and improving pretty much everything that can be improved without hurting the original magic: Better combat, better graphics, better voice acting, awesome soundtrack + Great scared, eerie tone and psychological fear + Can easily be a strong entry point for newbies to Silent Hill or survival horror games. + Difficulty feels fair and balanced while still challenging, on Normal (Action\Puzzles) + There's puzzles difficultly and combat difficulty, yay!  ⚖️ If that's your thing: +/- Classic Survival Horror games can at many times feel like closed doors simulator, and the remake doesn't so anything to change this (Which I personally didn't expect or mind) +/- Combat is greatly improved but still feels clunky, in a genre-fitting way I believe +/- Linear and relatively short (As pretty much most SH games)  ❌ Cons None!   Longer version no one reads:  I'm finishing this game with a sigh of relief, as looks like at least for the time being, Silent Hill is back on track.  After having played and loved almost all main Silent Hill games (Besides Downpour, on which I didn't get my hands on yet) (And yeah, I loved even Homecoming!), Seemed Silent Hill went dead forever, and then we got.... Well, Silent Hill Ascension, which was.... Ugh, let's not get into it. But then we got THIS.  I was expecting the remake for a long time, and having also played and enjoyed The Medium by Bloober I also had faith they'd do a good job, but still had doubts as their previous games weren't so much action oriented.  I guess making a remake is somewhat easier in that case as they didn't have to create something completely anew but more of re-doing some already existing powerful source material. While I'm not that hardcore fan which completed every SH 20 times - I've only completed the original once, and that was many years ago, so I cannot point out all the differences etc. Still in my honest opinion, I feel Bloober did a perfect job in this one - much respect to the source material, they're really managed to capture the magic and horror of the original game, preserving what worked and improving everything that could be improved - The soundtrack remains loyal to the original with some musical overhaul from time to time (which I liked). The new voice overs work well and capture the eeriness and weirdness of the original characters. Graphics are obviously overhauled and look modern and pretty darn good (and scary!). Script and story remained mostly (if not completely) the same as far as I can remember, which is a good thing. Combat is greatly improved and feels mostly great, while still keeping that survival-horror awkwardness (which some may feel is a ""bug"" and some a ""feature"", but I think it serves the game just right). I think some puzzles were replaced but I've enjoyed the whole experienced on Normal from beginning to an end. Quality of scares does not fall short from original game and there's just the right balance between jump scares and some freaking psychological fear (Oh and that damn limbs monster got me squeaking every time!)  I feel this game can also serve as a great entry point for newcomers to both Silent Hill and\or Survival Horror, this is truly a modern version capturing all the best things about Silent Hill, in my opinion. I can see why some might prefer a more Resident-Evil-ish direction when SH games can sometimes feel like closed doors simulator, but hey, isn't that part of Survival Horroring?  Already expecting to play Silent Hill F although not by same dev, but seems it's doing pretty well by the reviews, and mainly I'm very happy having some attention and actual resources going towards this series, and very hopeful we'll keep seeing some more quality stuff from the franchise (And I wouldn't mind another remake as well (=;  ) ",1759952303,1759952303,True,6,0,0.5844473242759703,True,False,short awesome awesome awesome remake awesome sh classing finally breathe life franchise pro bloober team respect original source material enhances greatly everything made sh great improving pretty much everything improved without hurting original magic better combat better graphic better voice acting awesome soundtrack great scared eerie tone psychological fear easily strong entry point newbie silent hill survival horror game difficulty feel fair balanced still challenging normal actionpuzzles there puzzle difficultly combat difficulty yay thats thing classic survival horror game many time feel like closed door simulator remake doesnt anything change personally didnt expect mind combat greatly improved still feel clunky genrefitting way believe linear relatively short pretty much sh game con none longer version one read im finishing game sigh relief look like least time silent hill back track played loved almost main silent hill game besides downpour didnt get hand yet yeah loved even homecoming seemed silent hill went dead forever got well silent hill ascension ugh let get got expecting remake long time also played enjoyed medium bloober also faith theyd good job still doubt previous game werent much action oriented guess making remake somewhat easier case didnt create something completely anew redoing already existing powerful source material im hardcore fan completed every sh time ive completed original many year ago point difference etc still honest opinion feel bloober perfect job one much respect source material theyre really managed capture magic horror original game preserving worked improving everything could improved soundtrack remains loyal original musical overhaul time time liked new voice over work well capture eeriness weirdness original character graphic obviously overhauled look modern pretty darn good scary script story remained mostly completely far remember good thing combat greatly improved feel mostly great still keeping survivalhorror awkwardness may feel bug feature think serf game right think puzzle replaced ive enjoyed whole experienced normal beginning end quality scare fall short original game there right balance jump scare freaking psychological fear oh damn limb monster got squeaking every time feel game also serve great entry point newcomer silent hill andor survival horror truly modern version capturing best thing silent hill opinion see might prefer residentevilish direction sh game sometimes feel like closed door simulator hey isnt part survival horroring already expecting play silent hill f although dev seems pretty well review mainly im happy attention actual resource going towards series hopeful well keep seeing quality stuff franchise wouldnt mind another remake well,short awesome awesome awesome remake awesome sh classing finally breathe life franchise pro bloober team respect original source material enhances greatly everything made sh great improving pretty much everything improved without hurting original magic better combat better graphic better voice acting awesome soundtrack great scared eerie tone psychological fear easily strong entry point newbie silent hill survival horror game difficulty feel fair balanced still challenging normal actionpuzzles there puzzle difficultly combat difficulty yay thats thing classic survival horror game many time feel like closed door simulator remake doesnt anything change personally didnt expect mind combat greatly improved still feel clunky genrefitting way believe linear relatively short pretty much sh game con none longer version one read i am finishing game sigh relief look like least time silent hill back track played loved almost main silent hill game besides downpour didnt get hand yet yeah loved even homecoming seemed silent hill went dead forever got well silent hill ascension ugh let get got expecting remake long time also played enjoyed medium bloober also faith theyd good job still doubt previous game werent much action oriented guess making remake somewhat easier case didnt create something completely anew redoing already existing powerful source material i am hardcore fan completed every sh time i have completed original many year ago point difference etc still honest opinion feel bloober perfect job one much respect source material theyre really managed capture magic horror original game preserving worked improving everything could improved soundtrack remains loyal original musical overhaul time time liked new voice over work well capture eeriness weirdness original character graphic obviously overhauled look modern pretty darn good scary script story remained mostly completely far remember good thing combat greatly improved feel mostly great still keeping survivalhorror awkwardness may feel bug feature think serf game right think puzzle replaced i have enjoyed whole experienced normal beginning end quality scare fall short original game there right balance jump scare freaking psychological fear oh damn limb monster got squeaking every time feel game also serve great entry point newcomer silent hill andor survival horror truly modern version capturing best thing silent hill opinion see might prefer residentevilish direction sh game sometimes feel like closed door simulator hey isnt part survival horroring already expecting play silent hill f although dev seems pretty well review mainly i am happy attention actual resource going towards series hopeful well keep seeing quality stuff franchise wouldnt mind another remake well
206285489,76561199000566282,0,7,841,0,en,"I haven't played a game in my life that had this atmosphere, horror games don't really scare me but this one did, the sound design is 10/10, its a masterpiece in horror and generally a chilling experience, I cant think of anything that comes close to this, so good, horrifyingly good.",1760039678,1760040120,True,8,0,0.576719582080841,True,False,havent played game life atmosphere horror game dont really scare one sound design masterpiece horror generally chilling experience cant think anything come close good horrifyingly good,havent played game life atmosphere horror game do not really scare one sound design masterpiece horror generally chilling experience cannot think anything come close good horrifyingly good
207083941,76561198014451341,532,50,457,0,en,"I've already played trough this game on PS5 and now it's time to play it again on PC. I was very afraid how Bloober Team would handle this remake, because for me, the original Silent Hill 2 videogame is a historical milestone in videogame history. I'm happy to say that they understood the assignment and I could not stop playing SILENT HILL 2. Fantastic job and I could not be more happier!",1760873498,1760873498,True,6,0,0.5714970827102661,True,False,ive already played trough game p time play pc afraid bloober team would handle remake original silent hill videogame historical milestone videogame history im happy say understood assignment could stop playing silent hill fantastic job could happier,i have already played trough game p time play pc afraid bloober team would handle remake original silent hill videogame historical milestone videogame history i am happy say understood assignment could stop playing silent hill fantastic job could happier
207709761,76561199143357315,125,11,1636,0,en,"So, I don't know what this game did to me but I am absolutely obsessed with it. I've seen every possible gameplay of this game in every possible language I could and I've played it alone too and I'm still currently trying to get all endings and all, but it's still not enough. It's like a drug I just can't seem to get over this game and no I swear it's no addiction because I've played MANY good games like this but it's something in this game that calms me in some way (yes it's still horrifying and scary) but the atmosphere, the whole plot of the game and the best of all: the GRAPHICS. Like god damn let alone the fog is such a big impact on the game itself and we won't even talk about the design of all places. They balanced the places so perfectly, I always had the feeling I'm lonely in whole Silent Hill, but at the same time there are those side characters we meet and all those monsters, so it should take the feeling away but the atmosphere makes it look like we're literally alone with nobody there. And no don't take me wrong it's actually the best thing, because of that I feel calmed playing this game and also Mary's words at the start of her letter to James, oh god it hits me everytime and I get goosebumps and now hearing those words again after completing the game, it gives me that nostalgic feeling and it's like I have an empty feeling thinking about the whole game because of how hard it hit me. I have a library section that's named ""Above perfection"" and that's where it belongs. There are actually only a few games that can reach this level of perfection like Silent Hill 2, so the original developers, along with the remake team, did a whole good job.",1761564920,1761564920,True,5,0,0.5655080080032348,True,False,dont know game absolutely obsessed ive seen every possible gameplay game every possible language could ive played alone im still currently trying get ending still enough like drug cant seem get game swear addiction ive played many good game like something game calm way yes still horrifying scary atmosphere whole plot game best graphic like god damn let alone fog big impact game wont even talk design place balanced place perfectly always feeling im lonely whole silent hill time side character meet monster take feeling away atmosphere make look like literally alone nobody dont take wrong actually best thing feel calmed playing game also mary word start letter james oh god hit everytime get goosebump hearing word completing game give nostalgic feeling like empty feeling thinking whole game hard hit library section thats named perfection thats belongs actually game reach level perfection like silent hill original developer along remake team whole good job,do not know game absolutely obsessed i have seen every possible gameplay game every possible language could i have played alone i am still currently trying get ending still enough like drug cannot seem get game swear addiction i have played many good game like something game calm way yes still horrifying scary atmosphere whole plot game best graphic like god damn let alone fog big impact game will not even talk design place balanced place perfectly always feeling i am lonely whole silent hill time side character meet monster take feeling away atmosphere make look like literally alone nobody do not take wrong actually best thing feel calmed playing game also mary word start letter james oh god hit everytime get goosebump hearing word completing game give nostalgic feeling like empty feeling thinking whole game hard hit library section thats named perfection thats belongs actually game reach level perfection like silent hill original developer along remake team whole good job
206812698,76561197999996623,2958,46,1588,877,en,"UPDATE:   After disabling all mods the problem is solved, so I've changed my review to recommended. This was not immediately obvious because none of the commonly suggested fixes include disabling mods. The only mods I had installed were small and seemingly insignificant. I'm leaving this review up in case anyone else has the same issue.  ORIGINAL REVIEW:   The game itself is decent, but I've encountered a game-breaking bug where, after jumping down into another room, the entire screen goes black and cannot progress. This is a known and common issue. I've tried all ""solutions"" including DX11, cancelling the jump before jumping, alt-tabbing out of the game mid-jump, adjusting graphics options, etc.  To make matters worse, the save system is so infrequent that just to be able to test if a change helped or not I have to replay the same 10-15 mins over and over and over again. You can't just immediately test after restarting the game because there's no way to save before you have to close the game.   Besides that the optimization is absolutely atrocious, with constant stuttering (another known issue that will never be patched). This is the worst optimized game I've ever played, even after community ""fixes"".",1760563770,1760567246,True,12,1,0.5513448119163513,False,False,update disabling mod problem solved ive changed review recommended immediately obvious none commonly suggested fix include disabling mod mod installed small seemingly insignificant im leaving review case anyone else issue original review game decent ive encountered gamebreaking bug jumping another room entire screen go black progress known common issue ive tried solution including dx cancelling jump jumping alttabbing game midjump adjusting graphic option etc make matter worse save system infrequent able test change helped replay min cant immediately test restarting game there way save close game besides optimization absolutely atrocious constant stuttering another known issue never patched worst optimized game ive ever played even community fix,update disabling mod problem solved i have changed review recommended immediately obvious none commonly suggested fix include disabling mod mod installed small seemingly insignificant i am leaving review case anyone else issue original review game decent i have encountered gamebreaking bug jumping another room entire screen go black progress known common issue i have tried solution including dx cancelling jump jumping alttabbing game midjump adjusting graphic option etc make matter worse save system infrequent able test change helped replay min cannot immediately test restarting game there way save close game besides optimization absolutely atrocious constant stuttering another known issue never patched worst optimized game i have ever played even community fix
205677427,76561198055630944,225,95,1537,0,en,"I beat this a little while back, it's a great game. I don't think it's super replayable personally just because I feel like it's a game that's more about the experience than it is about the gameplay itself. As the game itself is very basic and barebones but the atmosphere is incredible and the story kinda relies on you not knowing what's going on.  Don't go in here expecting Resident Evil. Go in here expecting more of an atmospheric exploration game, and it excels at that extremely well.",1759395176,1759395176,True,2,0,0.5435684919357299,True,False,beat little back great game dont think super replayable personally feel like game thats experience gameplay game basic barebones atmosphere incredible story kinda relies knowing whats going dont go expecting resident evil go expecting atmospheric exploration game excels extremely well,beat little back great game do not think super replayable personally feel like game thats experience gameplay game basic barebones atmosphere incredible story kinda relies knowing whats going do not go expecting resident evil go expecting atmospheric exploration game excels extremely well
206877828,76561198453072915,0,1,4498,77,en,"Konami actually saved a franchise they left in the dust. Should've won GOTY imho. Beautiful graphics, expanded upon lore, improved mechanics. Please lord keep bloober team for future remakes....",1760643747,1760643747,True,2,0,0.5410748124122619,False,False,konami actually saved franchise left dust shouldve goty imho beautiful graphic expanded upon lore improved mechanic please lord keep bloober team future remake,konami actually saved franchise left dust shouldve goty imho beautiful graphic expanded upon lore improved mechanic please lord keep bloober team future remake
207069072,76561197988215272,492,17,13,9,en,Game might be good but performance is so garbage i really cant recommend it. Ye ofc you can enable framegen but that makes game look washed out and blurry,1760856817,1760856817,False,3,1,0.5406360626220703,True,False,game might good performance garbage really cant recommend ye ofc enable framegen make game look washed blurry,game might good performance garbage really cannot recommend ye ofc enable framegen make game look washed blurry
207396741,76561199077830687,148,46,13,0,en,There's a place where lovers go To cry their troubles away And they call it Silent Hill Where the broken hearts stay You can buy a dream or two To last you all through the years And the only price you pay Is a heart full of tears,1761236363,1761236626,True,2,1,0.5394737124443054,True,False,there place lover go cry trouble away call silent hill broken heart stay buy dream two last year price pay heart full tear,there place lover go cry trouble away call silent hill broken heart stay buy dream two last year price pay heart full tear
207076678,76561198061440886,888,4,459,459,en,"I wanted to like this game, unfortunately I don't. This is not Silent Hill 2. This is not Psychological Horror. The heavy focus on combat and the ridiculous number of overly aggressive enemies destroy the pace and atmosphere of the game. I lowered the action level in hopes that it would make the gameplay more tolerable but it had no impact that I could detect. I understand how the combat system works, its not complex, in fact it has no variety at all which makes it tedious and monotonous. Dodge, attack, dodge, attack, repeat endlessly on the hordes of enemies everywhere.   I admit the combat in the original is also clunky and not fun, but that game doesn't constantly swarm James with hyper-aggressive hoards of enemies to force the issue. Combat always felt optional, it was an afterthought and not the point of the experience. In the remake the combat is the entire point and is required to be able to enjoy exploration due to the highly aggressive design of the enemies.  The environments in this game are also unnecessarily bloated, which also destroys the pace and atmosphere. Combined with the overly numerous and aggressive enemies in every single room and hall it creates a feeling that nothing of substance is ever happening as well as creating a disassociation with the story and characters. The reality is that Silent Hill 2 doesn't have a long story, it doesn't take long to tell, 5-6 hours is all you need. Why is every environment in this remake 3 times longer than it needs to be? The Woodside apartments were so overextended and bloated that I almost quit when I reached the Blue Creek Apartments because I was so tired of the apartments and the constant combat. I am now 7 hours in and just completed the Blue Creek Apartments and honestly, I don't want to play anymore. I don't know if I will ever finish this game. This just isn't fun, its a slog.  I don't know how much of the blame falls on Bloober Team and how much falls on Konami but I suspect Konami bares the lions share of blame.",1760866084,1761018126,False,6,3,0.5392912030220031,True,False,wanted like game unfortunately dont silent hill psychological horror heavy focus combat ridiculous number overly aggressive enemy destroy pace atmosphere game lowered action level hope would make gameplay tolerable impact could detect understand combat system work complex fact variety make tedious monotonous dodge attack dodge attack repeat endlessly horde enemy everywhere admit combat original also clunky fun game doesnt constantly swarm james hyperaggressive hoard enemy force issue combat always felt optional afterthought point experience remake combat entire point required able enjoy exploration due highly aggressive design enemy environment game also unnecessarily bloated also destroys pace atmosphere combined overly numerous aggressive enemy every single room hall creates feeling nothing substance ever happening well creating disassociation story character reality silent hill doesnt long story doesnt take long tell hour need every environment remake time longer need woodside apartment overextended bloated almost quit reached blue creek apartment tired apartment constant combat hour completed blue creek apartment honestly dont want play anymore dont know ever finish game isnt fun slog dont know much blame fall bloober team much fall konami suspect konami bares lion share blame,wanted like game unfortunately do not silent hill psychological horror heavy focus combat ridiculous number overly aggressive enemy destroy pace atmosphere game lowered action level hope would make gameplay tolerable impact could detect understand combat system work complex fact variety make tedious monotonous dodge attack dodge attack repeat endlessly horde enemy everywhere admit combat original also clunky fun game doesnt constantly swarm james hyperaggressive hoard enemy force issue combat always felt optional afterthought point experience remake combat entire point required able enjoy exploration due highly aggressive design enemy environment game also unnecessarily bloated also destroys pace atmosphere combined overly numerous aggressive enemy every single room hall creates feeling nothing substance ever happening well creating disassociation story character reality silent hill doesnt long story doesnt take long tell hour need every environment remake time longer need woodside apartment overextended bloated almost quit reached blue creek apartment tired apartment constant combat hour completed blue creek apartment honestly do not want play anymore do not know ever finish game isnt fun slog do not know much blame fall bloober team much fall konami suspect konami bares lion share blame
207929571,76561198038730496,168,21,1929,1929,en,"The original Silent Hill 2 is a prisonic fairytale of historic proportions. This reimagining doubles down on all the macabre, filthy, nerve racking, delightfully miserable and downright excruciating aspects of the iconic survival horror experience. The original is still a superior and more concise piece of art that deserves endless praise for its genius game designs, but the effort from Bloober team is exceptionally faithful to the source, while offering long time fans of Silent Hill and all newcomers a deeper dive into the depths of the abyss than the original game offered. The game is more than twice the runtime of the original with brand new level designs and segments. The combat system is very simple, but proactive and fun, which keeps the exploration loop flowing. The boss fights in this game are probably the best in the entire series. If you love survival horror, then play this game.   It's a nearly 10/10 with a few simple mods like increasing your movement speed, increasing the camera distance, and removing the weapon sway. Play the game without any hints or prompts on Hard mode. Tune your HDR settings right as well to get the best black level. Performance of UE5 is hit or miss, just don't use raytracing.",1761795997,1761795997,True,2,0,0.5375722646713256,False,False,original silent hill prisonic fairytale historic proportion reimagining double macabre filthy nerve racking delightfully miserable downright excruciating aspect iconic survival horror experience original still superior concise piece art deserves endless praise genius game design effort bloober team exceptionally faithful source offering long time fan silent hill newcomer deeper dive depth abyss original game offered game twice runtime original brand new level design segment combat system simple proactive fun keep exploration loop flowing bos fight game probably best entire series love survival horror play game nearly simple mod like increasing movement speed increasing camera distance removing weapon sway play game without hint prompt hard mode tune hdr setting right well get best black level performance ue hit miss dont use raytracing,original silent hill prisonic fairytale historic proportion reimagining double macabre filthy nerve racking delightfully miserable downright excruciating aspect iconic survival horror experience original still superior concise piece art deserves endless praise genius game design effort bloober team exceptionally faithful source offering long time fan silent hill newcomer deeper dive depth abyss original game offered game twice runtime original brand new level design segment combat system simple proactive fun keep exploration loop flowing bos fight game probably best entire series love survival horror play game nearly simple mod like increasing movement speed increasing camera distance removing weapon sway play game without hint prompt hard mode tune hdr setting right well get best black level performance ue hit miss do not use raytracing
206707760,76561198905637631,0,204,1013,0,en,"I consider the original Silent Hill 2 to be a masterpiece. So, what does it mean if I like the remake even more? It adds so much more to the game and the story. So far, every change has been a nice surprise and kept things true to the original while also refreshing the experience, making it feel new. They did a solid job, legitimately. I still have the end of the labyrinth and the hotel left. However, I'm pretty sure it's going to playout magnificently.",1760446159,1760446159,True,2,0,0.5273039937019348,True,False,consider original silent hill masterpiece mean like remake even add much game story far every change nice surprise kept thing true original also refreshing experience making feel new solid job legitimately still end labyrinth hotel left however im pretty sure going playout magnificently,consider original silent hill masterpiece mean like remake even add much game story far every change nice surprise kept thing true original also refreshing experience making feel new solid job legitimately still end labyrinth hotel left however i am pretty sure going playout magnificently
207698981,76561199066360101,253,82,1860,0,en,I beat this game probably about a month ago and now I think im ready to give my thoughts on this game... This game changed me for the better and made me very introspective on my life and past actions. After playing this game i wanted to work on myself to better/remedy these actions. I genuinely owe a lot to this game. I was in a bit of a blah spot mentally and just in general and this game kinda came at the right time for me. This is a Beautifully written masterclass piece of media which makes you go face to face with James's worst demons which happen to be relatable enough for most people to relate somewhat to him and his cause. I could gush about this game all day or I could just say to just buy it. I cant spoil anything as the twists and reveals are so despairing and heartbreaking you just gotta experience it for yourself. and please if you can't buy the remake get the original. it is abandonware now and has tons of mods that modernizes the experience such as giving the game an over the shoulder camera. just please try to experience this story by any means necessary.,1761547625,1761547862,True,1,0,0.5238095521926879,False,False,beat game probably month ago think im ready give thought game game changed better made introspective life past action playing game wanted work betterremedy action genuinely owe lot game bit blah spot mentally general game kinda came right time beautifully written masterclass piece medium make go face face james worst demon happen relatable enough people relate somewhat cause could gush game day could say buy cant spoil anything twist reveals despairing heartbreaking got ta experience please cant buy remake get original abandonware ton mod modernizes experience giving game shoulder camera please try experience story mean necessary,beat game probably month ago think i am ready give thought game game changed better made introspective life past action playing game wanted work betterremedy action genuinely owe lot game bit blah spot mentally general game kinda came right time beautifully written masterclass piece medium make go face face james worst demon happen relatable enough people relate somewhat cause could gush game day could say buy cannot spoil anything twist reveals despairing heartbreaking got ta experience please cannot buy remake get original abandonware ton mod modernizes experience giving game shoulder camera please try experience story mean necessary
207466515,76561198928964673,0,26,850,850,en,"pretty nice, kinda wondering if James got his tetanus shots.",1761316590,1761316590,True,1,0,0.5238095521926879,False,False,pretty nice kinda wondering james got tetanus shot,pretty nice kinda wondering james got tetanus shot
207257142,76561199030282040,0,15,2822,967,en,"An almost complete lack of the original's DISTURBING aspects leaves me disappointed to say the least. I enjoyed the atmosphere, extended exploration, and the superb cut scenes. I enjoyed the game, many improvements, some BIG negatives for the sake of WOKENESS. The original is still better.",1761071981,1761071981,True,1,1,0.5238095521926879,True,False,almost complete lack original disturbing aspect leaf disappointed say least enjoyed atmosphere extended exploration superb cut scene enjoyed game many improvement big negative sake wokeness original still better,almost complete lack original disturbing aspect leaf disappointed say least enjoyed atmosphere extended exploration superb cut scene enjoyed game many improvement big negative sake wokeness original still better
207214728,76561198310684942,0,12,1526,1204,en,"First of all, this game looks amazing. The atmosphere, the story, the sound design/music... everything clicks just right for this game. The enemy designs, while not that scary looking, are utilized in a way that makes them scary. The constant bombardment of sounds and music add to the tension and sense of dread, I had to take breaks at times because it was giving me anxiety. The areas were perfectly chosen for the most part, I think they would be at the top of many peoples' list for scariest abandoned places. The symbolism is also very very good. This is definitely a game I can see myself replaying a few times. Playing with a dualsense controller really added so much to this game as well. My only gripe is there were occasional performance issues, I am not inclined to believe it's due to my computer. Luckily, it did not detract from my overall experience.",1761019477,1761020201,True,1,0,0.5238095521926879,True,False,first game look amazing atmosphere story sound designmusic everything click right game enemy design scary looking utilized way make scary constant bombardment sound music add tension sense dread take break time giving anxiety area perfectly chosen part think would top many people list scariest abandoned place symbolism also good definitely game see replaying time playing dualsense controller really added much game well gripe occasional performance issue inclined believe due computer luckily detract overall experience,first game look amazing atmosphere story sound designmusic everything click right game enemy design scary looking utilized way make scary constant bombardment sound music add tension sense dread take break time giving anxiety area perfectly chosen part think would top many people list scariest abandoned place symbolism also good definitely game see replaying time playing dualsense controller really added much game well gripe occasional performance issue inclined believe due computer luckily detract overall experience
207105669,76561198154138007,714,65,1695,137,en,That plank that we use at the start of the game is the most faithful weapon i have used in any game ever,1760891140,1760891337,True,1,0,0.5238095521926879,True,False,plank use start game faithful weapon used game ever,plank use start game faithful weapon used game ever
207090676,76561199304904787,0,3,2767,0,en,"This game has the best tragic story, the best original soundtracks, and it is my favorite video game of all time. The remake team polished some scenarios, like Eddie eating ice cream in the theater, since Silent Hill is a freezer in his view. Another improved scene is James's silence, instead of him yelling out of guilt after he killed Eddie. The fighting gameplay is remastered, indicating the Bloober Team loved Silent Hill from the bottom of their hearts and were not just submitting their work carelessly. Just that I would advise you to buy the game during a discount because of Konami's pricing.",1760879738,1760879738,True,1,0,0.5238095521926879,True,True,game best tragic story best original soundtrack favorite video game time remake team polished scenario like eddie eating ice cream theater since silent hill freezer view another improved scene james silence instead yelling guilt killed eddie fighting gameplay remastered indicating bloober team loved silent hill bottom heart submitting work carelessly would advise buy game discount konamis pricing,game best tragic story best original soundtrack favorite video game time remake team polished scenario like eddie eating ice cream theater since silent hill freezer view another improved scene james silence instead yelling guilt killed eddie fighting gameplay remastered indicating bloober team loved silent hill bottom heart submitting work carelessly would advise buy game discount konamis pricing
206739250,76561199019600227,0,2,1609,0,en,"for a remake this game runs great and is honestly is a step up from the original, buy on sale only",1760474495,1760474495,True,1,0,0.5238095521926879,True,False,remake game run great honestly step original buy sale,remake game run great honestly step original buy sale
206608585,76561198004532444,0,3,762,64,en,So scary. Gameplay takes a little getting used to because it isn't as dynamic as most modern games but it is a story game about atmosphere and the action is there for immersion and some skin in the game literally.,1760328617,1760328617,True,1,0,0.5238095521926879,True,False,scary gameplay take little getting used isnt dynamic modern game story game atmosphere action immersion skin game literally,scary gameplay take little getting used isnt dynamic modern game story game atmosphere action immersion skin game literally
206598266,76561198167434287,0,122,1594,700,en,"Easily one of the best horror games I've played in a while. The pace, the game loop, graphics, sound, story and environments. It's the right amount of scary without being stressful. Not too forgiving with resources, yet generous enough. Puzzles are fun. Fighting mechanics are intuitive.  I've been a fan of horror games since the first Resident Evil came out. But for some reason I just could not get into Silent Hill, despite being such a popular franchise. And it was not because I didn't want it, but because circumstances never let it happen.  It was until the PS3 era when I first got to play one: Silent Hill Homecoming. While that game is universally hated, it was my first Silent Hill and I found it to be an amazing horror game. The only negatives I could find was the bad controls and overall performance, which was not very good.  I don't feel that this game is that different in terms of content, but just the fact that it is very well polished and the graphics have been improved, make it a much more enjoyable experience.  I don't have much to say in terms of lore and such because this is my second Silent Hill, and my first mainline title. Compared to the only Silent Hill I've played before, it feels like it follows the same formula (I know I'll get destroyed by SH fans for saying this).  I never expected to enjoy it as much as I have. I don't think I can find any negatives about this game. Even performance has been solid. No crashes, stuttering, FPS dips, etc. Maxed out graphics, 1440p, RT on, 120fps. And it plays great with a generic Xbox One controller.",1760315532,1760315532,True,1,0,0.5238095521926879,True,False,easily one best horror game ive played pace game loop graphic sound story environment right amount scary without stressful forgiving resource yet generous enough puzzle fun fighting mechanic intuitive ive fan horror game since first resident evil came reason could get silent hill despite popular franchise didnt want circumstance never let happen p era first got play one silent hill homecoming game universally hated first silent hill found amazing horror game negative could find bad control overall performance good dont feel game different term content fact well polished graphic improved make much enjoyable experience dont much say term lore second silent hill first mainline title compared silent hill ive played feel like follows formula know ill get destroyed sh fan saying never expected enjoy much dont think find negative game even performance solid crash stuttering fps dip etc maxed graphic p rt fps play great generic xbox one controller,easily one best horror game i have played pace game loop graphic sound story environment right amount scary without stressful forgiving resource yet generous enough puzzle fun fighting mechanic intuitive i have fan horror game since first resident evil came reason could get silent hill despite popular franchise didnt want circumstance never let happen p era first got play one silent hill homecoming game universally hated first silent hill found amazing horror game negative could find bad control overall performance good do not feel game different term content fact well polished graphic improved make much enjoyable experience do not much say term lore second silent hill first mainline title compared silent hill i have played feel like follows formula know ill get destroyed sh fan saying never expected enjoy much do not think find negative game even performance solid crash stuttering fps dip etc maxed graphic p rt fps play great generic xbox one controller
206262482,76561198083171336,587,15,1029,0,en,"The atmosphere in Silent Hill 2 is impeccable, everything feels intentional and even the smaller moments leave an impact. A fantastic remake that has made one of my favourite franchises more accessible to new audiences.",1760020084,1760020084,True,1,0,0.5238095521926879,True,False,atmosphere silent hill impeccable everything feel intentional even smaller moment leave impact fantastic remake made one favourite franchise accessible new audience,atmosphere silent hill impeccable everything feel intentional even smaller moment leave impact fantastic remake made one favourite franchise accessible new audience
206084020,76561198176108946,88,5,1140,37,en,Haven’t been able to stop thinking about this damn game since I finished it.  Sad I’ll never get to experience it for the first time again,1759800893,1759800893,True,1,0,0.5238095521926879,False,False,havent able stop thinking damn game since finished sad ill never get experience first time,havent able stop thinking damn game since finished sad ill never get experience first time
206058507,76561198982336551,66,26,3651,1028,en,"SH 2 is one of the games i so hardly waited to play, ever since i got it i've been following this very emotionant story. Now since i started it by 2 days already, i feared the puzzles very much but after challenging myself on hard there's a huge chance you will love them as i do.  So besides the game is a super W Remake and game overall, im super happy that it allows me to heat up my room very perfectly by idling in a cozy area from the game",1759775004,1759775004,True,1,0,0.5238095521926879,False,True,sh one game hardly waited play ever since got ive following emotionant story since started day already feared puzzle much challenging hard there huge chance love besides game super w remake game overall im super happy allows heat room perfectly idling cozy area game,sh one game hardly waited play ever since got i have following emotionant story since started day already feared puzzle much challenging hard there huge chance love besides game super w remake game overall i am super happy allows heat room perfectly idling cozy area game
205858728,76561198886975720,0,1,1770,0,en,"Got the In Water ending on my first gameplay ever and introduction into this series. I absolutely loved this game, the atmosphere, the details - everything. Only issue, and I don't think it's from the game itself, it kept crashing at the most random spots and I have machine of a PC (Ryzen 7 9800x3d, Radeon rt 9070 xt). I played at max settings and also max settings from the AMD app and it still kept crashing. Dunno why. Still an absolutely fantastic game>",1759586187,1759586187,True,1,0,0.5238095521926879,True,False,got water ending first gameplay ever introduction series absolutely loved game atmosphere detail everything issue dont think game kept crashing random spot machine pc ryzen xd radeon rt xt played max setting also max setting amd app still kept crashing dunno still absolutely fantastic game,got water ending first gameplay ever introduction series absolutely loved game atmosphere detail everything issue do not think game kept crashing random spot machine pc ryzen xd radeon rt xt played max setting also max setting amd app still kept crashing dunno still absolutely fantastic game
205826107,76561199113798670,159,6,2509,0,en,"Genuinely one of the best games I've ever played. The soundtrack has an amazing way of blending in perfectly with the atmosphere of every scene and even on my second play through I still get jumpscared by the mannequins hiding behind corners sometimes lmao. I think each section of this game is amazingly structured and enjoyable to play (except the prison. I hate you prison..) I'd also say that once you get used to the combat, it really doesn't feel all that challenging most of the time (at least on normal difficulty) and it can be pretty satisfying dodging things correctly and beating the crap out of enemies with a pipe. I cannot recommend this game enough, please play it if you like horror!!",1759551570,1759551570,True,1,0,0.5238095521926879,True,False,genuinely one best game ive ever played soundtrack amazing way blending perfectly atmosphere every scene even second play still get jumpscared mannequin hiding behind corner sometimes lmao think section game amazingly structured enjoyable play except prison hate prison id also say get used combat really doesnt feel challenging time least normal difficulty pretty satisfying dodging thing correctly beating crap enemy pipe recommend game enough please play like horror,genuinely one best game i have ever played soundtrack amazing way blending perfectly atmosphere every scene even second play still get jumpscared mannequin hiding behind corner sometimes lmao think section game amazingly structured enjoyable play except prison hate prison id also say get used combat really doesnt feel challenging time least normal difficulty pretty satisfying dodging thing correctly beating crap enemy pipe recommend game enough please play like horror
205775294,76561198271850638,546,25,1114,0,en,"have not played the original as of writing this but this version is a turbo banger. an incredibly atmospheric game that genuinely really frightened me at times, helped by the amazing score and unsettling sound design. the story is also very interesting, despite knowing the main twist, it was fun to unravel it as i went through the game. combat feels very good and has some nice weight to it and in terms of the actual levels i thought they were all super fun to go through!   i think my only real complaints would be that sometimes on keyboard you struggle to pick up items, its not a huge thing but its irritating when it happens for the whole game and then also ray tracing and frame gen kept turning on whenever i'd reopen the game and i did not appreciate that at all but i think thats it!",1759501696,1759501696,True,1,0,0.5238095521926879,True,False,played original writing version turbo banger incredibly atmospheric game genuinely really frightened time helped amazing score unsettling sound design story also interesting despite knowing main twist fun unravel went game combat feel good nice weight term actual level thought super fun go think real complaint would sometimes keyboard struggle pick item huge thing irritating happens whole game also ray tracing frame gen kept turning whenever id reopen game appreciate think thats,played original writing version turbo banger incredibly atmospheric game genuinely really frightened time helped amazing score unsettling sound design story also interesting despite knowing main twist fun unravel went game combat feel good nice weight term actual level thought super fun go think real complaint would sometimes keyboard struggle pick item huge thing irritating happens whole game also ray tracing frame gen kept turning whenever id reopen game appreciate think thats
205695562,76561198038269778,305,19,1235,0,en,"Genuinely the best survival horror game in since probably re7 imo. The game is gorgeous with RT on and the sound design might be the best in a horror game i've played. Be warned, its not a ""fun"" story nor is it really a fun game to play.   Its not a jump scare heavy type of game in the vein of visage or similar but instead it simply uses dread & suspense that doesnt go away, from the apartment section to the hospital(and beyond) it simply never really gives you a time to breath.  The combat is mostly ok with a similar feeling to RE2 remake but just alot slower in general, James isnt really the quickest character to move around or hit things with. There's not alot of enemy variation either but i think its more ok than usual since combat isnt constant(maybe except for the prison area) and while i enjoyed the combat it does drag on a bit towards the end. Healing items & ammunition might be given a bit to often tbh, i think i had around 30 heals throughout the last areas to the end of the game which made some areas & bosses very trivial and easy to fight through.  I think James is my favourite game protagonist in a long time, he is not perfect in the slightest but you cant help but you cant help but to feel sorry for the dude, he is just depressed as hell and is not having a good time throughout the game.   The only real downside is the length, i finished the game in about 14.5 hours which could have and should have been cut down a few hours(specially parts of the hospital & the labyrinth). Those areas that drag on are not bad at all but just feels a bit boring to go  through after a while(thinking of the otherworld hospital here etc).  Its a 9/10 for me and a actual must play for most people, even tho its a scary game i think the story and its themes are things people very much should experience and also talk about.",1759415441,1759415441,True,1,0,0.5238095521926879,True,False,genuinely best survival horror game since probably imo game gorgeous rt sound design might best horror game ive played warned fun story really fun game play jump scare heavy type game vein visage similar instead simply us dread suspense doesnt go away apartment section hospitaland beyond simply never really give time breath combat mostly ok similar feeling remake alot slower general james isnt really quickest character move around hit thing there alot enemy variation either think ok usual since combat isnt constantmaybe except prison area enjoyed combat drag bit towards end healing item ammunition might given bit often tbh think around heals throughout last area end game made area boss trivial easy fight think james favourite game protagonist long time perfect slightest cant help cant help feel sorry dude depressed hell good time throughout game real downside length finished game hour could cut hoursspecially part hospital labyrinth area drag bad feel bit boring go whilethinking otherworld hospital etc actual must play people even tho scary game think story theme thing people much experience also talk,genuinely best survival horror game since probably imo game gorgeous rt sound design might best horror game i have played warned fun story really fun game play jump scare heavy type game vein visage similar instead simply us dread suspense doesnt go away apartment section hospitaland beyond simply never really give time breath combat mostly ok similar feeling remake alot slower general james isnt really quickest character move around hit thing there alot enemy variation either think ok usual since combat isnt constantmaybe except prison area enjoyed combat drag bit towards end healing item ammunition might given bit often tbh think around heals throughout last area end game made area boss trivial easy fight think james favourite game protagonist long time perfect slightest cannot help cannot help feel sorry dude depressed hell good time throughout game real downside length finished game hour could cut hoursspecially part hospital labyrinth area drag bad feel bit boring go whilethinking otherworld hospital etc actual must play people even tho scary game think story theme thing people much experience also talk
207195813,76561199380344853,0,5,1115,159,en,"Not scary, the only scene made me nervous was that man sitting in front of the TV, except that, none, i even felt very cozy when playing last few chapters, and they use jump scare in the final hotel which is really low and bad taste. For the combat part, boring, boring, boring! Graphics, like playing a game of 2015, you have to use 2 hours to get used to it, totally not worth the price. Btw, almost forget the puzzles, 90% like kindergarten, just doing some add and sub. I have to admit I got little emotionally touched at the end, but still not worth the price, just a scam",1760992444,1760992444,False,2,1,0.52173912525177,False,False,scary scene made nervous man sitting front tv except none even felt cozy playing last chapter use jump scare final hotel really low bad taste combat part boring boring boring graphic like playing game use hour get used totally worth price btw almost forget puzzle like kindergarten add sub admit got little emotionally touched end still worth price scam,scary scene made nervous man sitting front tv except none even felt cozy playing last chapter use jump scare final hotel really low bad taste combat part boring boring boring graphic like playing game use hour get used totally worth price btw almost forget puzzle like kindergarten add sub admit got little emotionally touched end still worth price scam
206339805,76561199263761025,0,1,2226,0,en,"The original game came out before I was born... and this whole time I managed to avoid any information about it. I haven't  seen the movies, I haven't watched other people's gameplay (either the original or remake). And now, after I completed the game, I do not regret it a single bit.",1760107780,1760107780,True,1,0,0.52173912525177,True,False,original game came born whole time managed avoid information havent seen movie havent watched people gameplay either original remake completed game regret single bit,original game came born whole time managed avoid information havent seen movie havent watched people gameplay either original remake completed game regret single bit
205862936,76561198402834957,246,45,1023,0,en,"This game is incredible, i really liked the OG and managed to get through it because of its silly old graphics but this one was SUCH a challenge. I was so scared, all the time, it was so creepy, and horrible AT ALL TIMES but my god was it an awesome game to play. I loved the changes from the original, it all felt so smooth and i manged to play the majority of it without a guide.   Highly recommended to anyone that likes scary games, especially with a good story.",1759589372,1759589372,True,1,0,0.52173912525177,False,False,game incredible really liked og managed get silly old graphic one challenge scared time creepy horrible time god awesome game play loved change original felt smooth manged play majority without guide highly recommended anyone like scary game especially good story,game incredible really liked og managed get silly old graphic one challenge scared time creepy horrible time god awesome game play loved change original felt smooth manged play majority without guide highly recommended anyone like scary game especially good story
207329337,76561198348681877,0,18,2075,759,en,"While Bloober Team did a thoroughly commendable job in handling the assignment that they were given and surpassed the expectations of naysayers and doubters, and the actors in this game all did a great job at translating the performances of the original into a more modern, ""earnest"" delivery, there are many tonal, writing, and directing issues that persist and ultimately detract from what was once a masterfully-designed narrative. I am interested to see the SH1 remake and think there's a lot of opportunity for Bloober to not only recapture the essence of the original while also improving upon it, but for those that have never played the original Silent Hill 2 for the PS2/XBOX, this is an artistic downgrade from the original. I'm going to try to organize my issues into an internet-friendly numbered list.  1.) Tone: While much of the game is decidedly as dour and depressing as the original was, it lacks the feelings of desperation, confusion, surrealism and general illness the original had. This is seen most frequently in the reworked soundtrack from legendary series musical composer Akira Yamaoka, who collaborated with other musicians in ""updating"" the original soundtrack. While the songs are nice new renditions in and of themselves the choice of genre often distracts from the tone that original scenes were attempting to establish. Case in point, the scene where [spoiler]James first meets Maria on the docks. Not only does the remake place heavy iconographic focus on this moment by making the spot where you first meet Maria a gazebo distanced far out from the docks rather than just on a stroll across them, but the tone of the music is more sensual than the original in a way I feel is actually completely emotionally inappropriate for what James is actually feeling in that moment. In the original, when Null Moon plays, the tone is a lot more somber and paints a picture of confusion that James is experiencing upon seeing a woman that looks nearly identical to his dead wife, who's flirting with him. It feels totally wrong to James, and the player, in that moment.[/spoiler] There are other instances of the tone and music not quite matching up with the emotionality of the original, but that's probably the most glaring example.  2.) Writing: There are many shortcomings that the game face in its writing of new character dialogue and endings. I'm going to pick on Eddie here when discussing the characters (and we'll get back to him later, too). [spoiler]Eddie now asks James if he can come with him from the Blue Creek Apartments building when they first meet, to which James rejects. This is a departure from the original in such a way that I feel misses the point and intentions behind Eddie's character relative to James as someone who lacks the self-awareness to confront his guilt over his evil deeds, and instead positions him as a generic ""survivor in a dilapidated town"" one might expect from a Resident Evil game upon first meeting him. In the original, he's just throwing up in a toilet and doesn't request to come with James. It's a bizarre scene meant to give the player unease, not relief that another person is near.[/spoiler] As for the new endings, [spoiler]Bliss[/spoiler] and [spoiler]Stillness[/spoiler], they somewhat miss the point of the original's default and NG+ Rebirth endings. [spoiler]Bliss transports James inside the videotape of Mary at Lakeview Hotel, and under a charitable interpretation has him do this under the pretense that he doesn't want to confront his guilt or trauma and will continue living the memory of Mary prior to her death rather than come to terms with what he did. Functionally, on a literal narrative level this ending basically makes James' journey null and void without having the emotional maturity of the default original endings. On a psychological level it's pretty much identical to Rebirth, just lacking the emotional punch. Stillness opts instead to expand upon the In Water ending in a frankly somewhat corny and uninteresting way by having a manifestation of Mary show up in James' car seat, alive and telling him to join her. Blugh.[/spoiler] To prove that I'm not just being a negative nancy or an anti-Bloober sycophant, there are some positives to the writing additions made by Bloober, all centering around the most surprising character: Angela. Upon this game's announcement Angela's character was the one fans feared receiving the worst remake treatment, as Bloober hasn't shown the most sensitivity surrounding the sensitive subject matter that Angela's character was meant to address, but the new scene she's given (while still only reiterating what we already knew about her) is good and keeps her at the forefront of the player's mind. There are also additional memos to read that subtly reinforce the main themes of the game appropriately, but overall the concision of the original is left in favor of bloat.  3.) Direction: This is the big one. Part of this is addressed in Tone with the musical direction but there are so many little things about the specific [b]direction[/b] of the performances. Overall I had very little issue with the actors and feel like they did a fine job with what they were given, but the fundamental Lynchian direction of the original is basically vacuum-sealed out of this thing. To pick on Eddie again, [spoiler]the scene where he confronts James in the meat locker and begins crashing out over the bullying he received over the course of the years leading up to his crimes. For some reason the voice director and the writer in charge of adapting the script told the voice actor to read out the line ""You fat disgusting piece of..."" and all that follows without any quotation marks. In the original game, he's recounting what other people said about him and the performance reflects that. In the remake, the lack of direction indicating quotation means that Eddie's just saying this to James without any context in a really confusing and dumb way.[/spoiler] Almost an hour and a half later, once Eddie is no longer in the plot, there is a scene [spoiler]in the Otherworld version of Lakeview Hospital you come across a voice recording device used by a doctor, which is supposed to be the doctor that was treating Mary's illness. In the original, upon interacting with this, the camera pans out to a bed floating in the air, and the player is forced to listen to his words while the surreal image of the fog wafting around the bed over the view of the water plays out. In the remake, it's no different than activating a BioShock audio log. No surrealist imagery, no forceful reckoning with the truth- in fact, you can leave the room entirely and not have the log continue playing, which defeats the purpose and emotional weight found in the original.[/spoiler] But then, the part that really made me scratch my head the most and realize the ultimate problem with this game was the reading of Mary's letter. For all my complaints about performance thus far I want to make it abundantly clear that Mary/Maria's remake VA is not at fault for any of the issues I have with it- the original was literally lightning in a bottle that couldn't be recaptured. In the original game's voice recording sessions, the actress, Monica Horgan, had not read the dialogue before recording. In a very emotionally-affecting moment, she begins to break down and cry while reading out the contents of the letter. Throughout the rest of the game we don't see characters undergo this kind of lucid mental and emotional catharsis, so for it to be placed at the very end feels like, regardless of which ending you get, a sobering and emotionally-resonant moment. In the remake the actress doesn't cry. Again, I don't blame her- the original performance was as iconic and emotional as it was by complete happenstance. Like the original game. This may be the only game I DON'T recommend that I'd give a 9/10 by itself. It's very good if you haven't played the original. Emulate the OG, tho.",1761156377,1761157677,False,5,0,0.5197556018829345,True,False,bloober team thoroughly commendable job handling assignment given surpassed expectation naysayer doubter actor game great job translating performance original modern earnest delivery many tonal writing directing issue persist ultimately detract masterfullydesigned narrative interested see sh remake think there lot opportunity bloober recapture essence original also improving upon never played original silent hill psxbox artistic downgrade original im going try organize issue internetfriendly numbered list tone much game decidedly dour depressing original lack feeling desperation confusion surrealism general illness original seen frequently reworked soundtrack legendary series musical composer akira yamaoka collaborated musician updating original soundtrack song nice new rendition choice genre often distracts tone original scene attempting establish case point scene spoilerjames first meet maria dock remake place heavy iconographic focus moment making spot first meet maria gazebo distanced far dock rather stroll across tone music sensual original way feel actually completely emotionally inappropriate james actually feeling moment original null moon play tone lot somber paint picture confusion james experiencing upon seeing woman look nearly identical dead wife who flirting feel totally wrong james player momentspoiler instance tone music quite matching emotionality original thats probably glaring example writing many shortcoming game face writing new character dialogue ending im going pick eddie discussing character well get back later spoilereddie asks james come blue creek apartment building first meet james reject departure original way feel miss point intention behind eddy character relative james someone lack selfawareness confront guilt evil deed instead position generic survivor dilapidated town one might expect resident evil game upon first meeting original he throwing toilet doesnt request come james bizarre scene meant give player unease relief another person nearspoiler new ending spoilerblissspoiler spoilerstillnessspoiler somewhat miss point original default ng rebirth ending spoilerbliss transport james inside videotape mary lakeview hotel charitable interpretation pretense doesnt want confront guilt trauma continue living memory mary prior death rather come term functionally literal narrative level ending basically make james journey null void without emotional maturity default original ending psychological level pretty much identical rebirth lacking emotional punch stillness opts instead expand upon water ending frankly somewhat corny uninteresting way manifestation mary show james car seat alive telling join blughspoiler prove im negative nancy antibloober sycophant positive writing addition made bloober centering around surprising character angela upon game announcement angelas character one fan feared receiving worst remake treatment bloober hasnt shown sensitivity surrounding sensitive subject matter angelas character meant address new scene shes given still reiterating already knew good keep forefront player mind also additional memo read subtly reinforce main theme game appropriately overall concision original left favor bloat direction big one part addressed tone musical direction many little thing specific bdirectionb performance overall little issue actor feel like fine job given fundamental lynchian direction original basically vacuumsealed thing pick eddie spoilerthe scene confronts james meat locker begin crashing bullying received course year leading crime reason voice director writer charge adapting script told voice actor read line fat disgusting piece follows without quotation mark original game he recounting people said performance reflects remake lack direction indicating quotation mean eddy saying james without context really confusing dumb wayspoiler almost hour half later eddie longer plot scene spoilerin otherworld version lakeview hospital come across voice recording device used doctor supposed doctor treating mary illness original upon interacting camera pan bed floating air player forced listen word surreal image fog wafting around bed view water play remake different activating bioshock audio log surrealist imagery forceful reckoning truth fact leave room entirely log continue playing defeat purpose emotional weight found originalspoiler part really made scratch head realize ultimate problem game reading mary letter complaint performance thus far want make abundantly clear marymarias remake va fault issue original literally lightning bottle couldnt recaptured original game voice recording session actress monica horgan read dialogue recording emotionallyaffecting moment begin break cry reading content letter throughout rest game dont see character undergo kind lucid mental emotional catharsis placed end feel like regardless ending get sobering emotionallyresonant moment remake actress doesnt cry dont blame original performance iconic emotional complete happenstance like original game may game dont recommend id give good havent played original emulate og tho,bloober team thoroughly commendable job handling assignment given surpassed expectation naysayer doubter actor game great job translating performance original modern earnest delivery many tonal writing directing issue persist ultimately detract masterfullydesigned narrative interested see sh remake think there lot opportunity bloober recapture essence original also improving upon never played original silent hill psxbox artistic downgrade original i am going try organize issue internetfriendly numbered list tone much game decidedly dour depressing original lack feeling desperation confusion surrealism general illness original seen frequently reworked soundtrack legendary series musical composer akira yamaoka collaborated musician updating original soundtrack song nice new rendition choice genre often distracts tone original scene attempting establish case point scene spoilerjames first meet maria dock remake place heavy iconographic focus moment making spot first meet maria gazebo distanced far dock rather stroll across tone music sensual original way feel actually completely emotionally inappropriate james actually feeling moment original null moon play tone lot somber paint picture confusion james experiencing upon seeing woman look nearly identical dead wife who flirting feel totally wrong james player momentspoiler instance tone music quite matching emotionality original thats probably glaring example writing many shortcoming game face writing new character dialogue ending i am going pick eddie discussing character well get back later spoilereddie asks james come blue creek apartment building first meet james reject departure original way feel miss point intention behind eddy character relative james someone lack selfawareness confront guilt evil deed instead position generic survivor dilapidated town one might expect resident evil game upon first meeting original he throwing toilet doesnt request come james bizarre scene meant give player unease relief another person nearspoiler new ending spoilerblissspoiler spoilerstillnessspoiler somewhat miss point original default ng rebirth ending spoilerbliss transport james inside videotape mary lakeview hotel charitable interpretation pretense doesnt want confront guilt trauma continue living memory mary prior death rather come term functionally literal narrative level ending basically make james journey null void without emotional maturity default original ending psychological level pretty much identical rebirth lacking emotional punch stillness opts instead expand upon water ending frankly somewhat corny uninteresting way manifestation mary show james car seat alive telling join blughspoiler prove i am negative nancy antibloober sycophant positive writing addition made bloober centering around surprising character angela upon game announcement angelas character one fan feared receiving worst remake treatment bloober hasnt shown sensitivity surrounding sensitive subject matter angelas character meant address new scene shes given still reiterating already knew good keep forefront player mind also additional memo read subtly reinforce main theme game appropriately overall concision original left favor bloat direction big one part addressed tone musical direction many little thing specific bdirectionb performance overall little issue actor feel like fine job given fundamental lynchian direction original basically vacuumsealed thing pick eddie spoilerthe scene confronts james meat locker begin crashing bullying received course year leading crime reason voice director writer charge adapting script told voice actor read line fat disgusting piece follows without quotation mark original game he recounting people said performance reflects remake lack direction indicating quotation mean eddy saying james without context really confusing dumb wayspoiler almost hour half later eddie longer plot scene spoilerin otherworld version lakeview hospital come across voice recording device used doctor supposed doctor treating mary illness original upon interacting camera pan bed floating air player forced listen word surreal image fog wafting around bed view water play remake different activating bioshock audio log surrealist imagery forceful reckoning truth fact leave room entirely log continue playing defeat purpose emotional weight found originalspoiler part really made scratch head realize ultimate problem game reading mary letter complaint performance thus far want make abundantly clear marymarias remake va fault issue original literally lightning bottle couldnt recaptured original game voice recording session actress monica horgan read dialogue recording emotionallyaffecting moment begin break cry reading content letter throughout rest game do not see character undergo kind lucid mental emotional catharsis placed end feel like regardless ending get sobering emotionallyresonant moment remake actress doesnt cry do not blame original performance iconic emotional complete happenstance like original game may game do not recommend id give good havent played original emulate og tho
206478170,76561198151860949,0,84,1701,0,en,No i didn't finish it but i mean its more resident evil then silent hill. Sure James is being lured in the town and then combat is alright nothing more nothing less the puzzles are alright too. B+,1760212173,1760212173,True,1,0,0.5194805264472961,False,False,didnt finish mean resident evil silent hill sure james lured town combat alright nothing nothing less puzzle alright b,didnt finish mean resident evil silent hill sure james lured town combat alright nothing nothing less puzzle alright b
205763755,76561197999929263,983,68,2244,0,en,"While the game itself is great the technical base is FUBAR.  Traversal stutter every 5 steps you take, constant crashes and bad performance.  Sadly Blooper abandoned this game :(  Buy it heavily discounted",1759491249,1759491322,False,6,0,0.5185351967811584,False,False,game great technical base fubar traversal stutter every step take constant crash bad performance sadly blooper abandoned game buy heavily discounted,game great technical base fubar traversal stutter every step take constant crash bad performance sadly blooper abandoned game buy heavily discounted
206109612,76561198122518670,356,33,1162,0,en,"Never ever have i played a better game in the horror genre than Silent Hill 2 (Remake). The psychological displeasure of this game is underlined with an atmosphere like no other. There are very few jumpscares, but the ones that actually are in the game are phenomenal. Because of this circumstance you always have to stay sharp and concentrated. But the true fact that makes this game so interesting is its unmatched ambient. Fog, noises, the people you meet, the town itself. You always ask yourself - ""whats even happening here?"" until the plot gets revealed and you do your own research afterwards, which is absolutely mindblowing once you realize the true nature of all the protagonists.  The little details are unmatched for this genre. Facial expressions, dialogue hints, metaphors - you name it. After finishing the game I was still very invested and to this day still I occasionally read lore or watch videos about the true meaning of many scenes, enemies, the main characters etc. even tho I finished the game nearly a year ago.  Combat is intense and very fair. It can feel slow at certain times, but thats exactly why fighting is so pleasurable. The enemies are terrifying, boss battles are insanely well done with great variety of attack-patterns. Puzzles are extremely smart designed. Pacing is phenomenal. The story is one of the best written stories not only in the gaming-world, but in fiction/theater/movies in general and i truly mean it.  I will 100% replay this and get a physical copy for my PS5 too.  This is in my Top 5 Games of all time, if not even higher.  Must play.  10/10",1759837378,1759837378,True,2,0,0.5172414183616638,False,True,never ever played better game horror genre silent hill remake psychological displeasure game underlined atmosphere like jumpscares one actually game phenomenal circumstance always stay sharp concentrated true fact make game interesting unmatched ambient fog noise people meet town always ask whats even happening plot get revealed research afterwards absolutely mindblowing realize true nature protagonist little detail unmatched genre facial expression dialogue hint metaphor name finishing game still invested day still occasionally read lore watch video true meaning many scene enemy main character etc even tho finished game nearly year ago combat intense fair feel slow certain time thats exactly fighting pleasurable enemy terrifying bos battle insanely well done great variety attackpatterns puzzle extremely smart designed pacing phenomenal story one best written story gamingworld fictiontheatermovies general truly mean replay get physical copy p top game time even higher must play,never ever played better game horror genre silent hill remake psychological displeasure game underlined atmosphere like jumpscares one actually game phenomenal circumstance always stay sharp concentrated true fact make game interesting unmatched ambient fog noise people meet town always ask whats even happening plot get revealed research afterwards absolutely mindblowing realize true nature protagonist little detail unmatched genre facial expression dialogue hint metaphor name finishing game still invested day still occasionally read lore watch video true meaning many scene enemy main character etc even tho finished game nearly year ago combat intense fair feel slow certain time thats exactly fighting pleasurable enemy terrifying bos battle insanely well done great variety attackpatterns puzzle extremely smart designed pacing phenomenal story one best written story gamingworld fictiontheatermovies general truly mean replay get physical copy p top game time even higher must play
205863205,76561198291827233,166,6,1065,0,en,"If Resident Evil is about surviving horror, Silent Hill 2 is about living with it. A masterpiece that reminds you the scariest place is your own mind. And meeting Pyramid Head on the roof feels like running into two old best friends :D",1759589589,1759589589,True,1,0,0.5172414183616638,False,False,resident evil surviving horror silent hill living masterpiece reminds scariest place mind meeting pyramid head roof feel like running two old best friend,resident evil surviving horror silent hill living masterpiece reminds scariest place mind meeting pyramid head roof feel like running two old best friend
206208745,76561198086613507,233,89,37,0,en,"Review after about an hour's worth of playtime, so do take with a grain of salt, folks! You SH stans are one emotional bunch, I know that much. Now, I don't know whether this is the original's fault, or if it's just the remake that's like this, but the setup of the story here is, suffice to say, formulaic enough to be the stuff of litzine anecdotes at its very best, and basically hide-under-your-chair cringeworthy at its worst, while the dialogue is worthy of the same kind of praise; rejoice, however, because the mediocrity doesn't end there! 30 FPS-capped cutscenes in 2024 in a big-money game like this? For heaven's sake, my man. Clearly, the developers of this version had an inkling they were putting out a cash cow for diehard fanboys with a nine-year-old's conception of what makes good cinematic horror - or good writing in general, but that's almost beside the point - to drool over because it's ""AAA!"" and ""a classic!"". What I [i]will[/i] concede is that I would've enjoyed it at least somewhat despite the sh♫♫tiness if turning [i]every single graphics setting to the potato-est value possible[/i] actually made it playable on a low-end RTX card (+ a CPU way more powerful than the minimum required model)... Sadly, it doesn't. Bah humbug, etc.",1759947685,1759948622,False,10,7,0.5163798928260803,True,False,review hour worth playtime take grain salt folk sh stans one emotional bunch know much dont know whether original fault remake thats like setup story suffice say formulaic enough stuff litzine anecdote best basically hideunderyourchair cringeworthy worst dialogue worthy kind praise rejoice however mediocrity doesnt end fpscapped cutscenes bigmoney game like heaven sake man clearly developer version inkling putting cash cow diehard fanboys nineyearolds conception make good cinematic horror good writing general thats almost beside point drool aaa classic iwilli concede wouldve enjoyed least somewhat despite shtiness turning ievery single graphic setting potatoest value possiblei actually made playable lowend rtx card cpu way powerful minimum required model sadly doesnt bah humbug etc,review hour worth playtime take grain salt folk sh stans one emotional bunch know much do not know whether original fault remake thats like setup story suffice say formulaic enough stuff litzine anecdote best basically hideunderyourchair cringeworthy worst dialogue worthy kind praise rejoice however mediocrity doesnt end fpscapped cutscenes bigmoney game like heaven sake man clearly developer version inkling putting cash cow diehard fanboys nineyearolds conception make good cinematic horror good writing general thats almost beside point drool aaa classic iwilli concede wouldve enjoyed least somewhat despite shtiness turning ievery single graphic setting potatoest value possiblei actually made playable lowend rtx card cpu way powerful minimum required model sadly doesnt bah humbug etc
207735456,76561199077955057,183,41,1719,1719,en,"I will say an unpopular opinion, but [u]I think this remake is a bit overrated.[/u] And it should be noted that [i]I did not play the original from 2001, so I am only talking about the remake[/i]. The atmosphere of horror and general fear are conveyed very well, the graphics are not bad, the locations are detailed, an outstanding job has been done. All the bosses in the game are interesting and unique. [b]But what a terrible optimization in the game,[/b] FPS drops and constant lags are a normal thing for the game. The gameplay itself is strange, walking and running are as wooden as possible, shooting is very average, melee attacks are limited to a few different blows. The puzzles are mostly interesting, but at some points there were too many of them for one location, for example in Brookhaven Hospital, which often made the game very annoying. I did not like any of the characters, some strange people without much charm. [b]I respect the developers for the really great work they did[/b] on the atmosphere, sound, and overall look of the game, [b]but the gameplay, for 2024, is unsatisfactory[/b].",1761590232,1761590232,False,3,2,0.5151219367980957,True,False,say unpopular opinion ui think remake bit overratedu noted ii play original talking remakei atmosphere horror general fear conveyed well graphic bad location detailed outstanding job done boss game interesting unique bbut terrible optimization gameb fps drop constant lag normal thing game gameplay strange walking running wooden possible shooting average melee attack limited different blow puzzle mostly interesting point many one location example brookhaven hospital often made game annoying like character strange people without much charm bi respect developer really great work didb atmosphere sound overall look game bbut gameplay unsatisfactoryb,say unpopular opinion ui think remake bit overratedu noted ii play original talking remakei atmosphere horror general fear conveyed well graphic bad location detailed outstanding job done boss game interesting unique bbut terrible optimization gameb fps drop constant lag normal thing game gameplay strange walking running wooden possible shooting average melee attack limited different blow puzzle mostly interesting point many one location example brookhaven hospital often made game annoying like character strange people without much charm bi respect developer really great work didb atmosphere sound overall look game bbut gameplay unsatisfactoryb
207308233,76561198179677999,444,196,1225,0,en,"Top tier story. James started off extremely boring but as the story progressed I definitely found myself liking him more and more. Maria was by far the best character in the game though, no wonder James wanted ''Maria'' more over Mary, makes a lot of sense, Mary is boring asf.   The chase parts with Pyramid head were VERY fun and scary.",1761137589,1761137589,True,3,0,0.5068256855010986,False,False,top tier story james started extremely boring story progressed definitely found liking maria far best character game though wonder james wanted maria mary make lot sense mary boring asf chase part pyramid head fun scary,top tier story james started extremely boring story progressed definitely found liking maria far best character game though wonder james wanted maria mary make lot sense mary boring asf chase part pyramid head fun scary
206081399,76561198081392499,0,7,1294,0,en,This is genuinely one of the best games I've ever played. Even outside of just horror I will put this game as one of the best games I have played. The story and atmosphere are incredible. As a huge RE fan I've heard the Silent Hill name a lot but never played any until I picked this up. Now I would put this above any RE game and one of my favorite games of all time.,1759798877,1759875077,True,1,0,0.5049099922180175,False,False,genuinely one best game ive ever played even outside horror put game one best game played story atmosphere incredible huge fan ive heard silent hill name lot never played picked would put game one favorite game time,genuinely one best game i have ever played even outside horror put game one best game played story atmosphere incredible huge fan i have heard silent hill name lot never played picked would put game one favorite game time
205975200,76561199836919638,11,4,1469,0,en,"Honestly this is seems like the best horror game out right now overall and with  that being said i did not play the original ,but i  do understand its importance and history . In my opinion This game is a Great homage while also being a Good spot for beginners to jump into the Series!",1759688256,1759688256,True,1,0,0.503311276435852,False,False,honestly seems like best horror game right overall said play original understand importance history opinion game great homage also good spot beginner jump series,honestly seems like best horror game right overall said play original understand importance history opinion game great homage also good spot beginner jump series
205972049,76561198027559640,0,9,1479,329,en,"My first 30 minutes to play this game is so good, I know there will be more along the way throughout the story can't wait to play more, I've been playing this on my Steam Deck OLED at 60fps with Eclipse Mod and yes thanks to community to developed this optimization mod for this device. Great game, worth it.",1759686092,1759686092,True,1,0,0.503311276435852,True,False,first minute play game good know along way throughout story cant wait play ive playing steam deck oled fps eclipse mod yes thanks community developed optimization mod device great game worth,first minute play game good know along way throughout story cannot wait play i have playing steam deck oled fps eclipse mod yes thanks community developed optimization mod device great game worth
205953083,76561199161230765,123,10,1041,0,en,"Gameplay: 8/10 Story: 10/10 Characters: 10/10 Music: 8/10 Graphics: 9/10  Additional note: The game is hitting too hard to even joke about. It just causes depression, I love it.  [b]Total: 9/10[/b]",1759673212,1759673349,True,1,0,0.503311276435852,False,False,gameplay story character music graphic additional note game hitting hard even joke cause depression love btotal b,gameplay story character music graphic additional note game hitting hard even joke cause depression love btotal b
205939643,76561199012724268,0,4,1983,0,en,"Great game and even greater story. The performence leave alot more to wish for. I rate this game 8/10, if the performence had been better this game would have been a 10/10 without no doubt for sure.",1759662546,1759662546,True,1,0,0.503311276435852,True,False,great game even greater story performence leave alot wish rate game performence better game would without doubt sure,great game even greater story performence leave alot wish rate game performence better game would without doubt sure
206817140,76561198079928824,0,1,5486,197,en,"The story was very well done I enjoyed playing it. As for combat the sooner you learn to dodge and use your  melee weapon the better and you don't have to fight everybody, when you can avoid combat do so.",1760569066,1760569066,True,1,0,0.503188133239746,False,False,story well done enjoyed playing combat sooner learn dodge use melee weapon better dont fight everybody avoid combat,story well done enjoyed playing combat sooner learn dodge use melee weapon better do not fight everybody avoid combat
205759953,76561199195911125,166,9,1357,0,en,"One of the CUNTIEST horror games i have ever played, dont be a pussy and play the game. I recommend 10000000/10000000",1759486983,1759486983,True,1,0,0.50202077627182,False,False,one cuntiest horror game ever played dont pussy play game recommend,one cuntiest horror game ever played do not pussy play game recommend
207251047,76561198883188381,0,17,1366,374,en,"Bought this game year ago just to play on Halloween, the reason maybe was it's remake of a classic gem. Silent Hill is a town in fog which has changed forever. And this town tests you every time when you getting deeper to it's roots to uncover whats behind that fog and whats beneath those walls. It doesn't matter which obstacles are on your way, puzzles or monsters, fog turns into hurricane or even the Otherworld. Everyone in this town came here to find somebody or something, and James Sunderland came here to find his wife and memories of their past. Asking yourself ""What really happened here?"" no need questions, this is Silent Hill.",1761066737,1761066737,True,3,0,0.5002180933952332,True,False,bought game year ago play halloween reason maybe remake classic gem silent hill town fog changed forever town test every time getting deeper root uncover whats behind fog whats beneath wall doesnt matter obstacle way puzzle monster fog turn hurricane even otherworld everyone town came find somebody something james sunderland came find wife memory past asking really happened need question silent hill,bought game year ago play halloween reason maybe remake classic gem silent hill town fog changed forever town test every time getting deeper root uncover whats behind fog whats beneath wall doesnt matter obstacle way puzzle monster fog turn hurricane even otherworld everyone town came find somebody something james sunderland came find wife memory past asking really happened need question silent hill
207951794,76561199003024297,0,1,1406,1406,en,"Very long game, took me about 20 hours to complete. There are plenty of puzzles and challenges, so if you decide to buy the game, make sure you like puzzles. Story and game is in overall very well made. Graphics are amazing,  so are battles and firing weapons and fighting bosses. I give it 10/10.",1761826308,1761826308,True,0,0,0.5,False,False,long game took hour complete plenty puzzle challenge decide buy game make sure like puzzle story game overall well made graphic amazing battle firing weapon fighting boss give,long game took hour complete plenty puzzle challenge decide buy game make sure like puzzle story game overall well made graphic amazing battle firing weapon fighting boss give
207928122,76561198006466633,414,7,918,890,en,"This is as close to perfect as one can get in a remake, yes there are certain stuff I do miss from the original, but in essence its all there (new puzzles though) I was afraid they would destroy my favourite game but they did it good, its almost perfect.",1761794154,1761794154,True,0,0,0.5,False,False,close perfect one get remake yes certain stuff miss original essence new puzzle though afraid would destroy favourite game good almost perfect,close perfect one get remake yes certain stuff miss original essence new puzzle though afraid would destroy favourite game good almost perfect
207927794,76561198143385494,41,3,2337,0,en,"ONE OF MY FAVORITE GAMES EVER PLAYED. I am an RPG gamer who was always scared of horror games this was my first. I am obsessed with the plot the storytelling is top tier and what kept me going even though i was terrified. I love scary movies but games are another immersion. As a gamer of 13+ years this is a must, go through the pain, see yourself in it, and finish the story.",1761793750,1761793750,True,0,0,0.5,True,False,one favorite game ever played rpg gamer always scared horror game first obsessed plot storytelling top tier kept going even though terrified love scary movie game another immersion gamer year must go pain see finish story,one favorite game ever played rpg gamer always scared horror game first obsessed plot storytelling top tier kept going even though terrified love scary movie game another immersion gamer year must go pain see finish story
207898968,76561198233143504,214,71,1342,876,en,"As a person who hasn't played the original, this game is a masterpiece. Everything about this game is on point.",1761765567,1761765567,True,0,0,0.5,False,False,person hasnt played original game masterpiece everything game point,person hasnt played original game masterpiece everything game point
207885981,76561198847683798,133,5,407,0,en,So I like the game but I can’t continue it at all cause of a huge bug where I grab a photo and it crashes everytime,1761755754,1761755754,True,0,0,0.5,True,False,like game cant continue cause huge bug grab photo crash everytime,like game cannot continue cause huge bug grab photo crash everytime
207829810,76561199884098790,0,1,1983,1983,en,"I never played a Silent Hill game before so this was my first. At first I kinda found it boring cause there was not much happening at the start and i thought i was gonna get some kind of resident evil experience. but that kinda changed completely when i got to the first real location. It's a different kind of horror and i really like it. I liked the atmosphere, the puzzles and the symbolism. For me 10/10",1761691952,1761691952,True,0,0,0.5,False,False,never played silent hill game first first kinda found boring cause much happening start thought gon na get kind resident evil experience kinda changed completely got first real location different kind horror really like liked atmosphere puzzle symbolism,never played silent hill game first first kinda found boring cause much happening start thought gon na get kind resident evil experience kinda changed completely got first real location different kind horror really like liked atmosphere puzzle symbolism
207774027,76561198027624390,193,34,1219,0,en,I never played it on console... This one is a blast... I love horrors and this one is so twisted! Puzzles are great! Combat is ok. Atmosphere is outstanding good. Love It.,1761640225,1761640225,True,0,0,0.5,False,False,never played console one blast love horror one twisted puzzle great combat ok atmosphere outstanding good love,never played console one blast love horror one twisted puzzle great combat ok atmosphere outstanding good love
207770107,76561199040272674,0,12,1657,550,en,LOVE this game.  The re-make is so much scarier than the original now that they can use next-gen graphics.,1761633429,1761633429,True,0,0,0.5,True,False,love game remake much scarier original use nextgen graphic,love game remake much scarier original use nextgen graphic
207764908,76561198024537114,0,20,737,72,en,Pays hommage to the original and changed it for the better.  Definitely feels like a mix of old and new experience which is elevating.  Makes you question life sometimes and wish we all had a Maria in the corner that would cheer us up,1761624395,1761624520,True,0,0,0.5,True,False,pay hommage original changed better definitely feel like mix old new experience elevating make question life sometimes wish maria corner would cheer u,pay hommage original changed better definitely feel like mix old new experience elevating make question life sometimes wish maria corner would cheer you
207764112,76561197979969908,0,72,1041,0,en,Good game I can see why people consider this a classic though there is a bit too much combat which started to wear on me by the end,1761623170,1761623170,True,0,0,0.5,True,False,good game see people consider classic though bit much combat started wear end,good game see people consider classic though bit much combat started wear end
207684279,76561199208433149,0,1,971,0,en,Wow. It has been a few weeks since I finished it and I am still not over it. The story and atmosphere is the best I have ever experienced. I don't usually get scared in horror games but this one takes the cake.,1761525304,1761525304,True,0,0,0.5,True,False,wow week since finished still story atmosphere best ever experienced dont usually get scared horror game one take cake,wow week since finished still story atmosphere best ever experienced do not usually get scared horror game one take cake
207676400,76561198187001741,0,9,1623,949,en,"The game is fun and I enjoyed it as much, if not more, than the original, but it has performance issues. The gamer is completely playable and enjoyable. The performance is mostly some stuttering and weird blurry textures on occasion seemingly associated with UE5 Lumen. The game itself, outside of performance problems, is enjoyable. I appreciated the near 1:1 of the original and where it deviates I was not bothered by and rather enjoyed it. Some sections felt a bit longer than they needed to, but not so much that it spoiled the experience for me.",1761516285,1761516285,True,0,0,0.5,True,False,game fun enjoyed much original performance issue gamer completely playable enjoyable performance mostly stuttering weird blurry texture occasion seemingly associated ue lumen game outside performance problem enjoyable appreciated near original deviate bothered rather enjoyed section felt bit longer needed much spoiled experience,game fun enjoyed much original performance issue gamer completely playable enjoyable performance mostly stuttering weird blurry texture occasion seemingly associated ue lumen game outside performance problem enjoyable appreciated near original deviate bothered rather enjoyed section felt bit longer needed much spoiled experience
207652232,76561198808645868,61,13,1101,1101,en,"For me it was masterpiece and very spontaneous purchase, i didn't expect anything like this but it was gorgeous experience. I put 10/10 and S tier for this game or must to play. Maybe it's not objective but at least in this genre the best one. Rich story, well written characters, psyhological horror with incredible vibe.  That city has drawn me in and i hope some day i'll return to find Mary again:  ""In my restless dreams, I see that town. Silent Hill. You promised me you'd take me there again someday. But you never did.'' ",1761496807,1761496807,True,0,0,0.5,True,False,masterpiece spontaneous purchase didnt expect anything like gorgeous experience put tier game must play maybe objective least genre best one rich story well written character psyhological horror incredible vibe city drawn hope day ill return find mary restless dream see town silent hill promised youd take someday never,masterpiece spontaneous purchase didnt expect anything like gorgeous experience put tier game must play maybe objective least genre best one rich story well written character psyhological horror incredible vibe city drawn hope day ill return find mary restless dream see town silent hill promised youd take someday never
207649882,76561198892903251,116,35,1194,443,en,"The perfect example of how to make a horror game Really acomplish to make you scared, disgusted, feared and with curiosity thanks to the atmosphere and the incredible soundtrack made by Akira Yamaoka. Expect puzzles, a lot, but it's just cuestion of thinking and exploring. The gameplay doesn't have the issue with a lot of Survival horror games that if you have a lot of weapons it becomes less of a horror game and more of an Action game, here you just have your pipe, pistol, shotgun and rifle, and that's it. (and of course be a little careful with your ammo management) The Remake itself is very faithfull with the original, pretty good graphics, a better voice acting, and easter eggs just keep in mind that the optimization is still not really good because it uses Lumen by default (i had to optimize the game to gain 60 fps in the Steam Deck), so common UE5 L anyways, this game is a must have if you like horror games",1761494983,1761494983,True,0,0,0.5,True,False,perfect example make horror game really acomplish make scared disgusted feared curiosity thanks atmosphere incredible soundtrack made akira yamaoka expect puzzle lot cuestion thinking exploring gameplay doesnt issue lot survival horror game lot weapon becomes less horror game action game pipe pistol shotgun rifle thats course little careful ammo management remake faithfull original pretty good graphic better voice acting easter egg keep mind optimization still really good us lumen default optimize game gain fps steam deck common ue l anyways game must like horror game,perfect example make horror game really acomplish make scared disgusted feared curiosity thanks atmosphere incredible soundtrack made akira yamaoka expect puzzle lot cuestion thinking exploring gameplay doesnt issue lot survival horror game lot weapon becomes less horror game action game pipe pistol shotgun rifle thats course little careful ammo management remake faithfull original pretty good graphic better voice acting easter egg keep mind optimization still really good us lumen default optimize game gain fps steam deck common ue l anyways game must like horror game
207625583,76561197970683566,456,83,440,440,en,"I've only played for about 3 hours so far, but the game is absolutely amazing. It's a brilliantly crafted psychological horror experience. Don't expect jump scares yet, the game presents plenty of clever and unsettling challenges, like crawling through spaces you'd never dare to in real life, sticking your hand into ominous holes with terrifying sounds echoing from within, or cautiously cracking open a door just enough to push it and glimpse what's lurking on the other side. Sounds design is also excellent and will suggest a lot of things (was already the case in the original one).  This remake surpasses the original, not just in graphics, but in level design too. The environments have been reworked to offer more areas to explore, and unlike the original for example, you won’t find medication conveniently lying around in the streets, you'll have to search for them.  Do I recommend it? Absolutely!",1761474822,1761474822,True,0,0,0.5,False,False,ive played hour far game absolutely amazing brilliantly crafted psychological horror experience dont expect jump scare yet game present plenty clever unsettling challenge like crawling space youd never dare real life sticking hand ominous hole terrifying sound echoing within cautiously cracking open door enough push glimpse whats lurking side sound design also excellent suggest lot thing already case original one remake surpasses original graphic level design environment reworked offer area explore unlike original example wont find medication conveniently lying around street youll search recommend absolutely,i have played hour far game absolutely amazing brilliantly crafted psychological horror experience do not expect jump scare yet game present plenty clever unsettling challenge like crawling space youd never dare real life sticking hand ominous hole terrifying sound echoing within cautiously cracking open door enough push glimpse whats lurking side sound design also excellent suggest lot thing already case original one remake surpasses original graphic level design environment reworked offer area explore unlike original example will not find medication conveniently lying around street youll search recommend absolutely
207619629,76561198031029619,149,12,1253,1253,en,"Fantastic game with excellent atmosphere, brilliant voice acting, and some pretty damn disturbing imagery! Not for the faint of heart but an incredible story to experience.",1761468514,1761468514,True,0,0,0.5,True,False,fantastic game excellent atmosphere brilliant voice acting pretty damn disturbing imagery faint heart incredible story experience,fantastic game excellent atmosphere brilliant voice acting pretty damn disturbing imagery faint heart incredible story experience
207613374,76561198357070315,0,12,959,436,en,To many repetitive puzzles to get keys for more puzzles. BUT ITS STILL A GREAT GAME. everything else is great. the monsters kinda get annoying though,1761460990,1761460990,True,0,0,0.5,True,False,many repetitive puzzle get key puzzle still great game everything else great monster kinda get annoying though,many repetitive puzzle get key puzzle still great game everything else great monster kinda get annoying though
207612426,76561198435385836,136,57,1364,0,en,"10/10 Perfect masterpiece , dethroned LiS BtS and is now my favourite game of all time. Never thought a game will ever be this good. The narrative of this game is just so phenomenal. The atmosphere is perfectly set and the horror factors are perfect, never gets low, and never makes you feel fearless. Even when you get a powerful gun, they will introduce new monsters that complement the environment really well and will scare you  (I won't say much to not spoil).  And the story is just... oh my god. Beautiful. There is no words on how perfect the story and narrative is.  Art does have a ceiling and we have reached it.",1761459733,1761459733,True,0,0,0.5,True,False,perfect masterpiece dethroned li bts favourite game time never thought game ever good narrative game phenomenal atmosphere perfectly set horror factor perfect never get low never make feel fearless even get powerful gun introduce new monster complement environment really well scare wont say much spoil story oh god beautiful word perfect story narrative art ceiling reached,perfect masterpiece dethroned li bts favourite game time never thought game ever good narrative game phenomenal atmosphere perfectly set horror factor perfect never get low never make feel fearless even get powerful gun introduce new monster complement environment really well scare will not say much spoil story oh god beautiful word perfect story narrative art ceiling reached
207612223,76561199697323031,0,7,878,0,en,love the part where every fan of the game gooned over the nurses and pyramid head while i was genuinely tweaking in Toluca prison.,1761459440,1761459440,True,0,0,0.5,True,False,love part every fan game gooned nurse pyramid head genuinely tweaking toluca prison,love part every fan game gooned nurse pyramid head genuinely tweaking toluca prison
207609208,76561199053367331,29,4,1456,489,en,"Man this game will make you feel disgusted, curious, scared tf out and a bunch more but most especially, clueless. Nothing will make sense until the game ends and that's the beauty of this game's twisted and non-linear plot.  The scene building and sound design (Akira Yamaoka COOKED with the sound design) kinda make this the best survival horror I've ever played.  The combat is kinda mid when compared to Resident Evil, and similar games ngl, but IMO, silent hill 2's gameplay, puzzles, and horror element is FAR SUPERIOR to any game from the RE franchise  11/10 would def recommend",1761455556,1761455556,True,0,0,0.5,True,False,man game make feel disgusted curious scared tf bunch especially clueless nothing make sense game end thats beauty game twisted nonlinear plot scene building sound design akira yamaoka cooked sound design kinda make best survival horror ive ever played combat kinda mid compared resident evil similar game ngl imo silent hill gameplay puzzle horror element far superior game franchise would def recommend,man game make feel disgusted curious scared tf bunch especially clueless nothing make sense game end thats beauty game twisted nonlinear plot scene building sound design akira yamaoka cooked sound design kinda make best survival horror i have ever played combat kinda mid compared resident evil similar game ngl imo silent hill gameplay puzzle horror element far superior game franchise would def recommend
207592332,76561198193789779,0,50,1726,1726,en,"I've never played a Silent Hill game before, so I can't compare this remake to the original. However, I now understand why this franchise is so beloved.  Silent Hill 2 is more than just a scary game. It is a surreal, tragic story about guilt, trauma, forgiveness and confronting one's past.   The atmosphere is claustrophobic and depressing, thanks to the phenomenal level and sound design. The environmental noises, the monsters' sounds and the soundtrack gave me chills every time.  Unfortunately, the game isn't flawless. It has some big stuttering issues, and the combat can get stale towards the end, as you keep fighting the same 3 enemy types.  Ultimately, Silent Hill 2 is an amazing psychological horror experience that will stick with you for a long time. Maybe wait until it gets cheaper though.",1761435077,1761481211,True,0,0,0.5,False,False,ive never played silent hill game cant compare remake original however understand franchise beloved silent hill scary game surreal tragic story guilt trauma forgiveness confronting one past atmosphere claustrophobic depressing thanks phenomenal level sound design environmental noise monster sound soundtrack gave chill every time unfortunately game isnt flawless big stuttering issue combat get stale towards end keep fighting enemy type ultimately silent hill amazing psychological horror experience stick long time maybe wait get cheaper though,i have never played silent hill game cannot compare remake original however understand franchise beloved silent hill scary game surreal tragic story guilt trauma forgiveness confronting one past atmosphere claustrophobic depressing thanks phenomenal level sound design environmental noise monster sound soundtrack gave chill every time unfortunately game isnt flawless big stuttering issue combat get stale towards end keep fighting enemy type ultimately silent hill amazing psychological horror experience stick long time maybe wait get cheaper though
207573723,76561198031612510,0,42,1561,1561,en,"This is an absolute must play for any fans of survival horror, looks great, the audio has kept me feeling anxious as if there could be a surprise around every corner, enemies are fair in both ability and frequency, puzzles are moderately challenging",1761418418,1761685619,True,0,0,0.5,False,False,absolute must play fan survival horror look great audio kept feeling anxious could surprise around every corner enemy fair ability frequency puzzle moderately challenging,absolute must play fan survival horror look great audio kept feeling anxious could surprise around every corner enemy fair ability frequency puzzle moderately challenging
207568548,76561199815701149,0,3,1694,207,en,"This is my FAVORITE one time game. Even though you can only play it once, this game still serves as the best fictional story ever written IF it were a game. I still have today to find a single thing wrong with it. To give a spoiler free summary of this game, it's absolutely worth the price if you're hoping to get a spook out of a combat story mode game. Why, just yesterday, I got my white boxers dyed brown because of a mannequin popping out from behind a corner. This one got clobbered. To save you the trouble of deciding, if you have $70 to spare, or if you have a friend that gives it to you as a gift, DON'T let this absolute piece of horror GOLD go to waste. It remains one of the most important games up to date. Thank you for reading.",1761414393,1761414393,True,0,0,0.5,True,False,favorite one time game even though play game still serf best fictional story ever written game still today find single thing wrong give spoiler free summary game absolutely worth price youre hoping get spook combat story mode game yesterday got white boxer dyed brown mannequin popping behind corner one got clobbered save trouble deciding spare friend give gift dont let absolute piece horror gold go waste remains one important game date thank reading,favorite one time game even though play game still serf best fictional story ever written game still today find single thing wrong give spoiler free summary game absolutely worth price youre hoping get spook combat story mode game yesterday got white boxer dyed brown mannequin popping behind corner one got clobbered save trouble deciding spare friend give gift do not let absolute piece horror gold go waste remains one important game date thank reading
207522257,76561198400213835,112,12,1221,1004,en,"Bro, if you’re into psychological and thriller games, you have to try Silent Hill. The series is an absolute masterpiece of the genre, it’s not just scary, it messes with your mind in the best way possible. The atmosphere is incredibly haunting, the story keeps you on edge, and the eerie environments make you feel a constant sense of unease. It’s one of those games that stays with you long after you stop playing.",1761373403,1761373403,True,0,0,0.5,True,False,bro youre psychological thriller game try silent hill series absolute masterpiece genre scary mess mind best way possible atmosphere incredibly haunting story keep edge eerie environment make feel constant sense unease one game stay long stop playing,bro youre psychological thriller game try silent hill series absolute masterpiece genre scary mess mind best way possible atmosphere incredibly haunting story keep edge eerie environment make feel constant sense unease one game stay long stop playing
207508332,76561199097939165,0,2,858,460,en,"A faithful and thoughtful remake of the psychological horror classic. Great atmosphere and music, with tense exploration and an iconic story.",1761355724,1761355724,True,0,0,0.5,True,False,faithful thoughtful remake psychological horror classic great atmosphere music tense exploration iconic story,faithful thoughtful remake psychological horror classic great atmosphere music tense exploration iconic story
207484197,76561199058167222,83,3,1192,276,en,Amazing game. Definatelly worth your time and money. Not for people with a weak heart.,1761331344,1761331344,True,0,0,0.5,False,False,amazing game definatelly worth time money people weak heart,amazing game definatelly worth time money people weak heart
207461164,76561198414570845,0,1,1493,420,en,"Easily has taken the crown for my favorite horror game of all time!   It kept me engaged and on the edge through out the whole play through. The story, the atmosphere, the music, the challenges, all top tier and what future remakes should aim to be. ( I'm looking  at you Remedy with Max Payne)  Seriously though, play this game and let yourself become immersed with the character James as he navigates through his psychological journey at Silent HIll",1761311783,1761311783,True,0,0,0.5,False,False,easily taken crown favorite horror game time kept engaged edge whole play story atmosphere music challenge top tier future remake aim im looking remedy max payne seriously though play game let become immersed character james navigates psychological journey silent hill,easily taken crown favorite horror game time kept engaged edge whole play story atmosphere music challenge top tier future remake aim i am looking remedy max payne seriously though play game let become immersed character james navigates psychological journey silent hill
207454861,76561199655687019,0,6,4346,0,en,The game was pure gold. Really captured the horrors of the original SH2. There is some replay value to it. Not much though. Legit had a night mare on release week cuz i ran the game hard for 3 days.,1761305134,1761305134,True,0,0,0.5,True,False,game pure gold really captured horror original sh replay value much though legit night mare release week cuz ran game hard day,game pure gold really captured horror original sh replay value much though legit night mare release week cuz ran game hard day
207435603,76561198988758985,0,2,1971,1804,en,"I'm a bit late to the party, but I have to say playing this blind for the first time was genuinely one of the best experiences ever. I received the ""Leave"" ending on my first play through, (which I'm assuming is very common for first-time players.) I'm excited to see the other possible outcomes.",1761277893,1761277893,True,0,0,0.5,True,False,im bit late party say playing blind first time genuinely one best experience ever received leave ending first play im assuming common firsttime player im excited see possible outcome,i am bit late party say playing blind first time genuinely one best experience ever received leave ending first play i am assuming common firsttime player i am excited see possible outcome
207428828,76561199184730523,63,9,1746,0,en,"Great game overall, and with a captivating storyline. The plot is shocking and sad. The game features an eerie atmosphere with great music that really makes you feel like you're in Silent Hill.  That said, the pacing is one of the game's biggest flaws. The remake is about twice as long as the original, which should already hint to you that the game is in many instances stale. Oftentimes I felt like they could have easily cut 20 minutes of gameplay from a certain level, and it wouldn't have affected the storyline adversely at all.  Some levels felt unnecessarily packed with monsters, so much that I felt like I was playing the Witcher 3: Wild Hunt. The riddles are another thing I want to critique. They oftentimes contain symbols that originate from medieval alchemy, which the average person obviously has never seen. The link to alchemy has some deeper meaning, but it isn't something that you would understand unless you genuinely were looking up what those symbols mean. The riddles are in many cases too simplistic and involve you having to find some pattern. The focus of the riddles almost always less grounded meaning, which is disappointing.  Finally, optimization is terrible. I have a decent PC, but mine struggled to run the game at 60 FPS most of the time. From what I read this seems to be a common issue among users. The game simply can't run smoothly unless you have an elite setup.",1761268377,1761268377,True,0,0,0.5,False,False,great game overall captivating storyline plot shocking sad game feature eerie atmosphere great music really make feel like youre silent hill said pacing one game biggest flaw remake twice long original already hint game many instance stale oftentimes felt like could easily cut minute gameplay certain level wouldnt affected storyline adversely level felt unnecessarily packed monster much felt like playing witcher wild hunt riddle another thing want critique oftentimes contain symbol originate medieval alchemy average person obviously never seen link alchemy deeper meaning isnt something would understand unless genuinely looking symbol mean riddle many case simplistic involve find pattern focus riddle almost always less grounded meaning disappointing finally optimization terrible decent pc mine struggled run game fps time read seems common issue among user game simply cant run smoothly unless elite setup,great game overall captivating storyline plot shocking sad game feature eerie atmosphere great music really make feel like youre silent hill said pacing one game biggest flaw remake twice long original already hint game many instance stale oftentimes felt like could easily cut minute gameplay certain level wouldnt affected storyline adversely level felt unnecessarily packed monster much felt like playing witcher wild hunt riddle another thing want critique oftentimes contain symbol originate medieval alchemy average person obviously never seen link alchemy deeper meaning isnt something would understand unless genuinely looking symbol mean riddle many case simplistic involve find pattern focus riddle almost always less grounded meaning disappointing finally optimization terrible decent pc mine struggled run game fps time read seems common issue among user game simply cannot run smoothly unless elite setup
207404837,76561198965672129,0,120,566,535,en,"I've never played this before, and I'm glad I am, but I need to take a break from it every so often. It's hard to play, and really seeps in there. I haven't watched the movie, but I can kind of understand just from playing it how a movie wouldn't be able to capture the essence of this...unless it's of course, Jacob's Ladder. With that being said: good game, but probably not something you should rush through",1761243026,1761243026,True,0,0,0.5,False,False,ive never played im glad need take break every often hard play really seeps havent watched movie kind understand playing movie wouldnt able capture essence thisunless course jacob ladder said good game probably something rush,i have never played i am glad need take break every often hard play really seeps havent watched movie kind understand playing movie wouldnt able capture essence thisunless course jacob ladder said good game probably something rush
207367469,76561198375948829,0,10,824,0,en,Im not much of a story game player but this game is visually stunning and the story is very immersive. As someone who didnt play the original silent hill 2 game I really enjoyed this and would 10/10 recommend and its also very spooky so there is that too.,1761203811,1761203811,True,0,0,0.5,True,False,im much story game player game visually stunning story immersive someone didnt play original silent hill game really enjoyed would recommend also spooky,i am much story game player game visually stunning story immersive someone didnt play original silent hill game really enjoyed would recommend also spooky
207366230,76561199070174549,249,13,1576,0,en,"Amazing and beautiful. After i tried Silent Hill 2 it got me into the whole series playing all the other SH games and to be honest, I fell ín love with survival horror too after playing this. Im writing this review after playing the original and after finishing it months ago i can say that they did the remake justice. There is only one thing i dont like and that is the missing Maria episode. I think its really important to Maria´s character and understanding how she feels about about James. I hope they will add it in the future if so then im 100% happy with this game. SH2 is amazing i recommend playing it yourself even if you never even tried a game of this genre before also if you finish this game, watching yt videos or reading about it really makes you see how deep this game really is.",1761201846,1761201846,True,0,0,0.5,False,False,amazing beautiful tried silent hill got whole series playing sh game honest fell n love survival horror playing im writing review playing original finishing month ago say remake justice one thing dont like missing maria episode think really important maria character understanding feel james hope add future im happy game sh amazing recommend playing even never even tried game genre also finish game watching yt video reading really make see deep game really,amazing beautiful tried silent hill got whole series playing sh game honest fell n love survival horror playing i am writing review playing original finishing month ago say remake justice one thing do not like missing maria episode think really important maria character understanding feel james hope add future i am happy game sh amazing recommend playing even never even tried game genre also finish game watching yt video reading really make see deep game really
207365590,76561198054526603,352,15,1803,1358,en,"I never played the original Silent Hill 2. I've also somehow managed to go my whole life without the plot to this game being spoilt for me, so I went into it not really certain of what to expect.   Genuinely, what a great experience. Probably my favourite game that I have played this year. If Bloober Team remake any other Silent Hill games, I thoroughly look forward to seeing what they do next. They understood the assignment and they absolutely delivered.",1761200781,1761200781,True,0,0,0.5,True,False,never played original silent hill ive also somehow managed go whole life without plot game spoilt went really certain expect genuinely great experience probably favourite game played year bloober team remake silent hill game thoroughly look forward seeing next understood assignment absolutely delivered,never played original silent hill i have also somehow managed go whole life without plot game spoilt went really certain expect genuinely great experience probably favourite game played year bloober team remake silent hill game thoroughly look forward seeing next understood assignment absolutely delivered
207361349,76561198005018895,0,23,1283,443,en,"Cannot recommend this enough. Haven't played a game that's this compelling in a long time. I played the game when I was a kid and I dont think I actually understood it back then. Wow.  Gameplay is fun and classic survival horror. Way more puzzles than a resident evil type game. The enemies are tough but not too punishing on normal, bosses are all reasonable, and the visuals and sound design are out of this world.   Oddly sometimes indoors (the first apartment area especially) there was a bit of frame dropping and it just generally ran about 20-30 fps lower than everywhere else in the game. But I attribute that to all the teenie little sun rays that were being ray traced. Didnt distract too bad though.  Got this  game for $50CAD, sooo worth it.",1761194128,1761194163,True,0,0,0.5,True,False,recommend enough havent played game thats compelling long time played game kid dont think actually understood back wow gameplay fun classic survival horror way puzzle resident evil type game enemy tough punishing normal boss reasonable visuals sound design world oddly sometimes indoors first apartment area especially bit frame dropping generally ran fps lower everywhere else game attribute teenie little sun ray ray traced didnt distract bad though got game cad sooo worth,recommend enough havent played game thats compelling long time played game kid do not think actually understood back wow gameplay fun classic survival horror way puzzle resident evil type game enemy tough punishing normal boss reasonable visuals sound design world oddly sometimes indoors first apartment area especially bit frame dropping generally ran fps lower everywhere else game attribute teenie little sun ray ray traced didnt distract bad though got game cad sooo worth
207350420,76561199656789411,0,38,1812,778,en,Not much i can say that has not been said.The best horror game i have ever played and the story is really good,1761178601,1761178601,True,0,0,0.5,False,False,much say saidthe best horror game ever played story really good,much say saidthe best horror game ever played story really good
207349556,76561198836145783,48,2,1652,108,en,"Such a beautiful game! The graphics were smooth, the music was beautiful and the game could always keep me on edge. Sometimes it was hard to understand where to go next or what the objectives were, but besides it was an amazing game with an interesting story :)",1761177456,1761177535,True,0,0,0.5,True,False,beautiful game graphic smooth music beautiful game could always keep edge sometimes hard understand go next objective besides amazing game interesting story,beautiful game graphic smooth music beautiful game could always keep edge sometimes hard understand go next objective besides amazing game interesting story
207330981,76561198071839315,0,1,846,718,en,i havent been able to enjoy single player games for a long time. This beautiful game changed that for me!,1761157882,1761157882,True,0,0,0.5,False,False,havent able enjoy single player game long time beautiful game changed,havent able enjoy single player game long time beautiful game changed
207301144,76561198040286349,0,3,1373,336,en,"Great game, both for new and old Silent hill players",1761128702,1761128702,True,0,0,0.5,True,False,great game new old silent hill player,great game new old silent hill player
207291742,76561199668619378,14,7,750,750,en,"holy shit this game is fucking amazing, terrifying atmosphere leaves you always on edge, the monsters have a fun and slightly challenging combat system and god this game is just so beautifully crafted. ",1761114045,1761114045,True,0,0,0.5,True,False,holy shit game fucking amazing terrifying atmosphere leaf always edge monster fun slightly challenging combat system god game beautifully crafted,holy shit game fucking amazing terrifying atmosphere leaf always edge monster fun slightly challenging combat system god game beautifully crafted
207244950,76561199229364476,0,4,544,302,en,"The game is overall very fun. I enjoy the atmosphere, enemies, and story. My only gripe would be that I wish the game recognized when I press the dodge button more consistently. I feel as if sometimes it'll dodge three times back to back, then other times it'll only dodge once despite me spamming the button and then I get hit. Probably a skill issue. Great game so far.",1761061538,1761061538,True,0,0,0.5,True,False,game overall fun enjoy atmosphere enemy story gripe would wish game recognized press dodge button consistently feel sometimes itll dodge three time back back time itll dodge despite spamming button get hit probably skill issue great game far,game overall fun enjoy atmosphere enemy story gripe would wish game recognized press dodge button consistently feel sometimes itll dodge three time back back time itll dodge despite spamming button get hit probably skill issue great game far
207200837,76561199485488200,0,4,1558,94,en,"Great story, and great psychological horror. It may just be my new favorite horror just above the Resident Evil games. I haven't played the original Silent Hill 2, but from what I heard this remake is good in comparison.",1760998120,1761008998,True,0,0,0.5,True,False,great story great psychological horror may new favorite horror resident evil game havent played original silent hill heard remake good comparison,great story great psychological horror may new favorite horror resident evil game havent played original silent hill heard remake good comparison
207193761,76561198901661208,66,4,1718,387,en,"Unsettling and disturbing for the entire duration of the game. The combat is engaging without feeling too easy or too difficult. The environments are oppressive and the lighting is good too, never being able to see more than directly in front of you which keeps you on edge. I appreciate the game's utilization of vague, slow burning, implied story. Overall, a nearly perfect game. Some of the puzzles don't make sense first play through with me having to look up solutions online. 9/10",1760990392,1760990392,True,0,0,0.5,False,False,unsettling disturbing entire duration game combat engaging without feeling easy difficult environment oppressive lighting good never able see directly front keep edge appreciate game utilization vague slow burning implied story overall nearly perfect game puzzle dont make sense first play look solution online,unsettling disturbing entire duration game combat engaging without feeling easy difficult environment oppressive lighting good never able see directly front keep edge appreciate game utilization vague slow burning implied story overall nearly perfect game puzzle do not make sense first play look solution online
207188408,76561197962444524,165,4,828,45,en,"yes it stutters a lot no matter what you run it on, but if there's only one game you can forgive for having them, make it this one",1760985063,1760985063,True,0,0,0.5,False,False,yes stutter lot matter run there one game forgive make one,yes stutter lot matter run there one game forgive make one
207136917,76561197961606052,487,25,1783,604,en,"Yes, the stuttering issues are unfortunately a problem. With that said, overall the game was great in my experience. The story, gameplay, and puzzles were compelling and I enjoyed my time playing it. The setting and visuals were gorgeous and had me pausing at plenty of points to take in the scenery. I do think the latter half had too many enemies and that made it kind of drag and would feel a bit tiring.  PS: I'm using a 6800 XT, 7800X3D, 32 gigs of ram, nvme drive and was playing at 1080 with the in game frame limiter set to 60. Turning on FSR 3 somehow reduced the stuttering for me to not be as bad and happen less often  I'm not sure how though, as from what I've researched and know about the engine it's a problem with games using unreal engine. So don't be afraid to play around with the settings and see if something helps out.",1760920579,1760920579,True,0,0,0.5,False,False,yes stuttering issue unfortunately problem said overall game great experience story gameplay puzzle compelling enjoyed time playing setting visuals gorgeous pausing plenty point take scenery think latter half many enemy made kind drag would feel bit tiring p im using xt xd gig ram nvme drive playing game frame limiter set turning fsr somehow reduced stuttering bad happen less often im sure though ive researched know engine problem game using unreal engine dont afraid play around setting see something help,yes stuttering issue unfortunately problem said overall game great experience story gameplay puzzle compelling enjoyed time playing setting visuals gorgeous pausing plenty point take scenery think latter half many enemy made kind drag would feel bit tiring p i am using xt xd gig ram nvme drive playing game frame limiter set turning fsr somehow reduced stuttering bad happen less often i am sure though i have researched know engine problem game using unreal engine do not afraid play around setting see something help
207136557,76561198131943857,140,74,1157,1157,en,"I've only ever played silent hill 3 as a kid, had no idea what I was doing, and watched some downpour game play as well as the first movie. Nonetheless I am actually enjoying this. Graphics are solid, audio is solid, story is fine I can't say I'm at the edge of my seat but It's good enough to keep me going. Melee combat is solid, gun play feels realistic enough with some recoil.",1760920088,1760920088,True,0,0,0.5,False,False,ive ever played silent hill kid idea watched downpour game play well first movie nonetheless actually enjoying graphic solid audio solid story fine cant say im edge seat good enough keep going melee combat solid gun play feel realistic enough recoil,i have ever played silent hill kid idea watched downpour game play well first movie nonetheless actually enjoying graphic solid audio solid story fine cannot say i am edge seat good enough keep going melee combat solid gun play feel realistic enough recoil
207125042,76561198136440494,0,10,1181,47,en,A classic game that is beautifully remastered. Whether you're a long standing fan or a newcomer to the series I highly recommend you play this game. A solid 10/10 experience.,1760907180,1760907180,True,0,0,0.5,True,False,classic game beautifully remastered whether youre long standing fan newcomer series highly recommend play game solid experience,classic game beautifully remastered whether youre long standing fan newcomer series highly recommend play game solid experience
207120299,76561198116964767,562,63,1274,300,en,"at first i was letting my fanboy elitism get in the way for the first half of the game, but this game is genuinely miles better than the original and handles the game's subject matters with alot more care and nuance. 10/10 game",1760902906,1760902906,True,0,0,0.5,False,False,first letting fanboy elitism get way first half game game genuinely mile better original handle game subject matter alot care nuance game,first letting fanboy elitism get way first half game game genuinely mile better original handle game subject matter alot care nuance game
207106383,76561198993692017,0,3,2916,1906,en,"Great visuals, Good mechanics, and incredible story, definitely worth it :)",1760891668,1760891668,True,0,0,0.5,True,False,great visuals good mechanic incredible story definitely worth,great visuals good mechanic incredible story definitely worth
207102712,76561198133727187,54,5,3895,3761,en,Highly advice to play this game without spoiling it for you're self even if you played the first game lucky i didn't i was seeking to play it but i give it time when i planned to play the old game the remake comes  lucky me  highly advice to play alone it's Great there is great efforts in it you shouldn't miss play it for you're self you will not regret it,1760888916,1760888916,True,0,0,0.5,True,False,highly advice play game without spoiling youre self even played first game lucky didnt seeking play give time planned play old game remake come lucky highly advice play alone great great effort shouldnt miss play youre self regret,highly advice play game without spoiling youre self even played first game lucky didnt seeking play give time planned play old game remake come lucky highly advice play alone great great effort shouldnt miss play youre self regret
207084178,76561198021956287,0,3,2106,391,en, ---{ Graphics }--- ☑ You forget what reality is ☐ Beautiful ☐ Good ☐ Decent ☐ Bad ☐ Don‘t look too long at it ☐ MS-DOS  ---{ Gameplay }--- ☑ Very good ☐ Good ☐ It's just gameplay ☐ Mehh ☐ Watch paint dry instead ☐ Just don't  ---{ Audio }--- ☑ Eargasm ☐ Very good ☐ Good ☐ Not too bad ☐ Bad ☐ I'm now deaf  ---{ Audience }--- ☐ Kids ☐ Teens ☑ Adults ☑ Grandma  ---{ PC Requirements }--- ☐ Check if you can run paint ☐ Potato ☐ Decent ☑ Fast ☐ Rich boi ☐ Ask NASA if they have a spare computer  ---{ Game Size }--- ☐ Floppy Disk ☑ Old Fashioned ☐ Workable ☐ Big ☐ Will eat 15% of your 1TB hard drive ☐ You will want an entire hard drive to hold it ☐ You will need to invest in a black hole to hold all the data  ---{ Difficulty }--- ☐ Just press 'W' ☐ Easy ☐ Easy to learn / Hard to master ☑ Significant brain usage ☐ Difficult ☐ Dark Souls  ---{ Grind }--- ☑ Nothing to grind ☐ Only if u care about leaderboards/ranks ☐ Isn't necessary to progress ☐ Average grind level ☐ Too much grind ☐ You'll need a second life for grinding  ---{ Story }--- ☐ No Story ☐ Some lore ☐ Average ☐ Good ☑ Lovely ☐ It'll replace your life  ---{ Game Time }--- ☐ Long enough for a cup of coffee ☐ Short ☑ Average ☐ Long ☐ To infinity and beyond  ---{ Price }--- ☐ It's free! ☑ Worth the price ☐ If it's on sale ☐ If u have some spare money left ☐ Not recommended ☐ You could also just burn your money  ---{ Bugs }--- ☑ Never heard of ☐ Minor bugs ☐ Can get annoying ☐ ARK: Survival Evolved ☐ The game itself is a big terrarium for bugs  ---{ ? / 10 }--- ☐ 1 ☐ 2 ☐ 3 ☐ 4 ☐ 5 ☐ 6 ☐ 7 ☐ 8 ☐ 9 ☑ 10 ,1760873740,1760873740,True,0,0,0.5,False,False,graphic forget reality beautiful good decent bad dont look long msdos gameplay good good gameplay mehh watch paint dry instead dont audio eargasm good good bad bad im deaf audience kid teen adult grandma pc requirement check run paint potato decent fast rich boi ask nasa spare computer game size floppy disk old fashioned workable big eat tb hard drive want entire hard drive hold need invest black hole hold data difficulty press w easy easy learn hard master significant brain usage difficult dark soul grind nothing grind u care leaderboardsranks isnt necessary progress average grind level much grind youll need second life grinding story story lore average good lovely itll replace life game time long enough cup coffee short average long infinity beyond price free worth price sale u spare money left recommended could also burn money bug never heard minor bug get annoying ark survival evolved game big terrarium bug,graphic forget reality beautiful good decent bad do not look long msdos gameplay good good gameplay mehh watch paint dry instead do not audio eargasm good good bad bad i am deaf audience kid teen adult grandma pc requirement check run paint potato decent fast rich boi ask nasa spare computer game size floppy disk old fashioned workable big eat tb hard drive want entire hard drive hold need invest black hole hold data difficulty press w easy easy learn hard master significant brain usage difficult dark soul grind nothing grind you care leaderboardsranks isnt necessary progress average grind level much grind youll need second life grinding story story lore average good lovely itll replace life game time long enough cup coffee short average long infinity beyond price free worth price sale you spare money left recommended could also burn money bug never heard minor bug get annoying ark survival evolved game big terrarium bug
207068211,76561198032701166,196,1,1087,384,en,"I never played the original, but this remastered version is great. It's exactly what I like about this type of game, a dense atmosphere, a sense of vague fear, and a bit of detective work. The gameplay is also good, the only complaint is about the appearance of the enemies and their repetition. However, I highly recommend the game.",1760855679,1760855679,True,0,0,0.5,False,False,never played original remastered version great exactly like type game dense atmosphere sense vague fear bit detective work gameplay also good complaint appearance enemy repetition however highly recommend game,never played original remastered version great exactly like type game dense atmosphere sense vague fear bit detective work gameplay also good complaint appearance enemy repetition however highly recommend game
207064630,76561198342653628,0,9,202,1,en,"Masterpiece, never have I played horror game like this before, atmosphere, level designs, music, tone of complete game is what made it one of for sure top 5 games ever played for me. Its a must buy",1760850805,1760850805,True,0,0,0.5,True,False,masterpiece never played horror game like atmosphere level design music tone complete game made one sure top game ever played must buy,masterpiece never played horror game like atmosphere level design music tone complete game made one sure top game ever played must buy
207049014,76561198175899679,0,7,4026,117,en,"It's a great game overall. Although, no matter how low i put the settings it always had parts where it would drop down to 2fps for like 15 seconds.",1760830982,1760830982,True,0,0,0.5,False,False,great game overall although matter low put setting always part would drop fps like second,great game overall although matter low put setting always part would drop fps like second
207045556,76561198046520186,0,8,1464,0,en,"This game gave me nightmares and is the horror game that has jumpscared me the most. Smooth gameplay on behalf of the remake, an incredibly thick and heavy atmosphere (along with an amazing OST), characters full of depth, trauma, turmoil, and grief with a narrative and world that leaves a lot to sink your teeth into, both for this game and the entire world of Silent Hill.  A must play for anyone with even a hint of interest in survival horror and a very strong recommend for anyone with any interest for this game that isn't usually a fan of the genre, it is an incredible game and an incredible piece of media.",1760826958,1760826958,True,0,0,0.5,False,True,game gave nightmare horror game jumpscared smooth gameplay behalf remake incredibly thick heavy atmosphere along amazing ost character full depth trauma turmoil grief narrative world leaf lot sink teeth game entire world silent hill must play anyone even hint interest survival horror strong recommend anyone interest game isnt usually fan genre incredible game incredible piece medium,game gave nightmare horror game jumpscared smooth gameplay behalf remake incredibly thick heavy atmosphere along amazing ost character full depth trauma turmoil grief narrative world leaf lot sink teeth game entire world silent hill must play anyone even hint interest survival horror strong recommend anyone interest game isnt usually fan genre incredible game incredible piece medium
207005295,76561198039825952,0,8,1818,183,en,"I never played the original so cannot comment there but this is a very linear game although I didn't mind that since the story is very good, they have got the atmosphere right and the game game looks really nice visually. The only thing that taints the experience is the technical side, the obvious UE5 stutter, especially traversable stutter which becomes annoying at times, why do we always have to deal with this on UE5 games.... HDR looked too washed out for me in the early stages with the fog but the later indoor areas it looks great. I didn't really see the benefit of ray tracing given the performance cost so I didn't bother with it.  In all an enjoyable experience.",1760793153,1760793153,True,0,0,0.5,False,False,never played original comment linear game although didnt mind since story good got atmosphere right game game look really nice visually thing taint experience technical side obvious ue stutter especially traversable stutter becomes annoying time always deal ue game hdr looked washed early stage fog later indoor area look great didnt really see benefit ray tracing given performance cost didnt bother enjoyable experience,never played original comment linear game although didnt mind since story good got atmosphere right game game look really nice visually thing taint experience technical side obvious ue stutter especially traversable stutter becomes annoying time always deal ue game hdr looked washed early stage fog later indoor area look great didnt really see benefit ray tracing given performance cost didnt bother enjoyable experience
206992221,76561199638852839,0,2,1295,147,en,"going into this remake blind, not playing the original. i thoroughly enjoyed my experience. Story was great, combat was tense at times and the atmosphere was chilling. the game didn't run too smoothly at first with the fog of UE5, but worth getting past.",1760780106,1760780106,True,0,0,0.5,False,False,going remake blind playing original thoroughly enjoyed experience story great combat tense time atmosphere chilling game didnt run smoothly first fog ue worth getting past,going remake blind playing original thoroughly enjoyed experience story great combat tense time atmosphere chilling game didnt run smoothly first fog ue worth getting past
206978651,76561198175592905,0,7,898,195,en,"Silent Hill has always been one of my favorite series, with Shattered Memories being my favorite. Just as I enjoyed the original Silent Hill 2, I loved and adore this remaster. I am hoping that these remasters and new additions will draw people to the series. Enjoy the scares.",1760762866,1760762866,True,0,0,0.5,False,False,silent hill always one favorite series shattered memory favorite enjoyed original silent hill loved adore remaster hoping remasters new addition draw people series enjoy scare,silent hill always one favorite series shattered memory favorite enjoyed original silent hill loved adore remaster hoping remasters new addition draw people series enjoy scare
206965318,76561198066788185,725,21,748,215,en,"I played the original when it came out, but I was very young and couldnt really progress much through the game. I'm surprised by how immersive, detailed and photorealistic this game is. It's scary as fuck, story is amazing, mysterious and gripping so far. Puzzles are very rewarding, and well crafted. Can't wait to finish it.",1760746120,1760746120,True,0,0,0.5,False,False,played original came young couldnt really progress much game im surprised immersive detailed photorealistic game scary fuck story amazing mysterious gripping far puzzle rewarding well crafted cant wait finish,played original came young couldnt really progress much game i am surprised immersive detailed photorealistic game scary fuck story amazing mysterious gripping far puzzle rewarding well crafted cannot wait finish
206906275,76561198102527726,374,59,1518,54,en,Great game had to replay it since i have not touched a silent hill game since the ps1 days was a great game kept me on my toes would recommend to anyone that played the old school silent hill games 8.5/10,1760681568,1760681568,True,0,0,0.5,True,False,great game replay since touched silent hill game since p day great game kept toe would recommend anyone played old school silent hill game,great game replay since touched silent hill game since p day great game kept toe would recommend anyone played old school silent hill game
206905921,76561199004849695,291,21,1313,1,en,One of the few games in existence that make use of the format in truly brilliant ways. It is good art.,1760680985,1760680985,True,0,0,0.5,False,False,one game existence make use format truly brilliant way good art,one game existence make use format truly brilliant way good art
206901988,76561197998113551,0,4,3849,0,en,"It's my birthday. Here I am all alone, I finished it after putting it off for so long. Just like the original, it made me cry. This isn't just a game, for me it's therapy.",1760674388,1760674388,True,0,0,0.5,True,False,birthday alone finished putting long like original made cry isnt game therapy,birthday alone finished putting long like original made cry isnt game therapy
206894074,76561199768552865,0,7,1773,616,en,"One Of The Greatest Games i've Played so far , Great Graphics , Story , Depth. Definitely In Top Game",1760662742,1760662742,True,0,0,0.5,True,False,one greatest game ive played far great graphic story depth definitely top game,one greatest game i have played far great graphic story depth definitely top game
206887589,76561199002210552,42,3,880,168,en,"if you are looking for a game to scare you, this is it. Its a game that messes with your brain with its atmosphere. So if you are looking for a good horror game, this is it.",1760653930,1760653930,True,0,0,0.5,False,False,looking game scare game mess brain atmosphere looking good horror game,looking game scare game mess brain atmosphere looking good horror game
206869028,76561198980643601,0,14,3157,672,en,"I have spent many hours on this game, and it IS really good, however for anyone who may see this I want you to know that if you play in New Game+, you CANNOT collect the final document if you're trying to get them all. Weird flaw in the game.",1760635628,1760635628,True,0,0,0.5,True,False,spent many hour game really good however anyone may see want know play new game collect final document youre trying get weird flaw game,spent many hour game really good however anyone may see want know play new game collect final document youre trying get weird flaw game
206860765,76561199003133187,49,4,995,0,en,"Very immersive, great storytelling in details",1760628464,1760628464,True,0,0,0.5,False,False,immersive great storytelling detail,immersive great storytelling detail
206848430,76561198046570291,373,6,1207,0,en,"This game is so good I love it to bits. The story, ambience, voice acting, characters, gameplay, music/sound, atmosphere and enemies everything just hits where you want it to. It's creepy and geniuenly terrying at times but the story keeps you going. I don't think there will ever be a game that can convey the same emotions the way silent hill 2 can",1760616062,1760616062,True,0,0,0.5,False,False,game good love bit story ambience voice acting character gameplay musicsound atmosphere enemy everything hit want creepy geniuenly terrying time story keep going dont think ever game convey emotion way silent hill,game good love bit story ambience voice acting character gameplay musicsound atmosphere enemy everything hit want creepy geniuenly terrying time story keep going do not think ever game convey emotion way silent hill
206840033,76561199200059404,0,25,1515,0,en,This is if Split Fiction was a horror game. Amazing symbolisim and scary asf. Only gripe is that it runs like shit without upscaling.,1760604314,1760604314,True,0,0,0.5,False,False,split fiction horror game amazing symbolisim scary asf gripe run like shit without upscaling,split fiction horror game amazing symbolisim scary asf gripe run like shit without upscaling
206837340,76561198154486075,1201,19,1487,0,en,"A remake of one of the greatest survival horror games of all time and it sticks every landing. The voice acting and facial animations are incredible, combat is improved, the graphics are incredible. Other than the Unreal stutter issues this game is brilliant in every capacity. I cannot express enough how much the original meant to younger me, and this game reminds me of why this series is so special.",1760600150,1760600150,True,0,0,0.5,False,False,remake one greatest survival horror game time stick every landing voice acting facial animation incredible combat improved graphic incredible unreal stutter issue game brilliant every capacity express enough much original meant younger game reminds series special,remake one greatest survival horror game time stick every landing voice acting facial animation incredible combat improved graphic incredible unreal stutter issue game brilliant every capacity express enough much original meant younger game reminds series special
206835746,76561198831912234,75,3,1481,0,en,"I haven't finished the game yet, but every time I open it at to play it's a unique experience, it is like having one of those lucid dreams. The game is creepy, but for me is not just about it, the nostalgic feeling, the mystery, the fear of the unknown makes this a complete masterpiece. As someone who played the original version back in the day and even cried during some moments, this remake is perfect, it transmit the same feeling as the original but BETTER, a great example of what a remake should be, improve grafics, physics, interaction, etc. It also changes some courses that is fair with the original, making some scenes unexpected, this is what a remake should be. The silent hill 2 original is great and this studio Bloober Team brought us the opportunity to revive this experience in the most sweet way that no studio has been able to. It's great in every sence.",1760597264,1760597264,True,0,0,0.5,True,False,havent finished game yet every time open play unique experience like one lucid dream game creepy nostalgic feeling mystery fear unknown make complete masterpiece someone played original version back day even cried moment remake perfect transmit feeling original better great example remake improve grafics physic interaction etc also change course fair original making scene unexpected remake silent hill original great studio bloober team brought u opportunity revive experience sweet way studio able great every sence,havent finished game yet every time open play unique experience like one lucid dream game creepy nostalgic feeling mystery fear unknown make complete masterpiece someone played original version back day even cried moment remake perfect transmit feeling original better great example remake improve grafics physic interaction etc also change course fair original making scene unexpected remake silent hill original great studio bloober team brought you opportunity revive experience sweet way studio able great every sence
206835741,76561198279832356,275,106,2062,0,en,"One of the best remakes of all time! This game understand the original so well and expands upon everything that made the original so great. Everything in this game was so perfectly crafted to make this one of the scariest, atmosphereic, emotional games I have ever played. For me it stands alongside it's original as one of the best horror games of all time! 10/10 Silent Hill is back and it's hit it's peak again!",1760597254,1760597254,True,0,0,0.5,True,False,one best remake time game understand original well expands upon everything made original great everything game perfectly crafted make one scariest atmosphereic emotional game ever played stand alongside original one best horror game time silent hill back hit peak,one best remake time game understand original well expands upon everything made original great everything game perfectly crafted make one scariest atmosphereic emotional game ever played stand alongside original one best horror game time silent hill back hit peak
206832804,76561198045858869,0,24,3084,758,en,"My first experience with SH2.  I never played the original, but a friend of mine who had, gave this remake a huge thumbs up.  Definitely play with lights off and headphones on, unless you're chicken like me and play it with all the lights on, TV speakers, and have a comedy podcast playing on my phone!  Fantastic port with great gameplay, terrific story and beautiful graphics.  I can't recc this game enough!",1760592079,1760592079,True,0,0,0.5,False,False,first experience sh never played original friend mine gave remake huge thumb definitely play light headphone unless youre chicken like play light tv speaker comedy podcast playing phone fantastic port great gameplay terrific story beautiful graphic cant recc game enough,first experience sh never played original friend mine gave remake huge thumb definitely play light headphone unless youre chicken like play light tv speaker comedy podcast playing phone fantastic port great gameplay terrific story beautiful graphic cannot recc game enough
206822448,76561198168203059,0,100,3120,1,en,"Hauntingly beautiful.  Silent Hill 2 is gorgeous in the most terrifying way possible. I mean, it is scary: the whole journey, guaranteed to be over 12 hours long on a first run, is a long, slow descent into the depths of a post-industrial hell made of rusted metal, bloodied cloth, deformed enemies, and non-euclidean geography. A sizeable portion of my enjoyment of this game lay in its aesthetics, and holy hell, did it deliver. Floors lead to empty voids, interior ceilings may or may not exist, Silent Hill itself turns inside-out and adopts the appearance of machinery's interiors, and claustrophobia reigns supreme. Whether in the [spoiler]normal town[/spoiler] and its desolate, sinister, isolating aura, or the [spoiler]Otherworld[/spoiler] and its oppressive, screeching, decaying premise, the modern visuals never failed to disappoint.  At the same time, Silent Hill 2 is a captivating sight to behold: the story is utterly captivating and compelling, and seeing James Sunderland's slog through his rotting iron purgatory, replete with guilt, punishment, and cruel metaphors, will be hard for me to forget. From Half-Life 2 to Resident Evil 4 to Spec Ops: The Line, I've always loved the long, nearly-unbroken journey across a vast space, learning more about the characters as they overcome greater trials, and SH2 is no exception. Never played the original, so I can't say how accurate or faithful it is, but it doesn't really matter that much to me. The underlying themes of [spoiler]guilt, trauma, and active repression of memories over an atrocious but darkly-understandable action in the face of watching a loved one slowly die with no hope for a cure[/spoiler] is a series off raw gut-punches, wrought with disturbing visual metaphors in the environmental, enemy, and atmospheric design.  The realistic aspects of Silent Hill 2 were well-received; the voice acting and dialogue stayed perfectly believable, and the acting itself was excellent throughout. Every character was memorable: James and Pyramid Head for obvious reasons, but Maria's, Eddie's, and Laura's performances gave the game a perfectly surreal and unsettling atmosphere. Combat isn't particularly hard if you're good at resource management, but on the hardest difficulty, it's not easy either. Preserving bullets and medical supplies is crucial, but if you're diligent with melee, saving up a few dozen bullets or so is entirely doable. They'll be needed during boss fights. Puzzles aren't hard either, but if they're not your thing, the experience of walking back and forth between rooms to find trinkets for hours won't be overly fun. This game is a masterpiece to me, though, and a gold-standard remake of a classic psychological horror game that's guaranteed to stick around in a player's brain for years.",1760576421,1760576421,True,0,0,0.5,False,False,hauntingly beautiful silent hill gorgeous terrifying way possible mean scary whole journey guaranteed hour long first run long slow descent depth postindustrial hell made rusted metal bloodied cloth deformed enemy noneuclidean geography sizeable portion enjoyment game lay aesthetic holy hell deliver floor lead empty void interior ceiling may may exist silent hill turn insideout adopts appearance machinery interior claustrophobia reign supreme whether spoilernormal townspoiler desolate sinister isolating aura spoilerotherworldspoiler oppressive screeching decaying premise modern visuals never failed disappoint time silent hill captivating sight behold story utterly captivating compelling seeing james sunderland slog rotting iron purgatory replete guilt punishment cruel metaphor hard forget halflife resident evil spec ops line ive always loved long nearlyunbroken journey across vast space learning character overcome greater trial sh exception never played original cant say accurate faithful doesnt really matter much underlying theme spoilerguilt trauma active repression memory atrocious darklyunderstandable action face watching loved one slowly die hope curespoiler series raw gutpunches wrought disturbing visual metaphor environmental enemy atmospheric design realistic aspect silent hill wellreceived voice acting dialogue stayed perfectly believable acting excellent throughout every character memorable james pyramid head obvious reason maria eddy lauras performance gave game perfectly surreal unsettling atmosphere combat isnt particularly hard youre good resource management hardest difficulty easy either preserving bullet medical supply crucial youre diligent melee saving dozen bullet entirely doable theyll needed bos fight puzzle arent hard either theyre thing experience walking back forth room find trinket hour wont overly fun game masterpiece though goldstandard remake classic psychological horror game thats guaranteed stick around player brain year,hauntingly beautiful silent hill gorgeous terrifying way possible mean scary whole journey guaranteed hour long first run long slow descent depth postindustrial hell made rusted metal bloodied cloth deformed enemy noneuclidean geography sizeable portion enjoyment game lay aesthetic holy hell deliver floor lead empty void interior ceiling may may exist silent hill turn insideout adopts appearance machinery interior claustrophobia reign supreme whether spoilernormal townspoiler desolate sinister isolating aura spoilerotherworldspoiler oppressive screeching decaying premise modern visuals never failed disappoint time silent hill captivating sight behold story utterly captivating compelling seeing james sunderland slog rotting iron purgatory replete guilt punishment cruel metaphor hard forget halflife resident evil spec ops line i have always loved long nearlyunbroken journey across vast space learning character overcome greater trial sh exception never played original cannot say accurate faithful doesnt really matter much underlying theme spoilerguilt trauma active repression memory atrocious darklyunderstandable action face watching loved one slowly die hope curespoiler series raw gutpunches wrought disturbing visual metaphor environmental enemy atmospheric design realistic aspect silent hill wellreceived voice acting dialogue stayed perfectly believable acting excellent throughout every character memorable james pyramid head obvious reason maria eddy lauras performance gave game perfectly surreal unsettling atmosphere combat isnt particularly hard youre good resource management hardest difficulty easy either preserving bullet medical supply crucial youre diligent melee saving dozen bullet entirely doable theyll needed bos fight puzzle arent hard either theyre thing experience walking back forth room find trinket hour will not overly fun game masterpiece though goldstandard remake classic psychological horror game thats guaranteed stick around player brain year
206788353,76561198123041464,0,2,2035,0,en,Masterpiece   Played just about every horror game out there nothing comes close.,1760541027,1760541027,True,0,0,0.5,False,False,masterpiece played every horror game nothing come close,masterpiece played every horror game nothing come close
206768273,76561198060628833,0,1,218,0,en,"I have 4070 ti super, and Stuttering is so horrible it's unplayable. Even if I cap it to 60fps it's still the same. It's so unfortunate because the game itself is amazing. And it looks like they don't give a shit to fix it.",1760515928,1760515928,False,0,0,0.5,True,False,ti super stuttering horrible unplayable even cap fps still unfortunate game amazing look like dont give shit fix,ti super stuttering horrible unplayable even cap fps still unfortunate game amazing look like do not give shit fix
206767232,76561198829898409,0,11,1569,0,en,"I adored this game, the graphics are beautiful and the atmosphere is all consuming. Not to mention how much I am infatuated with Mary Sunderland. I have not played the original so I cannot speak or the remake's accuracy but I very much enjoyed it. James is a piece of shit though haha",1760514097,1760514097,True,0,0,0.5,True,False,adored game graphic beautiful atmosphere consuming mention much infatuated mary sunderland played original speak remake accuracy much enjoyed james piece shit though haha,adored game graphic beautiful atmosphere consuming mention much infatuated mary sunderland played original speak remake accuracy much enjoyed james piece shit though haha
206755984,76561198200204891,526,88,1332,0,en,"I am so glad this remake exists. I never had the chance to play the original SH2, and while I'm sure it's not quite the same as how original fans remember, for me, this was a haunting, extremely memorable experience. The modernized graphics and gameplay manage to remain unsettling while making the game more accessible for an audience of today. I feel like I now understand a part of horror game history, and I will definitely play it again sometime.",1760495209,1760495209,True,0,0,0.5,True,False,glad remake exists never chance play original sh im sure quite original fan remember haunting extremely memorable experience modernized graphic gameplay manage remain unsettling making game accessible audience today feel like understand part horror game history definitely play sometime,glad remake exists never chance play original sh i am sure quite original fan remember haunting extremely memorable experience modernized graphic gameplay manage remain unsettling making game accessible audience today feel like understand part horror game history definitely play sometime
206751629,76561199079570785,233,8,2773,0,en,"Finally understood why I liked this! It's just like SIGNALIS: your wife is dead and you need to find her [corpse]. But before that - kill a horde of zombies and solve dozens upon dozens of puzzles. But honestly? I enjoyed the music, the atmosphere, all the countless rooms with their unique interiors, really scary enemies, the architecture of the city (like the inner yard of that apartment building with the chute). I don't think I was too much into all of the symbolism of things, but there is also so much about the game outside the game. Like its own world where you could immerse if you want to revisit that part of you that you left in it the time you finished the game. I also liked the chainsaw in new game plus! But only for a little while, as it rendered all enemies helpless. And this game isn't what it is when you can kill all your enemies instantly. I also liked that moment where she said ""LoOost?"", but I didn't like that I had to wash my pants so often because of all those freaking mannequins and they are something completely different let me tell you that. But I also think that this game had some problems with pacing and sometimes it felt like a chore finding your way around the next apartment building, hospital, hotel or whatever. It was a great experience as a whole! Also, I'm not good at such games and do things slowly because I find every detail important, which usually isn't important at all. And so maybe you'd find enemies aren't as strong as I did. Also, I remember I finished it some time around new year's eve, and so it has a special place in my memory like a small refuge that I escaped into during winter holidays. Also, I loved that moment in GmanLives' review where he said Silent Hill isn't a kind of place you want to be in, and one another random video that is about James regretting nothing. Peace!",1760489223,1760489223,True,0,0,0.5,True,False,finally understood liked like signalis wife dead need find corpse kill horde zombie solve dozen upon dozen puzzle honestly enjoyed music atmosphere countless room unique interior really scary enemy architecture city like inner yard apartment building chute dont think much symbolism thing also much game outside game like world could immerse want revisit part left time finished game also liked chainsaw new game plus little rendered enemy helpless game isnt kill enemy instantly also liked moment said looost didnt like wash pant often freaking mannequin something completely different let tell also think game problem pacing sometimes felt like chore finding way around next apartment building hospital hotel whatever great experience whole also im good game thing slowly find every detail important usually isnt important maybe youd find enemy arent strong also remember finished time around new year eve special place memory like small refuge escaped winter holiday also loved moment gmanlives review said silent hill isnt kind place want one another random video james regretting nothing peace,finally understood liked like signalis wife dead need find corpse kill horde zombie solve dozen upon dozen puzzle honestly enjoyed music atmosphere countless room unique interior really scary enemy architecture city like inner yard apartment building chute do not think much symbolism thing also much game outside game like world could immerse want revisit part left time finished game also liked chainsaw new game plus little rendered enemy helpless game isnt kill enemy instantly also liked moment said looost didnt like wash pant often freaking mannequin something completely different let tell also think game problem pacing sometimes felt like chore finding way around next apartment building hospital hotel whatever great experience whole also i am good game thing slowly find every detail important usually isnt important maybe youd find enemy arent strong also remember finished time around new year eve special place memory like small refuge escaped winter holiday also loved moment gmanlives review said silent hill isnt kind place want one another random video james regretting nothing peace
206745434,76561198093529102,213,3,2356,47,en,"Fantastic fucking game.  You'll want to fire up New Game+ once you finish it for the first time.  It will have you bashing enemies one second then running in terror the next. The graphics and details in the world are great. You'll meet characters with stories of their own. I've haven't played the original, but this remake it top tier.",1760481256,1760481256,True,0,0,0.5,False,False,fantastic fucking game youll want fire new game finish first time bashing enemy one second running terror next graphic detail world great youll meet character story ive havent played original remake top tier,fantastic fucking game youll want fire new game finish first time bashing enemy one second running terror next graphic detail world great youll meet character story i have havent played original remake top tier
206724830,76561198994788685,0,1,821,0,en,"Where do I even start. This game is magnificent, the vibe, the meaning, the characters, the horror, and the small key details to look back upon. Truly a masterpiece, I have never felt so many feelings in a video game before. The way it can just make you feel terrified and curious at the same time is insane.",1760461292,1760461292,True,0,0,0.5,True,False,even start game magnificent vibe meaning character horror small key detail look back upon truly masterpiece never felt many feeling video game way make feel terrified curious time insane,even start game magnificent vibe meaning character horror small key detail look back upon truly masterpiece never felt many feeling video game way make feel terrified curious time insane
206722793,76561198336169872,0,13,1540,117,en,"“A haunting story about grief, love, and truth.”  I love everything about this game, it's deeply emotional journey wrapped in mystery and dead. What makes it special is how the story isn't laid out for the player, it slowly unfolds piece by piece, never rushing to give answers. At first everything may feel confusing and unsettling, but every step you take reveal just a bit more of the truth behind the story.  Beneath all the terrifying atmosphere lies a surprisingly beautiful tragic love story. The game explores grief, guilt and love in a way that feels warm and heartfelt. By the time you reach the ending, everything clicks into place with an incredible reveal that can completely change the way the player views the journey.  What makes Silent Hill 2 unforgettable is how personal it feels. it makes you feel the weight of its story. It’s sad, it’s beautiful, and it stays with you long after the credits roll.",1760459392,1760459392,True,0,0,0.5,True,False,haunting story grief love truth love everything game deeply emotional journey wrapped mystery dead make special story isnt laid player slowly unfolds piece piece never rushing give answer first everything may feel confusing unsettling every step take reveal bit truth behind story beneath terrifying atmosphere lie surprisingly beautiful tragic love story game explores grief guilt love way feel warm heartfelt time reach ending everything click place incredible reveal completely change way player view journey make silent hill unforgettable personal feel make feel weight story sad beautiful stay long credit roll,haunting story grief love truth love everything game deeply emotional journey wrapped mystery dead make special story isnt laid player slowly unfolds piece piece never rushing give answer first everything may feel confusing unsettling every step take reveal bit truth behind story beneath terrifying atmosphere lie surprisingly beautiful tragic love story game explores grief guilt love way feel warm heartfelt time reach ending everything click place incredible reveal completely change way player view journey make silent hill unforgettable personal feel make feel weight story sad beautiful stay long credit roll
206722282,76561198140399168,176,27,3423,0,en,"Currently playing the original and I can't believe people are saying the original is better, since I only ever played the first one and not this one I'm not so nostalgic for the original and can confidently say this is the definitive version of the game and the best way to experience the story. The pacing is far better, the puzzles are cooler, the atmosphere is 10 times as scary and unsettling, the voice acting and dialogue is so much better, there's gonna be about three times as much gameplay time than the original coming in blind, the graphics are stunning, although poorly optimised which is about the only bad thing I can think of about this game. This is one of the few games I could confidently rate 10/10, it's actually a masterpiece.",1760458937,1760458937,True,0,0,0.5,False,False,currently playing original cant believe people saying original better since ever played first one one im nostalgic original confidently say definitive version game best way experience story pacing far better puzzle cooler atmosphere time scary unsettling voice acting dialogue much better there gon na three time much gameplay time original coming blind graphic stunning although poorly optimised bad thing think game one game could confidently rate actually masterpiece,currently playing original cannot believe people saying original better since ever played first one one i am nostalgic original confidently say definitive version game best way experience story pacing far better puzzle cooler atmosphere time scary unsettling voice acting dialogue much better there gon na three time much gameplay time original coming blind graphic stunning although poorly optimised bad thing think game one game could confidently rate actually masterpiece
206718527,76561198035136001,284,13,1024,0,en,"it is a perfect game, and I mean that in the most literal sense. I can't think of a bad thing.",1760455678,1760455678,True,0,0,0.5,True,False,perfect game mean literal sense cant think bad thing,perfect game mean literal sense cannot think bad thing
206704307,76561199437341499,0,4,4669,14,en,"My rig: Ryzen 7800x3D, Asus Tuf  4090. Running  the game at max settings, native 1440, locked 60fps.  One of my all time favorites, For me this game is near perfect, looks great, sounds great, plays great. If I had to nitpick I would say I feel the game pacing drags on towards the end. Not a big deal really.",1760442195,1760442195,True,0,0,0.5,True,False,rig ryzen xd asus tuf running game max setting native locked fps one time favorite game near perfect look great sound great play great nitpick would say feel game pacing drag towards end big deal really,rig ryzen xd asus tuf running game max setting native locked fps one time favorite game near perfect look great sound great play great nitpick would say feel game pacing drag towards end big deal really
206677677,76561198251171284,37,20,1310,0,en,"The atmosphere in this game is incredible, from the fog to the disgusting monsters, making it feel like you are actually in sillent hill. I enjoyed the mystery in the story and how we slowly figure out whats actually happening in this town.",1760403587,1760403587,True,0,0,0.5,False,False,atmosphere game incredible fog disgusting monster making feel like actually sillent hill enjoyed mystery story slowly figure whats actually happening town,atmosphere game incredible fog disgusting monster making feel like actually sillent hill enjoyed mystery story slowly figure whats actually happening town
206670106,76561198331189736,0,209,749,10,en,"It's pretty good, I guess. The original is better, and I'm not just saying that to be an elitist snob who thinks that anything new is automatically bad, it's just that the original was far more unique and stylized, it felt like something I've never played before and it kept my attention over the entire runtime to my surprise. The remake hits all the same plot points with greatly refined controls and beautiful graphics, but I can't help but feel like something's been lost. It fails to hold my attention like the original did, it feels like something I've played a million times before, it misses the dreamlike atmosphere and feeling of creativity that the original had. I'm recommending it because others will probably enjoy it, but much like the RE4 remake, it feels like the original game with all of the stylistic and creative elements sanded down to appeal to a broader audience.",1760394451,1760394451,True,0,0,0.5,False,False,pretty good guess original better im saying elitist snob think anything new automatically bad original far unique stylized felt like something ive never played kept attention entire runtime surprise remake hit plot point greatly refined control beautiful graphic cant help feel like somethings lost fails hold attention like original feel like something ive played million time miss dreamlike atmosphere feeling creativity original im recommending others probably enjoy much like remake feel like original game stylistic creative element sanded appeal broader audience,pretty good guess original better i am saying elitist snob think anything new automatically bad original far unique stylized felt like something i have never played kept attention entire runtime surprise remake hit plot point greatly refined control beautiful graphic cannot help feel like somethings lost fails hold attention like original feel like something i have played million time miss dreamlike atmosphere feeling creativity original i am recommending others probably enjoy much like remake feel like original game stylistic creative element sanded appeal broader audience
206666572,76561199414588351,0,6,1278,0,en,"3/5 love the original, this game was great UNTIL the prison,labyrinth and final Lakeview hotel. My gosh what an endless chore backtracking and finding all the keys etc. very disappointing, they padded this game by 6hrs. Go w the og if you can find it",1760390853,1760390853,True,0,0,0.5,False,False,love original game great prisonlabyrinth final lakeview hotel gosh endless chore backtracking finding key etc disappointing padded game hr go w og find,love original game great prisonlabyrinth final lakeview hotel gosh endless chore backtracking finding key etc disappointing padded game hr go w og find
206662105,76561199369205430,0,6,4544,29,en,"it's 95% the same of what i loved about the original, and is twice as fun to play 9.6/10",1760386792,1760386792,True,0,0,0.5,False,False,loved original twice fun play,loved original twice fun play
206653160,76561197982784664,0,43,2798,0,en,"While I dont think the game is quite as good as the majority of the reviews on Steam it's still a very good game. It is very atmospheric, has a nostalgic tone, wonderful music and is an excellent horror survival game for the most. However the game is perhaps somewhat too long and becomes repetitive towards the end and some of the puzzles - of which there are a lot- are far-fetched.",1760379577,1760379577,True,0,0,0.5,True,False,dont think game quite good majority review steam still good game atmospheric nostalgic tone wonderful music excellent horror survival game however game perhaps somewhat long becomes repetitive towards end puzzle lot farfetched,do not think game quite good majority review steam still good game atmospheric nostalgic tone wonderful music excellent horror survival game however game perhaps somewhat long becomes repetitive towards end puzzle lot farfetched
206616756,76561198004580848,0,8,1206,0,en,"A remake that not only captures the spirit of the original, but actually improves on it.",1760341248,1760341248,True,0,0,0.5,False,False,remake capture spirit original actually improves,remake capture spirit original actually improves
206606402,76561199142585298,0,23,1920,0,en,"This game is amazing! This is definitely one of the best horror games I have ever played. It has an amazing story one of the best stories ever in a video game I have seen, I mean if you really start digging deep and go back to play the game you'll some references like in the abstract daddy boss arena, pyramid head, the dialogue everything down to the environment was specially crafted with some great scares but more importantly to relay a message. Doesn't mean it's perfect though my only complaint is the repetitive cycle to it; mostly, enter location, find puzzle, find puzzle pieces through different sections of the area, put it together, chase or boss or big HOLE, then rinse and repeat, it gets a little stale sometimes but I think areas like Lakeview Hotel especially after Tolka Prison and Labyrinth was really refreshing. Overall you should definitely play this game if you are even some what intrigued for this game is a must play.",1760325743,1760325743,True,0,0,0.5,True,False,game amazing definitely one best horror game ever played amazing story one best story ever video game seen mean really start digging deep go back play game youll reference like abstract daddy bos arena pyramid head dialogue everything environment specially crafted great scare importantly relay message doesnt mean perfect though complaint repetitive cycle mostly enter location find puzzle find puzzle piece different section area put together chase bos big hole rinse repeat get little stale sometimes think area like lakeview hotel especially tolka prison labyrinth really refreshing overall definitely play game even intrigued game must play,game amazing definitely one best horror game ever played amazing story one best story ever video game seen mean really start digging deep go back play game youll reference like abstract daddy bos arena pyramid head dialogue everything environment specially crafted great scare importantly relay message doesnt mean perfect though complaint repetitive cycle mostly enter location find puzzle find puzzle piece different section area put together chase bos big hole rinse repeat get little stale sometimes think area like lakeview hotel especially tolka prison labyrinth really refreshing overall definitely play game even intrigued game must play
206597152,76561198969782582,60,19,1802,0,en,"Fantastic remake, very beautiful, very fun. But it could never replace the original <3",1760314223,1760314223,True,0,0,0.5,True,False,fantastic remake beautiful fun could never replace original,fantastic remake beautiful fun could never replace original
206576260,76561198006719960,0,24,1106,0,en,"Playing Silent Hill 2 Remake on PC felt like stepping into a nightmare I didn’t want to wake from. The graphics are absolutely stunning—every foggy street and decaying hallway looks disturbingly real. I kept stopping just to take it all in, even when I knew something awful was lurking nearby.  Combat surprised me. It’s intense and nerve-wracking in the best way. Every encounter feels like a fight for survival, especially when ammo runs low and you’re forced to rely on whatever’s in reach. The sound design makes it even worse—in a good way. The ambient noise, the music, the way monsters groan and shuffle—it all got under my skin.  But what really stuck with me was the story. James’s journey is still one of the most haunting and emotionally raw narratives I’ve ever played. It doesn’t just scare you—it makes you think. I found myself reflecting on guilt, grief, and denial long after I shut the game off. That said, I’m really hoping they release the Born From A Wish DLC soon. Maria’s story adds so much depth, and without it, her character feels incomplete. I want to see her side of things—her pain, her motives.  All in all, this remake was incredible. It’s beautiful, terrifying, and deeply human.",1760295446,1760295446,True,0,0,0.5,True,False,playing silent hill remake pc felt like stepping nightmare didnt want wake graphic absolutely stunningevery foggy street decaying hallway look disturbingly real kept stopping take even knew something awful lurking nearby combat surprised intense nervewracking best way every encounter feel like fight survival especially ammo run low youre forced rely whatevers reach sound design make even worsein good way ambient noise music way monster groan shuffleit got skin really stuck story james journey still one haunting emotionally raw narrative ive ever played doesnt scare youit make think found reflecting guilt grief denial long shut game said im really hoping release born wish dlc soon maria story add much depth without character feel incomplete want see side thingsher pain motif remake incredible beautiful terrifying deeply human,playing silent hill remake pc felt like stepping nightmare didnt want wake graphic absolutely stunningevery foggy street decaying hallway look disturbingly real kept stopping take even knew something awful lurking nearby combat surprised intense nervewracking best way every encounter feel like fight survival especially ammo run low youre forced rely whatevers reach sound design make even worsein good way ambient noise music way monster groan shuffleit got skin really stuck story james journey still one haunting emotionally raw narrative i have ever played doesnt scare youit make think found reflecting guilt grief denial long shut game said i am really hoping release born wish dlc soon maria story add much depth without character feel incomplete want see side thingsher pain motif remake incredible beautiful terrifying deeply human
206559859,76561198059568679,857,79,2826,327,en,"Game of the Year, definitely, at least for me. Yeah, there are some small issues, but this story, this atmosphere - it always makes me happy and cry. So, yes, its beautiful game, its a peace of art! I wish i could visit Silent Hill one day...",1760283984,1760283984,True,0,0,0.5,False,False,game year definitely least yeah small issue story atmosphere always make happy cry yes beautiful game peace art wish could visit silent hill one day,game year definitely least yeah small issue story atmosphere always make happy cry yes beautiful game peace art wish could visit silent hill one day
206526070,76561198068240255,512,51,2151,24,en,soundtrack is godly. gameplay is simple but effective. graphics look good. story is disturbing. perfect horror game!,1760258437,1760258437,True,0,0,0.5,False,False,soundtrack godly gameplay simple effective graphic look good story disturbing perfect horror game,soundtrack godly gameplay simple effective graphic look good story disturbing perfect horror game
206511914,76561199024749677,57,3,1757,73,en,"Best horror game of 2024 (past 2 decades), you doing yourself a disservice not playing it. Check to see if you can at least get 60 fps playing this game ( with at least med shadows)",1760243820,1760243820,True,0,0,0.5,True,False,best horror game past decade disservice playing check see least get fps playing game least med shadow,best horror game past decade disservice playing check see least get fps playing game least med shadow
206480583,76561198119708536,0,34,3088,0,en,"The Silent Hill 2 remake truly reinforces the fact that video games can be a work of art. This game kept me engaged in so many avenues that I'd forgotten a video game could have me so emotionally invested in what was happening on screen. Luke Roberts performance here really brought emotional depth and impact that damn near brought me to tears. Bloober team did an amazing job of taking an old classic horror and expanding on its strengths, making something old fans and new could experience from a new perspective. I would consider this game a modern all time classic, definitely one of my favorite releases in the past ten years.",1760213948,1760213948,True,0,0,0.5,True,False,silent hill remake truly reinforces fact video game work art game kept engaged many avenue id forgotten video game could emotionally invested happening screen luke robert performance really brought emotional depth impact damn near brought tear bloober team amazing job taking old classic horror expanding strength making something old fan new could experience new perspective would consider game modern time classic definitely one favorite release past ten year,silent hill remake truly reinforces fact video game work art game kept engaged many avenue id forgotten video game could emotionally invested happening screen luke robert performance really brought emotional depth impact damn near brought tear bloober team amazing job taking old classic horror expanding strength making something old fan new could experience new perspective would consider game modern time classic definitely one favorite release past ten year
206477929,76561198045656185,0,5,1086,1,en,"Love the game, love the new re-enhanced version. Dislike the controls, and I can't change them.",1760211984,1760211984,True,0,0,0.5,True,False,love game love new reenhanced version dislike control cant change,love game love new reenhanced version dislike control cannot change
206474721,76561198044922270,0,2,4939,0,en,"Amazing job on the remake, great bosses, disturbing enemies, everything has its own meaning, and the sountrack its absolute perfection.  Both this and the original are on my top list of horror games, i already finish it like 6 times and i'm not even close to get tired of it.  Highly recommended, for both veterans and new players of the franchise.",1760209622,1760209622,True,0,0,0.5,True,False,amazing job remake great boss disturbing enemy everything meaning sountrack absolute perfection original top list horror game already finish like time im even close get tired highly recommended veteran new player franchise,amazing job remake great boss disturbing enemy everything meaning sountrack absolute perfection original top list horror game already finish like time i am even close get tired highly recommended veteran new player franchise
206459895,76561198091423748,0,3,2232,0,en,"One of those games where you play it for the first time and then never get that revelation again. Very, very well done. Game play is seldom frustrating, puzzles are decently challenging, and the way the map + level design work together is a genuine treat. Wholeheartedly recommend.",1760200095,1760200095,True,0,0,0.5,False,False,one game play first time never get revelation well done game play seldom frustrating puzzle decently challenging way map level design work together genuine treat wholeheartedly recommend,one game play first time never get revelation well done game play seldom frustrating puzzle decently challenging way map level design work together genuine treat wholeheartedly recommend
206450685,76561197971819774,0,26,2709,273,en,"Having played through the game............. what can I say.  I played silent hill 2 when it came out. It was a masterpiece of it's time. Sure it had clunky combat and other issues but that wasn't what it was about, it was the mood, the story, James journey to self remeberence of the truth.   As for this remake........... is it a bad game? No not at all.  Is it unsilent hill like? Yes, in many ways? Yes.  I can appericate the idea of the development team adding new content, but to be honest..... god at times did it make the game just drag way too long. It is MUCH longer then the prior old game and I can't say that's one of it's positives.  Some of the best parts to me were when they STOPPED having so many god damn monsters around and just let the town be...... the TOWN. I understand wanting to improve the combat, but was it.... needed in the end? No. I felt it detracted a lot more. It felt like........ playing say RE2 Remake...... Not a Silent Hill game, and that's a problem.  Story wise....... similar..... yet different, I did enjoy the changes and the recall moments of the past game that happened from time to time. In the end it is still the same story, though a few more endings...... needed? Not really but hey whatever.  I will say I was fine with everyone's voiceovers for the most part except mary's. The ...... lines just arn't delievered the same way with the same emotion and feeling....... hurts the story honestly. I'd rather have a mod that would put back in the old voice actor.   In the end..... good game...... just not a very good...... specifically silent hill game.  The magic of team silent was lost at 4, and it's never been quite the same since.",1760194555,1760809751,True,0,0,0.4054749906063079,False,False,played game say played silent hill came masterpiece time sure clunky combat issue wasnt mood story james journey self remeberence truth remake bad game unsilent hill like yes many way yes appericate idea development team adding new content honest god time make game drag way long much longer prior old game cant say thats one positive best part stopped many god damn monster around let town town understand wanting improve combat needed end felt detracted lot felt like playing say remake silent hill game thats problem story wise similar yet different enjoy change recall moment past game happened time time end still story though ending needed really hey whatever say fine everyones voiceovers part except mary line arnt delievered way emotion feeling hurt story honestly id rather mod would put back old voice actor end good game good specifically silent hill game magic team silent lost never quite since,played game say played silent hill came masterpiece time sure clunky combat issue wasnt mood story james journey self remeberence truth remake bad game unsilent hill like yes many way yes appericate idea development team adding new content honest god time make game drag way long much longer prior old game cannot say thats one positive best part stopped many god damn monster around let town town understand wanting improve combat needed end felt detracted lot felt like playing say remake silent hill game thats problem story wise similar yet different enjoy change recall moment past game happened time time end still story though ending needed really hey whatever say fine everyones voiceovers part except mary line arnt delievered way emotion feeling hurt story honestly id rather mod would put back old voice actor end good game good specifically silent hill game magic team silent lost never quite since
206363475,76561199379621776,0,13,857,0,en,super fun and scary the music is the cherry on top love this game good story also  ,1760122533,1760122533,True,0,0,0.5,True,False,super fun scary music cherry top love game good story also,super fun scary music cherry top love game good story also
206351084,76561198067739906,317,7,1164,29,en,"I think it's best to view this as an adaption of the original game rather than a remake. Looking through the lens of the original there is a lot I want to nitpick but ultimately I can tell they are nitpicks and so far the game is pretty great. A lot is different and a lot is still the same. It's a new way to experience the story of the game and it's great to have.  If the original game was easily available on modern platforms it'd be easy to put aside any nitpicks or gripes. As it stands it can be tedious to outright blasphemous to get a hold of and if it was ported in a similar way to the MGS Collection a lot of the salt would wash away.  Apart from that so far the game is really good from the atmosphere, characters and environments all embody the soul of the original while still feeling fresh and new.",1760115252,1760115252,True,0,0,0.5,False,False,think best view adaption original game rather remake looking lens original lot want nitpick ultimately tell nitpicks far game pretty great lot different lot still new way experience story game great original game easily available modern platform itd easy put aside nitpicks gripe stand tedious outright blasphemous get hold ported similar way mg collection lot salt would wash away apart far game really good atmosphere character environment embody soul original still feeling fresh new,think best view adaption original game rather remake looking lens original lot want nitpick ultimately tell nitpicks far game pretty great lot different lot still new way experience story game great original game easily available modern platform itd easy put aside nitpicks gripe stand tedious outright blasphemous get hold ported similar way mg collection lot salt would wash away apart far game really good atmosphere character environment embody soul original still feeling fresh new
206302722,76561197996507815,0,3,4187,0,en,Really good game! The graphics are amazing and the gameplay is perfect! 100% good buy.,1760059619,1760059619,True,0,0,0.5,True,False,really good game graphic amazing gameplay perfect good buy,really good game graphic amazing gameplay perfect good buy
206292614,76561199101917823,39,29,1331,33,en,"Very good game, it was a horror game more for my computer trying to run it at the lowest settings than for me. Amazing story and combat. Puzzles are easy tho and mostly just you running with a code to somewhere to type it. Everything else pretty good, also firstly check if you can run it, so you don't waste 70 or 80 euros.",1760046794,1760046794,True,0,0,0.5,True,False,good game horror game computer trying run lowest setting amazing story combat puzzle easy tho mostly running code somewhere type everything else pretty good also firstly check run dont waste euro,good game horror game computer trying run lowest setting amazing story combat puzzle easy tho mostly running code somewhere type everything else pretty good also firstly check run do not waste euro
206279374,76561198068303757,0,12,601,0,en,"While I do give this game a recommendation, there are a lot of issues.  Performance is kinda rough, even when running on DX11 instead of DX12, Unreal Engine is a nightmare to deal with as usual. There's a lot of balancing issues between damage taken and damage dealt. Ammo gets picked up infrequently and only in single digits, I've never picked up more than 5 rounds at one time and more often than not you pick up a single bullet. There's also no 2x or 3x for NG+ either to amend this.  Bloober Team have a left a lot of Bloober tropes in the game that feel more like solving a rubix cube in the dark while noises happen around you that don't actually mean or affect anything, and have gone out of their way to shove in their own fanfic and hammer on the memes that made the original so memorable so much that they become tiresome immediately. A visually stunning game and the best Silent Hill we've had in over a decade, no wait, the ONLY Silent Hill we've had in over a decade.",1760034388,1760034388,True,0,0,0.5,False,False,give game recommendation lot issue performance kinda rough even running dx instead dx unreal engine nightmare deal usual there lot balancing issue damage taken damage dealt ammo get picked infrequently single digit ive never picked round one time often pick single bullet there also x x ng either amend bloober team left lot bloober trope game feel like solving rubix cube dark noise happen around dont actually mean affect anything gone way shove fanfic hammer meme made original memorable much become tiresome immediately visually stunning game best silent hill weve decade wait silent hill weve decade,give game recommendation lot issue performance kinda rough even running dx instead dx unreal engine nightmare deal usual there lot balancing issue damage taken damage dealt ammo get picked infrequently single digit i have never picked round one time often pick single bullet there also x x ng either amend bloober team left lot bloober trope game feel like solving rubix cube dark noise happen around do not actually mean affect anything gone way shove fanfic hammer meme made original memorable much become tiresome immediately visually stunning game best silent hill weve decade wait silent hill weve decade
206271489,76561198797743983,0,3,1249,0,en,"Undoubtedly one of the best games ever made, with remarkable depth in its story, steeped in symbolism that haunts the soul, echoing internal conflicts, guilt, and the dark whispers of repressed desire.",1760027548,1760027548,True,0,0,0.5,True,False,undoubtedly one best game ever made remarkable depth story steeped symbolism haunt soul echoing internal conflict guilt dark whisper repressed desire,undoubtedly one best game ever made remarkable depth story steeped symbolism haunt soul echoing internal conflict guilt dark whisper repressed desire
206235100,76561198335650813,0,11,1884,0,en,"Silent Hill 2. One of the only pieces of media that has actually made me cry. This game is perfect in every way. Like most people, I was a little bit skeptical when the game was first announced. I was hoping that the remake would not tarnish the game’s story, and boy did it absolutely NOT disappoint in the slightest. This game is an absolute fucking masterpiece in storytelling. The endings, the soundtrack, the environments, everything. I actually believe the remake is slightly better than the original only because of the improved combat. The story was already perfect to begin with, and the only criticism I could ever give the original was the janky tank controls and combat. I can’t even fault the original for that, since it was more of a produce of its time, rather than a core feature. The combat in the remake is just a straight up improvement. Same amount of resource management, but less frustrating controls. This game might seriously be the greatest video game of all time, at least when it comes to story. Please, do yourself a favor and play this game. The $70 price tag may be intimidating, but I assure you it is worth every single penny. Just be prepared to cry.",1759980228,1759980552,True,0,0,0.5,True,False,silent hill one piece medium actually made cry game perfect every way like people little bit skeptical game first announced hoping remake would tarnish game story boy absolutely disappoint slightest game absolute fucking masterpiece storytelling ending soundtrack environment everything actually believe remake slightly better original improved combat story already perfect begin criticism could ever give original janky tank control combat cant even fault original since produce time rather core feature combat remake straight improvement amount resource management less frustrating control game might seriously greatest video game time least come story please favor play game price tag may intimidating assure worth every single penny prepared cry,silent hill one piece medium actually made cry game perfect every way like people little bit skeptical game first announced hoping remake would tarnish game story boy absolutely disappoint slightest game absolute fucking masterpiece storytelling ending soundtrack environment everything actually believe remake slightly better original improved combat story already perfect begin criticism could ever give original janky tank control combat cannot even fault original since produce time rather core feature combat remake straight improvement amount resource management less frustrating control game might seriously greatest video game time least come story please favor play game price tag may intimidating assure worth every single penny prepared cry
206231712,76561199229635554,0,8,967,0,en,"Amazing game, you can choose combat and puzzle difficulty which is always nice and i gotta admit the ending actually had me emotional",1759975138,1759975138,True,0,0,0.5,True,False,amazing game choose combat puzzle difficulty always nice got ta admit ending actually emotional,amazing game choose combat puzzle difficulty always nice got ta admit ending actually emotional
206228686,76561199236540059,0,13,950,0,en,"Such an incredible remake! The atmosphere is just right, it allowed me to create a cinematic game-play series that captures the eerie essence of Silent Hill. https://youtu.be/tN3VN8JKIDE?si=zO3ECfNmn7N4m1Lh",1759970839,1759970839,True,0,0,0.5,True,False,incredible remake atmosphere right allowed create cinematic gameplay series capture eerie essence silent hill,incredible remake atmosphere right allowed create cinematic gameplay series capture eerie essence silent hill
206224840,76561198060419219,0,55,1090,447,en,"This and Resident Evil 4 remake are the best two remakes, and maybe even games of all time. It's perfect.",1759965487,1760308846,True,0,0,0.5,True,False,resident evil remake best two remake maybe even game time perfect,resident evil remake best two remake maybe even game time perfect
206199909,76561198989538194,131,4,3450,0,en,"I've long wanted to play the remake of one of my favorite games. However, it so happened that I only just finished the entire playthrough - and coincidentally, I'm writing this review on its first anniversary.  Firstly, I still can't believe this game was actually released. I bought it as a way of thanking Team Silent for giving the world such a unique series of games (which, among other things, influenced me). Secondly, I realized I’d be getting a remake of the second installment as well.  It's important to note that, simply due to the unavailability of both retro consoles and original game discs, it would have been difficult for the average player to experience the originals. Now, a new generation of players unfamiliar with the series can explore a modernized version in a convenient format.  I didn't have the chance to try the original game with its authentic gameplay experience. For enthusiasts like me, the Enhanced Edition was created, immersing me in the world of Silent Hill - and with that experience in mind, I constantly compared it to the remake. And you know what? Bloober Team managed to capture almost the entirety of that same atmosphere. During my first playthrough, I couldn’t believe I was reliving the same familiar story. You experience the same emotions as before - from the ambient soundscape of the quiet town (thanks again to the incomparable Akira Yamaoka for the soundtrack) to the oppressive atmosphere of the otherworldly realm.  And indeed, knowing every plot twist didn’t make the game boring at all. On the contrary, the developers almost completely redesigned the levels, making the familiar story feel fresh again. This makes it more engaging even for seasoned players who know the original by heart. The story itself hasn’t undergone any major changes - which is good for both newcomers who want to explore this project and returning fans who simply want to immerse themselves in the same world once more.  One downside is that the game runs on Unreal Engine 5. While I’ll admit the graphics look incredible, the visuals were so demanding that the gameplay suffered from constant frame-rate drops and general instability (which was actually one of the reasons why it took me so long to complete the game). For those with slower PCs, I recommend launching the game with the parameter “-dx11.” Naturally, this disables many of the engine’s advanced features, but it ensures a much more stable experience - at least, that’s what worked for me. The choice of engine is a topic for debate, but this review isn’t about that. The most important thing is that I was able to fully enjoy the game.  In conclusion, the Silent Hill 2 Remake is exactly what it should be. It preserves the spirit and atmosphere of the original while adapting the gameplay to a modern over-the-shoulder format. This gives players a new sense of freedom when controlling James, along with redesigned level architecture and new puzzles. If the reader is faced with the choice of playing the remake instead of the original, I can only encourage that decision - because the developers have meticulously preserved the soul of the game while adapting it to modern standards.  Thank you for reading. Peace to all.",1759939388,1759939388,True,0,0,0.5,True,False,ive long wanted play remake one favorite game however happened finished entire playthrough coincidentally im writing review first anniversary firstly still cant believe game actually released bought way thanking team silent giving world unique series game among thing influenced secondly realized id getting remake second installment well important note simply due unavailability retro console original game disc would difficult average player experience original new generation player unfamiliar series explore modernized version convenient format didnt chance try original game authentic gameplay experience enthusiast like enhanced edition created immersing world silent hill experience mind constantly compared remake know bloober team managed capture almost entirety atmosphere first playthrough couldnt believe reliving familiar story experience emotion ambient soundscape quiet town thanks incomparable akira yamaoka soundtrack oppressive atmosphere otherworldly realm indeed knowing every plot twist didnt make game boring contrary developer almost completely redesigned level making familiar story feel fresh make engaging even seasoned player know original heart story hasnt undergone major change good newcomer want explore project returning fan simply want immerse world one downside game run unreal engine ill admit graphic look incredible visuals demanding gameplay suffered constant framerate drop general instability actually one reason took long complete game slower pc recommend launching game parameter dx naturally disables many engine advanced feature ensures much stable experience least thats worked choice engine topic debate review isnt important thing able fully enjoy game conclusion silent hill remake exactly preserve spirit atmosphere original adapting gameplay modern overtheshoulder format give player new sense freedom controlling james along redesigned level architecture new puzzle reader faced choice playing remake instead original encourage decision developer meticulously preserved soul game adapting modern standard thank reading peace,i have long wanted play remake one favorite game however happened finished entire playthrough coincidentally i am writing review first anniversary firstly still cannot believe game actually released bought way thanking team silent giving world unique series game among thing influenced secondly realized id getting remake second installment well important note simply due unavailability retro console original game disc would difficult average player experience original new generation player unfamiliar series explore modernized version convenient format didnt chance try original game authentic gameplay experience enthusiast like enhanced edition created immersing world silent hill experience mind constantly compared remake know bloober team managed capture almost entirety atmosphere first playthrough couldnt believe reliving familiar story experience emotion ambient soundscape quiet town thanks incomparable akira yamaoka soundtrack oppressive atmosphere otherworldly realm indeed knowing every plot twist didnt make game boring contrary developer almost completely redesigned level making familiar story feel fresh make engaging even seasoned player know original heart story hasnt undergone major change good newcomer want explore project returning fan simply want immerse world one downside game run unreal engine ill admit graphic look incredible visuals demanding gameplay suffered constant framerate drop general instability actually one reason took long complete game slower pc recommend launching game parameter dx naturally disables many engine advanced feature ensures much stable experience least thats worked choice engine topic debate review isnt important thing able fully enjoy game conclusion silent hill remake exactly preserve spirit atmosphere original adapting gameplay modern overtheshoulder format give player new sense freedom controlling james along redesigned level architecture new puzzle reader faced choice playing remake instead original encourage decision developer meticulously preserved soul game adapting modern standard thank reading peace
206191367,76561199213784564,10,5,918,0,en,Scary af & also puts your head on a space where concentration and puzzle solving is  actually fun to do..,1759931582,1759931582,True,0,0,0.5,True,False,scary af also put head space concentration puzzle solving actually fun,scary af also put head space concentration puzzle solving actually fun
206170431,76561198173417401,0,12,1627,0,en,"Great game good remake, but play the original PS2 version if you can",1759903665,1759903665,True,0,0,0.5,True,False,great game good remake play original p version,great game good remake play original p version
206170221,76561199125423471,0,3,5439,0,en,An absolute perfect remake of the best horror game ever made. Also one of the best looking games to date. If you want horror look no further. Silent Hill is calling.,1759903304,1759903304,True,0,0,0.5,True,False,absolute perfect remake best horror game ever made also one best looking game date want horror look silent hill calling,absolute perfect remake best horror game ever made also one best looking game date want horror look silent hill calling
206159334,76561198351974008,308,5,2793,0,en,"This game worth every penny! This is loyal to the original title with more side content, updated and enriched combat mechanics and crazy jump scare moments, anxiety/stress build-up and so on (as the original did and even more), and phenomenal environment and atmosphere. The fog creation is literally a piece of art in this game. I was very disappointed to hear that the game will have this over the shoulder aspect as compared to the fixed camera angles of the original, a while back when they announced it, and now I see how wrong I was! This is exceptional work. I don't believe someone would have recreated that better! And you hear that from a real Team Silent fan and a hard fan of the first 4 original titles! I was sure when I experienced the atmosphere of The Medium that if there would be one team to make a Silent Hill remake that team should be the Bloober Team! I loved The Medium's story, soundtrack, etc., but there was a clear lack of a good solid gameplay there (personal opinion of course), but the Silent Hill 2 Remake changed everything. One of the best gameplays I have experienced in a horror game (along with The Last of Us series). Not to mention the elevated experience you get from the dualsense haptic feedback and adaptive triggers, as well as the static sounds from the radio imitated by the controllers speakers. This is a masterpiece and I'm looking forward to the original Silent Hill remake from the same team as well as the rest ones to come!",1759887605,1759887605,True,0,0,0.5,True,False,game worth every penny loyal original title side content updated enriched combat mechanic crazy jump scare moment anxietystress buildup original even phenomenal environment atmosphere fog creation literally piece art game disappointed hear game shoulder aspect compared fixed camera angle original back announced see wrong exceptional work dont believe someone would recreated better hear real team silent fan hard fan first original title sure experienced atmosphere medium would one team make silent hill remake team bloober team loved medium story soundtrack etc clear lack good solid gameplay personal opinion course silent hill remake changed everything one best gameplays experienced horror game along last u series mention elevated experience get dualsense haptic feedback adaptive trigger well static sound radio imitated controller speaker masterpiece im looking forward original silent hill remake team well rest one come,game worth every penny loyal original title side content updated enriched combat mechanic crazy jump scare moment anxietystress buildup original even phenomenal environment atmosphere fog creation literally piece art game disappointed hear game shoulder aspect compared fixed camera angle original back announced see wrong exceptional work do not believe someone would recreated better hear real team silent fan hard fan first original title sure experienced atmosphere medium would one team make silent hill remake team bloober team loved medium story soundtrack etc clear lack good solid gameplay personal opinion course silent hill remake changed everything one best gameplays experienced horror game along last you series mention elevated experience get dualsense haptic feedback adaptive trigger well static sound radio imitated controller speaker masterpiece i am looking forward original silent hill remake team well rest one come
206157780,76561199051621766,0,11,1052,0,en,"An amazing game that does a great job of being immersive. making you feel like you are James in the world, and scares the crap out of you. A great remake.",1759885500,1759885500,True,0,0,0.5,True,False,amazing game great job immersive making feel like james world scare crap great remake,amazing game great job immersive making feel like james world scare crap great remake
206154971,76561198800061420,0,46,1094,0,en,"this game is REALLY good, but... THE PERFORMANCE. I cannot stress enough how terribly this game runs. I have a good computer- maybe not quite ""good"" by today's standards, but it can run similar games like Resident Evil 4, 7 and 2, the Dead Space remake, and Amnesia: The Bunker just fine. What the genuine hell is the excuse for this game suddenly dropping to like, fifteen frames a second? Would it have killed them to add some loading screens? Would it have hurt to provide any good options for lowering the visual quality for the sake of performance- because that's what really irks me. I'm fine with my game not really looking the best it could. I'd love for it to look the best it can, but we don't always get what we want, do we? It becomes a genuine problem for me, though, when in the middle of fighting an enemy or even BOSS, my frames tank and i can barely even play the game. I don't even know what causes some of the frame drops. Loading new areas, of course, but randomly the framerate just kicks the bucket and I don't know why. It's something that I dealt with- I never had too many issues BECAUSE of the framerate but GOD it was annoying and genuinely hurt the experience for me. This is unacceptable- a SEVENTY DOLLAR SURVIVAL HORROR GAME that can't even reach 60 FPS unless you're staring directly at a corner. How did the game ship like this? Better yet- how has the game gone an entire YEAR without them adding adequate graphics and optimization settings, or fixing the source of the issue? Again, this is unacceptable. Visually this game isn't even like, stunning or anything. It's just realistic and it has good art direction, which doesn't necessitate a billion polygons and rays of light or whatever the hell even causes the abysmal framerate anyway.  Outside of the performance, Silent Hill 2 is a PHENOMENAL game. The combat is engaging, fun and tense, the atmosphere is top-notch, overall the game is just absolutely horrific, and everybody already knows that the story of Silent Hill 2 is one of the all-time greats. It's a great game, I just really wish it didn't have to have such lousy performance.",1759881782,1759881782,True,0,0,0.5,True,False,game really good performance stress enough terribly game run good computer maybe quite good today standard run similar game like resident evil dead space remake amnesia bunker fine genuine hell excuse game suddenly dropping like fifteen frame second would killed add loading screen would hurt provide good option lowering visual quality sake performance thats really irks im fine game really looking best could id love look best dont always get want becomes genuine problem though middle fighting enemy even bos frame tank barely even play game dont even know cause frame drop loading new area course randomly framerate kick bucket dont know something dealt never many issue framerate god annoying genuinely hurt experience unacceptable seventy dollar survival horror game cant even reach fps unless youre staring directly corner game ship like better yet game gone entire year without adding adequate graphic optimization setting fixing source issue unacceptable visually game isnt even like stunning anything realistic good art direction doesnt necessitate billion polygon ray light whatever hell even cause abysmal framerate anyway outside performance silent hill phenomenal game combat engaging fun tense atmosphere topnotch overall game absolutely horrific everybody already know story silent hill one alltime great great game really wish didnt lousy performance,game really good performance stress enough terribly game run good computer maybe quite good today standard run similar game like resident evil dead space remake amnesia bunker fine genuine hell excuse game suddenly dropping like fifteen frame second would killed add loading screen would hurt provide good option lowering visual quality sake performance thats really irks i am fine game really looking best could id love look best do not always get want becomes genuine problem though middle fighting enemy even bos frame tank barely even play game do not even know cause frame drop loading new area course randomly framerate kick bucket do not know something dealt never many issue framerate god annoying genuinely hurt experience unacceptable seventy dollar survival horror game cannot even reach fps unless youre staring directly corner game ship like better yet game gone entire year without adding adequate graphic optimization setting fixing source issue unacceptable visually game isnt even like stunning anything realistic good art direction doesnt necessitate billion polygon ray light whatever hell even cause abysmal framerate anyway outside performance silent hill phenomenal game combat engaging fun tense atmosphere topnotch overall game absolutely horrific everybody already know story silent hill one alltime great great game really wish didnt lousy performance
206121859,76561198129069338,471,5,4324,0,en,Took me awhile to beat it because I'm a scared lil baby. I highly recommend it because of the story and polished game play!,1759849031,1759849031,True,0,0,0.5,False,False,took awhile beat im scared lil baby highly recommend story polished game play,took awhile beat i am scared lil baby highly recommend story polished game play
206108437,76561199097909570,116,10,3468,0,en,"a excellent remake of a cult classic game, the puzzles, the aesthetic, the deep story and bizarre at times dialogue all just mix together to make a slighty weird but fantastic horror game  10/10 would find mary again",1759835942,1759835942,True,0,0,0.5,True,False,excellent remake cult classic game puzzle aesthetic deep story bizarre time dialogue mix together make slighty weird fantastic horror game would find mary,excellent remake cult classic game puzzle aesthetic deep story bizarre time dialogue mix together make slighty weird fantastic horror game would find mary
206077826,76561198036803206,760,12,955,0,en,"Unbelievable atmosphere and motion capture. Combat is fun, but not the reason you should play this game. Great remake of an all-timer story.",1759794265,1759794265,True,0,0,0.5,False,False,unbelievable atmosphere motion capture combat fun reason play game great remake alltimer story,unbelievable atmosphere motion capture combat fun reason play game great remake alltimer story
206060621,76561198824326067,0,8,2896,0,en,"Listen I could talk for ages about how great this title is but... you should just play it instead of me wasting time telling you to. This game is better than the original in pretty much every conceivable way, and I say that as a massive fan of the original Silent Hill 2.",1759776730,1759776730,True,0,0,0.5,False,False,listen could talk age great title play instead wasting time telling game better original pretty much every conceivable way say massive fan original silent hill,listen could talk age great title play instead wasting time telling game better original pretty much every conceivable way say massive fan original silent hill
206042448,76561198976751276,209,13,2287,0,en,"It's a great game, the first one I got all the achievements on Steam because it was so good. The story, the atmosphere, audio, all the endings (even the goofy ones), characters, enemies, they were all so great, the problems were the performance and ammount of enemies.  Performance was not great, on my device that tbh GPU is quite lower than recommended (RX 6600 and recommended is RX 6800XT) but that the recommended is that high should say quite a bit, it was at first going around 60fps on Medium until it was going consitentaly below that so I changed it to Low and it still was going down at some points.  Combat is boring and simple, a bit better than in the OG, which wouldn't be an issue if there wasn't so much enemies everywhere that most of the time are so annoying that you need to defeat them  I don't think it's worth it's price, no game is worth 70 dollars, recommend getting it on discount, it's a really great psychological experience",1759762012,1759762012,True,0,0,0.5,True,False,great game first one got achievement steam good story atmosphere audio ending even goofy one character enemy great problem performance ammount enemy performance great device tbh gpu quite lower recommended rx recommended rx xt recommended high say quite bit first going around fps medium going consitentaly changed low still going point combat boring simple bit better og wouldnt issue wasnt much enemy everywhere time annoying need defeat dont think worth price game worth dollar recommend getting discount really great psychological experience,great game first one got achievement steam good story atmosphere audio ending even goofy one character enemy great problem performance ammount enemy performance great device tbh gpu quite lower recommended rx recommended rx xt recommended high say quite bit first going around fps medium going consitentaly changed low still going point combat boring simple bit better og wouldnt issue wasnt much enemy everywhere time annoying need defeat do not think worth price game worth dollar recommend getting discount really great psychological experience
206032134,76561198032150808,486,6,1072,0,en,Fantastic remake of the best game in the Silent Hill series. Ran perfectly with no crashes during my entire playthrough,1759752796,1759752796,True,0,0,0.5,False,False,fantastic remake best game silent hill series ran perfectly crash entire playthrough,fantastic remake best game silent hill series ran perfectly crash entire playthrough
206024456,76561199021534199,0,5,1662,0,en,perfect love the game the story the graphics everything,1759743027,1759743027,True,0,0,0.5,True,False,perfect love game story graphic everything,perfect love game story graphic everything
206004452,76561199370568784,0,3,1126,0,en,"Amazing story and world, the dev team got every little detail right and made this game feel real !",1759715914,1759715914,True,0,0,0.5,True,False,amazing story world dev team got every little detail right made game feel real,amazing story world dev team got every little detail right made game feel real
206001090,76561198386212103,236,52,995,0,en,"Now having beat the game, it was phenomenal. Blooper team did an amazing job. I cannot wait for other remakes like this.",1759711923,1759990010,True,0,0,0.5,True,False,beat game phenomenal blooper team amazing job wait remake like,beat game phenomenal blooper team amazing job wait remake like
205997466,76561197969062785,431,76,1799,0,en,"I never played the old Silent Hill games growing up — I was too much of a coward back then. Now that I’m older, I finally gave this remake a shot, and I’m glad I did. The graphics look incredible and make the whole thing feel like a movie.  The story blew me away, it's good horror movie quality. I didn’t expect it to become so emotional and hit that hard or go that deep. The ending gave me shivers, and I just sat there for a minute thinking about it. It’s one of the best stories I’ve ever seen in a video game.  The sound design is insane. Playing with surround sound made everything way scarier — every little noise had me on edge. The combat felt great too. Once I learned how to fight each monster type and mix up combos, it got really satisfying.  The horror genre is becoming a favorite and beating this one felt special. It’s creepy, emotional, and just an awesome experience all around, and has really deep take away about facing your inner demons.",1759707627,1759707781,True,0,0,0.5,True,False,never played old silent hill game growing much coward back im older finally gave remake shot im glad graphic look incredible make whole thing feel like movie story blew away good horror movie quality didnt expect become emotional hit hard go deep ending gave shiver sat minute thinking one best story ive ever seen video game sound design insane playing surround sound made everything way scarier every little noise edge combat felt great learned fight monster type mix combo got really satisfying horror genre becoming favorite beating one felt special creepy emotional awesome experience around really deep take away facing inner demon,never played old silent hill game growing much coward back i am older finally gave remake shot i am glad graphic look incredible make whole thing feel like movie story blew away good horror movie quality didnt expect become emotional hit hard go deep ending gave shiver sat minute thinking one best story i have ever seen video game sound design insane playing surround sound made everything way scarier every little noise edge combat felt great learned fight monster type mix combo got really satisfying horror genre becoming favorite beating one felt special creepy emotional awesome experience around really deep take away facing inner demon
205984698,76561198294648551,147,8,1548,1,en,"""in my restless dreams i see that town"" a horrifying yet beautiful psychological nightmare - this is a game I recommend going in completely blind; the experience of the first playthrough cannot be repeated",1759695238,1761865596,True,0,0,0.5,False,False,restless dream see town horrifying yet beautiful psychological nightmare game recommend going completely blind experience first playthrough repeated,restless dream see town horrifying yet beautiful psychological nightmare game recommend going completely blind experience first playthrough repeated
205982417,76561198201631238,33,11,2130,123,en,"I finished this game more than 8 month ago and missed to write a feedback. Now seeing SHf hitting the market I realised how precious SH2 Remake was, is and will be to me! The Remake, which I want to call a sequel, does a beautiful job to immerse the player into genuine SH experience. Yes, I have to admit, the game is not optimised well but I am ok to tolerate it as the music, sound design, visuals, actor's play and game play were executed just perfect! It managed to scare me quite a few time and also rediscover the event of the OG from the new but fully consistent with the series perspective. I am looking forward to see the Boober Team's take on SH1!",1759693438,1759693438,True,0,0,0.5,True,False,finished game month ago missed write feedback seeing shf hitting market realised precious sh remake remake want call sequel beautiful job immerse player genuine sh experience yes admit game optimised well ok tolerate music sound design visuals actor play game play executed perfect managed scare quite time also rediscover event og new fully consistent series perspective looking forward see boober team take sh,finished game month ago missed write feedback seeing shf hitting market realised precious sh remake remake want call sequel beautiful job immerse player genuine sh experience yes admit game optimised well ok tolerate music sound design visuals actor play game play executed perfect managed scare quite time also rediscover event og new fully consistent series perspective looking forward see boober team take sh
205859239,76561199844830989,114,15,971,0,en,"Just about everything was done right. Don't think it was needed to tone down the whole thing with Angela though, the shock of it it all is part of what made the og what it was. Some of the women didn't need to be more masculine to portray strong and independent either. Looks great plays fine. Performance is what it is, it's UE5 so just have to live with it although the devs didn't do themselves any favors fully rendering everything so far beyond what you can see through the fog.",1759586613,1759586613,True,0,0,0.5,True,False,everything done right dont think needed tone whole thing angela though shock part made og woman didnt need masculine portray strong independent either look great play fine performance ue live although devs didnt favor fully rendering everything far beyond see fog,everything done right do not think needed tone whole thing angela though shock part made og woman didnt need masculine portray strong independent either look great play fine performance ue live although devs didnt favor fully rendering everything far beyond see fog
205857002,76561199791747555,0,3,12,0,en,One of the most beautiful horror games released in 2024. Everything feels correct and stays true to the original PS2 game. The revival of Silent Hill is here and it's here to stay!,1759584826,1759584826,True,0,0,0.5,True,False,one beautiful horror game released everything feel correct stay true original p game revival silent hill stay,one beautiful horror game released everything feel correct stay true original p game revival silent hill stay
205850123,76561199079714834,154,22,2094,0,en,"My favorite survival horror game of all time   I loved the atmosphere, combat, puzzles and story  game was stuttering sometimes i first played it   10/10",1759578937,1759578937,True,0,0,0.5,False,False,favorite survival horror game time loved atmosphere combat puzzle story game stuttering sometimes first played,favorite survival horror game time loved atmosphere combat puzzle story game stuttering sometimes first played
205848104,76561199577903780,0,1,1208,0,en,"The atmosphere is anxiety inducing (in a good way). The gameplay is fun and the horror is done right. The great combination of atmosphere, visuals, sound and music gets the heart rate up and the adrenaline pumping. The story is great as well.",1759577134,1759577134,True,0,0,0.5,False,False,atmosphere anxiety inducing good way gameplay fun horror done right great combination atmosphere visuals sound music get heart rate adrenaline pumping story great well,atmosphere anxiety inducing good way gameplay fun horror done right great combination atmosphere visuals sound music get heart rate adrenaline pumping story great well
205833066,76561199136319335,107,5,2752,0,en,"not only is this game visually stunning, but the storytelling is truly something you can only understand through the experience. its unique approach in the exploration of complex themes surrounding trauma is immersive in an addictive way that constantly leaves you wanting more ♡",1759560841,1759560841,True,0,0,0.5,True,False,game visually stunning storytelling truly something understand experience unique approach exploration complex theme surrounding trauma immersive addictive way constantly leaf wanting,game visually stunning storytelling truly something understand experience unique approach exploration complex theme surrounding trauma immersive addictive way constantly leaf wanting
205829445,76561198305861490,17,2,3194,0,en,"beautiful game, the most visually stunning ive ever played. not too short or long, well worth the money!",1759556071,1759556071,True,0,0,0.5,True,False,beautiful game visually stunning ive ever played short long well worth money,beautiful game visually stunning i have ever played short long well worth money
205828400,76561198098132770,0,24,904,0,en,"What a Fantastic game. Every time I booted it up, I was glued to the screen. Must Play for anyone whom enjoys good stories, and or survival horror.",1759554713,1759554713,True,0,0,0.5,True,False,fantastic game every time booted glued screen must play anyone enjoys good story survival horror,fantastic game every time booted glued screen must play anyone enjoys good story survival horror
205821560,76561198272002880,0,14,2829,244,en,"I had a really good time with this game! I never played the original (I was born in 2001, lmao), but I think I get what the hype is about! I can't wait to try for different endings!",1759545919,1759545919,True,0,0,0.5,True,False,really good time game never played original born lmao think get hype cant wait try different ending,really good time game never played original born lmao think get hype cannot wait try different ending
205818686,76561198405432729,141,5,1906,0,en,"At first i was too scared to enter any room, but with every step, every new thing lore wise it got better and i started enjoying story even more. SH2 has one of better stories i ever encounter, acting is so great and.. i dont even know what to say tbh. You get so many questions while u play... they never end. Its just more and more, and then you re-think every step u took, every small thing, ""random"" sentence on the wall, text in book or a note... You are trying to make sense of it while you play. You're asking yourself ""but are they really bad? do they really want to do this? Who are they, why are they here?"" Every single piece of information will be stuck in your head till you get an answer..   If i was not that scared i'd totally get every achievement and i'd start paying attention to more things. Im so in love with this game... its just great <3",1759542334,1759542357,True,0,0,0.5,False,False,first scared enter room every step every new thing lore wise got better started enjoying story even sh one better story ever encounter acting great dont even know say tbh get many question u play never end rethink every step u took every small thing random sentence wall text book note trying make sense play youre asking really bad really want every single piece information stuck head till get answer scared id totally get every achievement id start paying attention thing im love game great,first scared enter room every step every new thing lore wise got better started enjoying story even sh one better story ever encounter acting great do not even know say tbh get many question you play never end rethink every step you took every small thing random sentence wall text book note trying make sense play youre asking really bad really want every single piece information stuck head till get answer scared id totally get every achievement id start paying attention thing i am love game great
205814812,76561198065869732,205,4,11376,0,en,"I've played the original PS2 game way back then and this game is a faithful remake to the original, while changing little things around to keep the game fresh and returning players on their toes. The sound design in this game is absolutely amazing, I highly suggest to play this game only with headphones in the dark with minimal HUD settings. It's been over 20 years, and I still haven't found my Mary...",1759537555,1759537555,True,0,0,0.5,True,False,ive played original p game way back game faithful remake original changing little thing around keep game fresh returning player toe sound design game absolutely amazing highly suggest play game headphone dark minimal hud setting year still havent found mary,i have played original p game way back game faithful remake original changing little thing around keep game fresh returning player toe sound design game absolutely amazing highly suggest play game headphone dark minimal hud setting year still havent found mary
205809253,76561198834573958,0,24,832,0,en,"Good game but I shouldnt have to install community patches to get a playable fps. Even then It still suffers with stuttering.  Now a real review besides the shit optimization   I feel like SHR2 is amazing in the first half but really drags on by the second compared to the OG game. By the ending of the hospital section I just wanted this game to end. the last 3 areas in the original are fast and snappy, the story keeps moving. In the remake it felt like they were padding, trying to stretch out the ending to justify the 70 dollar price tag.  The game is a solid 4/5 but good lord does it have faults. Wait for a sale. Or play the Silent Hill 2 enhanced edition.   I can't imagine replaying this for all the endings",1759531106,1760839463,True,0,0,0.5,False,False,good game shouldnt install community patch get playable fps even still suffers stuttering real review besides shit optimization feel like shr amazing first half really drag second compared og game ending hospital section wanted game end last area original fast snappy story keep moving remake felt like padding trying stretch ending justify dollar price tag game solid good lord fault wait sale play silent hill enhanced edition cant imagine replaying ending,good game shouldnt install community patch get playable fps even still suffers stuttering real review besides shit optimization feel like shr amazing first half really drag second compared og game ending hospital section wanted game end last area original fast snappy story keep moving remake felt like padding trying stretch ending justify dollar price tag game solid good lord fault wait sale play silent hill enhanced edition cannot imagine replaying ending
205801842,76561199098988659,10,5,175,0,en,"not sure what to say, its a great game",1759523676,1759523676,True,0,0,0.5,False,False,sure say great game,sure say great game
205784325,76561198253506607,0,5,723,0,en,A fantastic remake of the original. Only concern is there is no option to purchase the soundtrack outside of the digital deluxe. Frustratingly there is no option to upgrade TO the digital deluxe if you purchased the normal version other than buying another copy of the game. I would absolutely love for an option to upgrade that is common for games with a digital deluxe option.,1759508915,1759508915,True,0,0,0.5,True,False,fantastic remake original concern option purchase soundtrack outside digital deluxe frustratingly option upgrade digital deluxe purchased normal version buying another copy game would absolutely love option upgrade common game digital deluxe option,fantastic remake original concern option purchase soundtrack outside digital deluxe frustratingly option upgrade digital deluxe purchased normal version buying another copy game would absolutely love option upgrade common game digital deluxe option
205734367,76561198920180740,0,3,1614,0,en,"Gorgeous game, such a nice attention to the details in this remake. If you like Silent Hill definitely recommend.",1759452958,1759452958,True,0,0,0.5,True,False,gorgeous game nice attention detail remake like silent hill definitely recommend,gorgeous game nice attention detail remake like silent hill definitely recommend
205714700,76561198123093055,214,14,532,0,en,they did such a great job on this remake it's so goood no....great with the overwhelmingly positive reviews,1759431166,1759431166,True,0,0,0.5,True,False,great job remake goood nogreat overwhelmingly positive review,great job remake goood nogreat overwhelmingly positive review
205681068,76561197960411693,528,22,1474,0,en,"Absolutely awesome. Spoilt with the remakes of Silent Hill and recent Resident Evils. Played SH2 back in the day but didn't remember any of the story, just the constant feeling of fear which is very much intact. Sometimes you wish you could go back and experience a game for the first time again and this feels like it is scratching that itch!  This is despite some technical gripes. I bought it on release and couldn't play it with all the stuttering and hitching. While it is still there, predominantly traversal stutter, I have been able to play through it. Although I'm generally a mouse + keyboard gamer, I preferred this on pad. It's 80% melee and shooting is very slow. It also felt better on pad and helped me get over the stutter. Playing all maxed out other than turning off ray tracing, on an RTX 5070, which I got free and ""upgraded"" from a 3080, Although on paper not a big upgrade, I think the addtional VRAM (10->12GB) helped stabilise performance.",1759400335,1759400335,True,0,0,0.5,False,False,absolutely awesome spoilt remake silent hill recent resident evil played sh back day didnt remember story constant feeling fear much intact sometimes wish could go back experience game first time feel like scratching itch despite technical gripe bought release couldnt play stuttering hitching still predominantly traversal stutter able play although im generally mouse keyboard gamer preferred pad melee shooting slow also felt better pad helped get stutter playing maxed turning ray tracing rtx got free upgraded although paper big upgrade think addtional vram gb helped stabilise performance,absolutely awesome spoilt remake silent hill recent resident evil played sh back day didnt remember story constant feeling fear much intact sometimes wish could go back experience game first time feel like scratching itch despite technical gripe bought release couldnt play stuttering hitching still predominantly traversal stutter able play although i am generally mouse keyboard gamer preferred pad melee shooting slow also felt better pad helped get stutter playing maxed turning ray tracing rtx got free upgraded although paper big upgrade think addtional vram gb helped stabilise performance
205663115,76561198297225811,0,1,1291,0,en,good and solid faithful remake. combat felt fun and wasn't janky like the og.,1759373942,1759373942,True,0,0,0.5,True,False,good solid faithful remake combat felt fun wasnt janky like og,good solid faithful remake combat felt fun wasnt janky like og
205618605,76561198178095791,1821,315,1873,0,en,A very good remake it does add new elements to the story as well as new puzzles it holds up very well and I found it very enjoyable,1759326762,1759326762,True,0,0,0.5,False,False,good remake add new element story well new puzzle hold well found enjoyable,good remake add new element story well new puzzle hold well found enjoyable
205586415,76561198365298482,444,92,1096,0,en,"I've never played the original silent hill 2, so i came at this game blind and its amazing, loved the story, environment, character. the only downside is probably the optimization and the fact that i got the ""In Water"" ending on my first playthrough. 9/10",1759283845,1759283845,True,0,0,0.5,True,False,ive never played original silent hill came game blind amazing loved story environment character downside probably optimization fact got water ending first playthrough,i have never played original silent hill came game blind amazing loved story environment character downside probably optimization fact got water ending first playthrough
206478681,76561198071599254,206,13,699,0,en,"Pacing and gameplay are way too tedious relative to the original SH2. Had to drop it halfway through. Combat is more emphasized and feels forced; felt like I was spending most of my time fighting enemies, which got in the way of me enjoying the atmosphere/details of the world. Wanted to finish it, but it just got too repetitive. It's very disappointing because I thought the visuals and the sounds were great at the start.",1760212513,1760214161,False,5,0,0.4952390491962432,False,False,pacing gameplay way tedious relative original sh drop halfway combat emphasized feel forced felt like spending time fighting enemy got way enjoying atmospheredetails world wanted finish got repetitive disappointing thought visuals sound great start,pacing gameplay way tedious relative original sh drop halfway combat emphasized feel forced felt like spending time fighting enemy got way enjoying atmospheredetails world wanted finish got repetitive disappointing thought visuals sound great start
206581192,76561198375522744,590,81,1465,0,en,"""In my restless dreams, I see that town.  Silent Hill.  You promised me you'd take me there again someday. But you never did.  Well, I'm alone there now... In our 'special place'... Waiting for you...  Waiting for you to come to see me. ... James...  You made me happy.""  :( The only horror game that made me cry and legit depressed in the end, this game is actually freaking peak, 10/10 easy. Also has one of the most iconic video game villains of all time, my beloved Pyramid Head.",1760299079,1760299079,True,2,0,0.5388914942741394,True,False,restless dream see town silent hill promised youd take someday never well im alone special place waiting waiting come see james made happy horror game made cry legit depressed end game actually freaking peak easy also one iconic video game villain time beloved pyramid head,restless dream see town silent hill promised youd take someday never well i am alone special place waiting waiting come see james made happy horror game made cry legit depressed end game actually freaking peak easy also one iconic video game villain time beloved pyramid head
207815991,76561198207869181,0,6,565,350,en,"It's about a man going through existensial crisis while a geometric shape stalks him.  Pretty much a fever dream with fog, it's art.",1761680289,1761680289,True,2,0,0.5382436513900756,True,False,man going existensial crisis geometric shape stalk pretty much fever dream fog art,man going existensial crisis geometric shape stalk pretty much fever dream fog art
205617295,76561198309363284,0,116,1178,0,en,"Ohmygosh, you guys! I have played the cutest little game called Silent Hill 2 Remake, and it was just the absolute happiest, sunshiniest adventure ever! 🌞✨ Like, imagine the coziest blanket fort but as a VIDEO GAME!    First off, the town of Silent Hill? ADORABLE! It’s like a super misty nature walk where everything’s all soft and fuzzy-like walking through a cloud made of marshmallows! And the fog? SO dreamy! It’s like the town’s playing peek-a-boo with you, teehee! 😊 The way the buildings peek out? Perfection! It’s like a surprise party around every corner!    And the characters? SWEETHEARTS! James is this precious hubby looking for his wifey-poo, how ROMANTIC is that?! He’s just wandering around with the BIGGEST heart eyes, bumping into the NICEST neighbors! There’s this lovely lady named Maria in a fabulous red jacket, total fashion icon! Who’s always popping up to say hi! It’s like a fun game of tag!    The monsters? OHMYSTARS, they’re just misunderstood fluffballs! 🐾 There’s this one with a pyramid hat? SO quirky! He’s just trying to give hugs, I think maybe he’s shy! And the squishy nurses? They’re just practicing their tippy-tappy dance moves! 💃 James waves his flashlight like a disco ball, and everyone has a lil’ boogie!    The story? A WHOLESOME PUZZLE! It’s all about happy memories and rainbows and... oopsie, maybe forgetting where you left your keys! But it’s FINE because the music is like a lullaby from a unicorn! 🎶 So soothing! I fell asleep smiling twice! (Don’t worry, I woke up and clapped!)    Honestly? 10/10 would recommend for a JOYFUL, GIGGLY time! It’s like a spa day for your SOUL! If you love sunshine, friendship, and cheerful walks in the fog, this is YOUR GAME! *Happy sigh*! 💖🎮☁️",1759325541,1759325541,True,5,2,0.5793325304985046,True,False,ohmygosh guy played cutest little game called silent hill remake absolute happiest sunshiniest adventure ever like imagine coziest blanket fort video game first town silent hill adorable like super misty nature walk everythings soft fuzzylike walking cloud made marshmallow fog dreamy like town playing peekaboo teehee way building peek perfection like surprise party around every corner character sweetheart james precious hubby looking wifeypoo romantic he wandering around biggest heart eye bumping nicest neighbor there lovely lady named maria fabulous red jacket total fashion icon who always popping say hi like fun game tag monster ohmystars theyre misunderstood fluffballs there one pyramid hat quirky he trying give hug think maybe he shy squishy nurse theyre practicing tippytappy dance move james wave flashlight like disco ball everyone lil boogie story wholesome puzzle happy memory rainbow oopsie maybe forgetting left key fine music like lullaby unicorn soothing fell asleep smiling twice dont worry woke clapped honestly would recommend joyful giggly time like spa day soul love sunshine friendship cheerful walk fog game happy sigh,ohmygosh guy played cutest little game called silent hill remake absolute happiest sunshiniest adventure ever like imagine coziest blanket fort video game first town silent hill adorable like super misty nature walk everythings soft fuzzylike walking cloud made marshmallow fog dreamy like town playing peekaboo teehee way building peek perfection like surprise party around every corner character sweetheart james precious hubby looking wifeypoo romantic he wandering around biggest heart eye bumping nicest neighbor there lovely lady named maria fabulous red jacket total fashion icon who always popping say hi like fun game tag monster ohmystars theyre misunderstood fluffballs there one pyramid hat quirky he trying give hug think maybe he shy squishy nurse theyre practicing tippytappy dance move james wave flashlight like disco ball everyone lil boogie story wholesome puzzle happy memory rainbow oopsie maybe forgetting left key fine music like lullaby unicorn soothing fell asleep smiling twice do not worry woke clapped honestly would recommend joyful giggly time like spa day soul love sunshine friendship cheerful walk fog game happy sigh
206770650,76561199385156025,60,10,1241,0,en,genuinely one of the most horrifying yet beautiful games ive ever played.... fuck james smotherland,1760520042,1760520042,True,0,0,0.4761904776096343,True,False,genuinely one horrifying yet beautiful game ive ever played fuck james smotherland,genuinely one horrifying yet beautiful game i have ever played fuck james smotherland
206236817,76561198117928138,0,83,422,0,en,I just really like the fact that you can go into the Happy Burger. Can't wait to go to the Happy Burger in Silent Hill 3 Remake!  And *cough* watch Claudia eat a fetus *cough* please don't change that scene *cough*.,1759982886,1759982886,True,0,0,0.4761904776096343,True,False,really like fact go happy burger cant wait go happy burger silent hill remake cough watch claudia eat fetus cough please dont change scene cough,really like fact go happy burger cannot wait go happy burger silent hill remake cough watch claudia eat fetus cough please do not change scene cough
206980308,76561198095634426,237,30,1103,186,en,9/10 Combat was nothing special but the story and atmosphere we're very good and enjoyable. The ending speaks some words that will make you think deeply and think about the morals that people in life should hear more often. Definitely a good vibe would not recommend if you're someone who is depressed or going through some deep stuff in life but who knows it may open up a new perspective to you're mind. Painful and beautiful story it spoke to me and made me cry.,1760765122,1760765591,True,1,0,0.5238095521926879,False,False,combat nothing special story atmosphere good enjoyable ending speaks word make think deeply think moral people life hear often definitely good vibe would recommend youre someone depressed going deep stuff life know may open new perspective youre mind painful beautiful story spoke made cry,combat nothing special story atmosphere good enjoyable ending speaks word make think deeply think moral people life hear often definitely good vibe would recommend youre someone depressed going deep stuff life know may open new perspective youre mind painful beautiful story spoke made cry
206715509,76561198849467080,0,19,1226,0,en,"The GOAT sound design , atmosphere , music , story e t c",1760453185,1760453185,True,1,0,0.5238095521926879,True,False,goat sound design atmosphere music story e c,goat sound design atmosphere music story e c
206097925,76561198177119394,0,64,1204,0,en,"In my restless dreams, I see that town. Silent Hill. You promised me you'd take me there again someday. But because of me, you were never able to. Well, I'm alone there now… In our ”“special place.” Waiting for you…",1759821884,1759821884,True,1,0,0.5238095521926879,False,False,restless dream see town silent hill promised youd take someday never able well im alone special place waiting,restless dream see town silent hill promised youd take someday never able well i am alone special place waiting
206024088,76561198276821080,636,96,1310,0,en,"Was a great game, quite enjoyed myself, and the spook was great, even if mostly jumpscares? Besides a few issues , overall I enjoyed it. Even if I have more questions as I finished the game. And the ending I got was sad.. like.... SAD!! Still a 8/10 from Catto! Wishing everyone the best!  Twitch - https://www.twitch.tv/mnjauthecat Youtube - https://www.youtube.com/@MnjauTheCat?sub_confirmation=1 Tiktok - https://www.tiktok.com/@mnjauthecat Day of Streaming without skipping a day - 1739",1759742510,1759742510,True,0,0,0.4724409580230712,False,False,great game quite enjoyed spook great even mostly jumpscares besides issue overall enjoyed even question finished game ending got sad like sad still catto wishing everyone best twitch youtube tiktok day streaming without skipping day,great game quite enjoyed spook great even mostly jumpscares besides issue overall enjoyed even question finished game ending got sad like sad still catto wishing everyone best twitch youtube tiktok day streaming without skipping day
206318329,76561198141443335,0,3,1656,1212,en,"In my restless dreams, I see that town.  Silent Hill.  You promised me you'd take me there again someday. But you never did.  Well, I'm alone there now... In our 'special place'... Waiting for you... ",1760082726,1760082726,True,1,0,0.5199999809265136,True,False,restless dream see town silent hill promised youd take someday never well im alone special place waiting,restless dream see town silent hill promised youd take someday never well i am alone special place waiting
205585042,76561197967413428,319,15,307,0,en,"What can I say? I have never played a Silent Hill game. One of my friends has always told me its a great game, so I decided to try it out. Wishing I would have never even heard it was on PC because I could have saved myself 70 dollars. Sadly I purchased the game from G2A so I cant even ask for a refund from Steam. My fault for avoiding paying full price I guess... but worked out in the end because I would have been furious if I paid 100 dollars for this game. Where to begin....Performance. Frame rate is not an issue for me. I have absolutely no issue running this game MAX graphics with RT on with a stable 60 FPS. Its the absolutely absurd traversal micro stutter that is the issue here. It does not matter if my graphics are set to ALL LOW, it stutters in the same exact spots, every time. Even if you run through the whole level and try to properly build the shader cache. 80% OF THE GAME YOU CANT SEE 30 FEET IN FRONT OF YOU, BUT IM LAGGING WHILE RUNNING? Explain to me how I can run any game, High graphics, DLSS quality at 2k with 100+ fps with ZERO ISSUES, but I cant run this game on the lowest settings. THE ONLY work around for me is using NVIDIA rec. settings from the NVIDIA App (which is essentially medium settings), turn shadows to low (from suggestions via online research) then running 1080p with DLSS on performance. It doesnt look terrible, but its absolutely unacceptable. When I can play RDR2 with no issues, or Forza Horizon 5, Spider Man Remastered (also a notoriously bad PC port) and any other new game without any issues, something is wrong here. Alas, here we are in 2025. The game still hasn't been optimized properly, and they have released another game entirely without even fixing the broken one. They suggest to run the game at 30fps to avoid the stuttering.....guess what? you can literally still see the slow downs at 30 FPS. I have tried mods, fixes, DLSS swapper, capping frame rate to 30,40,50,60,75 and 90. Nothing works, the community gaslights you into believing the game isn't poorly optimized and that for some reason half the world cant build a PC properly. Ok. Bye, Felicia.   Ryzen 9 8945HS RTX 4070m 8GB 32GB DDR5 @2800 MHz Samsung 990Pro 2TB SSD  I don't expect miracles, but I can play The Last of Us 2 on MAX settings with this laptop, so there's that.",1759282046,1759282989,False,4,1,0.4585936069488525,False,False,say never played silent hill game one friend always told great game decided try wishing would never even heard pc could saved dollar sadly purchased game ga cant even ask refund steam fault avoiding paying full price guess worked end would furious paid dollar game beginperformance frame rate issue absolutely issue running game max graphic rt stable fps absolutely absurd traversal micro stutter issue matter graphic set low stutter exact spot every time even run whole level try properly build shader cache game cant see foot front im lagging running explain run game high graphic dlss quality k fps zero issue cant run game lowest setting work around using nvidia rec setting nvidia app essentially medium setting turn shadow low suggestion via online research running p dlss performance doesnt look terrible absolutely unacceptable play rdr issue forza horizon spider man remastered also notoriously bad pc port new game without issue something wrong ala game still hasnt optimized properly released another game entirely without even fixing broken one suggest run game fps avoid stutteringguess literally still see slow down fps tried mod fix dlss swapper capping frame rate nothing work community gaslight believing game isnt poorly optimized reason half world cant build pc properly ok bye felicia ryzen h rtx gb gb ddr mhz samsung pro tb ssd dont expect miracle play last u max setting laptop there,say never played silent hill game one friend always told great game decided try wishing would never even heard pc could saved dollar sadly purchased game ga cannot even ask refund steam fault avoiding paying full price guess worked end would furious paid dollar game beginperformance frame rate issue absolutely issue running game max graphic rt stable fps absolutely absurd traversal micro stutter issue matter graphic set low stutter exact spot every time even run whole level try properly build shader cache game cannot see foot front i am lagging running explain run game high graphic dlss quality k fps zero issue cannot run game lowest setting work around using nvidia rec setting nvidia app essentially medium setting turn shadow low suggestion via online research running p dlss performance doesnt look terrible absolutely unacceptable play rdr issue forza horizon spider man remastered also notoriously bad pc port new game without issue something wrong ala game still hasnt optimized properly released another game entirely without even fixing broken one suggest run game fps avoid stutteringguess literally still see slow down fps tried mod fix dlss swapper capping frame rate nothing work community gaslight believing game isnt poorly optimized reason half world cannot build pc properly ok bye felicia ryzen h rtx gb gb ddr mhz samsung pro tb ssd do not expect miracle play last you max setting laptop there
206544180,76561198838762578,0,3,879,0,en,"One of the all time worst PC ports, lost save files, frequent glitches, failure to load under dx12, terrible stuttering and performance.",1760273454,1760273454,False,1,0,0.4545454680919647,False,False,one time worst pc port lost save file frequent glitch failure load dx terrible stuttering performance,one time worst pc port lost save file frequent glitch failure load dx terrible stuttering performance
205973861,76561198123032867,0,3,1348,0,en,"There were some mechanical things during combat that I found odd (enemies seemingly teleporting so that their hit lands even though they're miles away), but the story is 10/10 for me. I played the original halfway through some years ago, and it has something about it that this new one is missing for me personally, but it doesn't really retract (detract? idk English isn't my first language) from the experience.",1759687358,1759687358,True,1,0,0.503311276435852,True,False,mechanical thing combat found odd enemy seemingly teleporting hit land even though theyre mile away story played original halfway year ago something new one missing personally doesnt really retract detract idk english isnt first language experience,mechanical thing combat found odd enemy seemingly teleporting hit land even though theyre mile away story played original halfway year ago something new one missing personally doesnt really retract detract idk english isnt first language experience
205800455,76561198370104911,303,50,504,0,en,"pointless remake. horrible controls. adds too much useless nonsense content to pad the runtime. completely misses all of the sauce that makes the original so special. and best of all, it runs like shit on the worlds worst game engine. It is a perfectly ok and relatively enjoyable game when considered in a vacuum, but it absolutely should not supplant the original in *any* way. The fan made HD remaster for the original silent hill 2 is free, and absolutely worth your time. consider that, instead of this.",1759522484,1759522484,False,1,0,0.452961653470993,False,False,pointless remake horrible control add much useless nonsense content pad runtime completely miss sauce make original special best run like shit world worst game engine perfectly ok relatively enjoyable game considered vacuum absolutely supplant original way fan made hd remaster original silent hill free absolutely worth time consider instead,pointless remake horrible control add much useless nonsense content pad runtime completely miss sauce make original special best run like shit world worst game engine perfectly ok relatively enjoyable game considered vacuum absolutely supplant original way fan made hd remaster original silent hill free absolutely worth time consider instead
207355807,76561198062159579,194,16,1922,61,en,"They absolutely nailed this remake. They didn't cut anything but what they changed was still in the game like old puzzles but just as a memory sorta thing which was a nice touch. Combat is good, graphics are great. Story & music were amazing hopefully they make silent hill 1 remake just as good and if they nail that I wouldn't be surprised if silent hill 3 remake didn't follow up.   Story: 5/5 Graphics: 5/5 Gameplay: 3.8/5 Presentation: 5/5   Overall Verdict: 4.5/5",1761185934,1761185934,True,0,0,0.5,True,False,absolutely nailed remake didnt cut anything changed still game like old puzzle memory sorta thing nice touch combat good graphic great story music amazing hopefully make silent hill remake good nail wouldnt surprised silent hill remake didnt follow story graphic gameplay presentation overall verdict,absolutely nailed remake didnt cut anything changed still game like old puzzle memory sorta thing nice touch combat good graphic great story music amazing hopefully make silent hill remake good nail wouldnt surprised silent hill remake didnt follow story graphic gameplay presentation overall verdict
207194119,76561199805973246,8,1,1142,997,en,very well made games graphics are on point for a remake and level of think you have to do for the puzzles are amazing.,1760990756,1760990756,True,0,0,0.5,True,False,well made game graphic point remake level think puzzle amazing,well made game graphic point remake level think puzzle amazing
207053823,76561199054036765,0,7,741,442,en,had a ps2 growing up but never picked this up. totally glad this got a remake bc this has the exact vibe ive been looking for  was also a fan of the movies,1760836872,1760836872,True,0,0,0.5,True,False,p growing never picked totally glad got remake bc exact vibe ive looking also fan movie,p growing never picked totally glad got remake bc exact vibe i have looking also fan movie
206993540,76561199175621243,0,6,1493,0,en,"“In my restless dreams, I see that town…” And every time I walk its foggy streets again, Silent Hill breaks me and heals me all at once.  This remake is unreal. An emotional rollercoaster, visually stunning, with an atmosphere that crawls under your skin and stays there. The places aren’t just locations — they’re distorted memories. Every hallway in the hospital, every fog-soaked alley, every room in that cursed hotel tells a story, even when no one’s speaking.  The characters aren’t just NPCs, they’re fragments of trauma thrown in your face with cruel elegance. James, Mary, Angela... each one hits like a punch to the heart.  And the music? Heart-wrenching. Quiet. Haunting. Akira Yamaoka’s soundtrack doesn’t just follow the story — it deepens it. Sometimes you just stand still in a room, letting it wash over you.  This isn’t just horror, it’s therapy in the shape of a nightmare. It pulls you in and doesn’t let go. And no matter how many times you play it, you always find a new way to suffer... and to fall in love with it all over again.  You don’t play a game like this. You live it. And then it stays with you.",1760781589,1760781589,True,0,0,0.5,False,False,restless dream see town every time walk foggy street silent hill break heals remake unreal emotional rollercoaster visually stunning atmosphere crawl skin stay place arent location theyre distorted memory every hallway hospital every fogsoaked alley every room cursed hotel tell story even one speaking character arent npc theyre fragment trauma thrown face cruel elegance james mary angela one hit like punch heart music heartwrenching quiet haunting akira yamaokas soundtrack doesnt follow story deepens sometimes stand still room letting wash isnt horror therapy shape nightmare pull doesnt let go matter many time play always find new way suffer fall love dont play game like live stay,restless dream see town every time walk foggy street silent hill break heals remake unreal emotional rollercoaster visually stunning atmosphere crawl skin stay place arent location theyre distorted memory every hallway hospital every fogsoaked alley every room cursed hotel tell story even one speaking character arent npc theyre fragment trauma thrown face cruel elegance james mary angela one hit like punch heart music heartwrenching quiet haunting akira yamaokas soundtrack doesnt follow story deepens sometimes stand still room letting wash isnt horror therapy shape nightmare pull doesnt let go matter many time play always find new way suffer fall love do not play game like live stay
206866652,76561198850033979,39,15,1100,569,en,"In my restless dreams, I see that town, Silent Hill. You promised me you'd take me there again someday. But you never did. Well, I'm alone there now... In our 'special place'... Waiting for you... Waiting for you to come to see me",1760633668,1760633668,True,0,0,0.5,False,False,restless dream see town silent hill promised youd take someday never well im alone special place waiting waiting come see,restless dream see town silent hill promised youd take someday never well i am alone special place waiting waiting come see
206838334,76561198147842366,120,12,1234,0,en,Have you seen my wife?    Great remake so scary almost had a heart attack  only thing the OG does better is the atmosphere in a few places  like the flesh lips boss arena and the voice acting for Mary's Letter and Hotel Hallway Conversation  besides that the remake does everything else better i would say its worth the money and cant wait for the Silent Hill 1 Remake,1760601842,1760779903,True,0,0,0.5,True,False,seen wife great remake scary almost heart attack thing og better atmosphere place like flesh lip bos arena voice acting mary letter hotel hallway conversation besides remake everything else better would say worth money cant wait silent hill remake,seen wife great remake scary almost heart attack thing og better atmosphere place like flesh lip bos arena voice acting mary letter hotel hallway conversation besides remake everything else better would say worth money cannot wait silent hill remake
206655441,76561198059520771,0,42,1855,0,en,I'm old.  Silent Hill 2 was a high school thing. They did it justice.  Very well done.  Gimme a rusty wall covered in poop and I'm happy.,1760381387,1760381387,True,0,0,0.5,True,False,im old silent hill high school thing justice well done gim rusty wall covered poop im happy,i am old silent hill high school thing justice well done gim rusty wall covered poop i am happy
206627091,76561198304844865,229,27,1141,0,en,This game made me feel dread long after completing it. 10/10 the hills were in fact silent.,1760356270,1760356270,True,0,0,0.5,False,False,game made feel dread long completing hill fact silent,game made feel dread long completing hill fact silent
206585406,76561198897545741,213,9,829,330,en,"Monsters don’t just haunt you - they bankrupt your inventory. Every fight feels like a boss fight. I came for the horror, stayed for the resource anxiety =(",1760302471,1760302471,True,0,0,0.5,True,False,monster dont haunt bankrupt inventory every fight feel like bos fight came horror stayed resource anxiety,monster do not haunt bankrupt inventory every fight feel like bos fight came horror stayed resource anxiety
206465547,76561198088299703,0,33,1781,0,en,Silent Hill 2 Remake is the series pinnacle for its psychological depth and atmosphere.,1760203664,1760203664,True,0,0,0.5,False,False,silent hill remake series pinnacle psychological depth atmosphere,silent hill remake series pinnacle psychological depth atmosphere
206094399,76561198000528745,0,2,2806,0,en,"I have been living a lie.  I have the ""faster than fog achievement"" for Silent Hill 2.   I did not achieve that legitimately. But, I also did not use an unlocker.  It was a bug. After an official patch, I was already near the end of the game. And the patch must have reset the timer.  I am sorry. I'm sorry Bloober. Please tell Konami that it would be really cool to have The Short Message on PC. thank you.",1759814633,1759814633,True,0,1,0.5,False,False,living lie faster fog achievement silent hill achieve legitimately also use unlocker bug official patch already near end game patch must reset timer sorry im sorry bloober please tell konami would really cool short message pc thank,living lie faster fog achievement silent hill achieve legitimately also use unlocker bug official patch already near end game patch must reset timer sorry i am sorry bloober please tell konami would really cool short message pc thank
206015129,76561198355170135,101,3,3191,0,en,The OG horror game that changed the horror genre. A great remake and a must play for sure.,1759729924,1759730053,True,0,0,0.5,True,False,og horror game changed horror genre great remake must play sure,og horror game changed horror genre great remake must play sure
206008748,76561198135466707,0,12,1132,0,en,"James fumbled Maria hardcore.  Maria, if you are somewhere out there in the world, I am madly in love with you. Run away with me mommy. Hehe. ;)",1759721144,1759721144,True,0,0,0.5,True,False,james fumbled maria hardcore maria somewhere world madly love run away mommy hehe,james fumbled maria hardcore maria somewhere world madly love run away mommy hehe
205902025,76561198071529290,0,5,1728,341,en,I wish I could write a review but I just finished the game and my jaw is hanging open. I'm speechless.,1759620278,1759620278,True,0,0,0.5,False,False,wish could write review finished game jaw hanging open im speechless,wish could write review finished game jaw hanging open i am speechless
205941899,76561198148054514,230,68,999,0,en,95% POSITIVE LOL! i suppose 95% of people who bought this game have a nasa super computer and do not mind the worst combat to ever grace a survival horror game,1759664516,1759664516,False,1,1,0.4409063160419464,False,False,positive lol suppose people bought game nasa super computer mind worst combat ever grace survival horror game,positive laughing out loud suppose people bought game nasa super computer mind worst combat ever grace survival horror game
207256814,76561197985429339,0,22,189,189,en,Good remake but why does it run at 40fps on my 5090? I guess when you hire remake devs named “bloober team” you can expect incompetence.,1761071701,1761071701,False,4,0,0.4884992539882659,True,False,good remake run fps guess hire remake devs named bloober team expect incompetence,good remake run fps guess hire remake devs named bloober team expect incompetence
206227954,76561198163640240,560,75,1977,490,en,"yeas, the best remake of all time, i fucking love you blobber team, i love you silent hill   FUCK YOU KONAMI AND FUCK YOU UE5 I HATE YOU I HATE THAT YOU ONLY CRASH",1759969831,1759969903,True,1,0,0.5238095521926879,False,False,yea best remake time fucking love blobber team love silent hill fuck konami fuck ue hate hate crash,yea best remake time fucking love blobber team love silent hill fuck konami fuck ue hate hate crash
206299498,76561198038189720,1408,25,2092,0,en,"The game is broken. A year has passed since its release, and the labyrinth bug hasn't been fixed.",1760055250,1760055250,False,0,0,0.4732979238033294,False,False,game broken year passed since release labyrinth bug hasnt fixed,game broken year passed since release labyrinth bug hasnt fixed
207642531,76561198366689588,0,132,3463,0,en,One of the best masterpieces One of the best remakes One of the best horrors  Thank you Bloober Team ,1761489464,1761489464,True,5,3,0.5691275596618652,False,False,one best masterpiece one best remake one best horror thank bloober team,one best masterpiece one best remake one best horror thank bloober team
207123989,76561198137872015,189,29,1236,0,en,"One year later I realized I never reviewed this game, so I'm going to say this:   The new Silent Hills look great and feel great, but they focus too much on combat. The one thing that got really repetitive in the SH2 remake was bashing and shooting the same enemies over and over for hours. May I remind you that the OG formula of the series was based on survival horror and PSYCHOLOGICAL HORROR. Moments like Pyramid Head staring at you behind the bars in the apartment hallway and the dead man in the living room chair is what truly scared me as a kid and is what makes this game stand out. The series needs more of that magic, not sloppy combat. Do you know why they emphasize combat so much in newer games though? Because the casual gaming audience with their damaged attention spans can't play a single game without shooting at sh*t or having some sort of action given to them every few minutes. Apparently they have a parry ability now in Silent Hill F? What the f*ck is this, Dark Souls? Sekiro? Please, stay true to the original Silent Hill formula and stop catering to these kids who grew up with Fortnite and thrive on constant flows of dopamine.",1760906160,1760906160,True,0,0,0.4663212299346923,True,False,one year later realized never reviewed game im going say new silent hill look great feel great focus much combat one thing got really repetitive sh remake bashing shooting enemy hour may remind og formula series based survival horror psychological horror moment like pyramid head staring behind bar apartment hallway dead man living room chair truly scared kid make game stand series need magic sloppy combat know emphasize combat much newer game though casual gaming audience damaged attention span cant play single game without shooting sht sort action given every minute apparently parry ability silent hill f fck dark soul sekiro please stay true original silent hill formula stop catering kid grew fortnite thrive constant flow dopamine,one year later realized never reviewed game i am going say new silent hill look great feel great focus much combat one thing got really repetitive sh remake bashing shooting enemy hour may remind og formula series based survival horror psychological horror moment like pyramid head staring behind bar apartment hallway dead man living room chair truly scared kid make game stand series need magic sloppy combat know emphasize combat much newer game though casual gaming audience damaged attention span cannot play single game without shooting sht sort action given every minute apparently parry ability silent hill f fck dark soul sekiro please stay true original silent hill formula stop catering kid grew fortnite thrive constant flow dopamine
206980720,76561198025046332,0,2,1116,916,en,"Never played a Silent Hill game before, was interested since it looked like a slightly more melee focused Resident Evil. It's closer to Callisto Protocol in that the combat is very simple, repetitive and boring. I was just not engaged in this story to start it gets  slightly better but I doubt I'll remember this games story in a few weeks. Despite the game being remastered I don't feel like it holds up.   The game is far too long, there's too many enemy encounters and they take too many hits to go down. I came to the game expecting this to be more atmospheric horror, unfortunately the encounters in the game take so long that the enemies become familiar and lose their effect. The encounters are really low stakes and far too easy. The attacks are heavily telegraphed and changing the difficulty just makes the encounters take longer by increasing their health. The combat boils down to swing three times then dodge, rinse and repeat until the enemies are down. The boss encounters are a weird  spike in difficulty but they're also far too long and really just become a slog.   I struggle to figure out who this game is for, I understand it has it's fans and I'm not one of them. ",1760765659,1761685905,False,3,2,0.4128860235214233,False,False,never played silent hill game interested since looked like slightly melee focused resident evil closer callisto protocol combat simple repetitive boring engaged story start get slightly better doubt ill remember game story week despite game remastered dont feel like hold game far long there many enemy encounter take many hit go came game expecting atmospheric horror unfortunately encounter game take long enemy become familiar lose effect encounter really low stake far easy attack heavily telegraphed changing difficulty make encounter take longer increasing health combat boil swing three time dodge rinse repeat enemy bos encounter weird spike difficulty theyre also far long really become slog struggle figure game understand fan im one,never played silent hill game interested since looked like slightly melee focused resident evil closer callisto protocol combat simple repetitive boring engaged story start get slightly better doubt ill remember game story week despite game remastered do not feel like hold game far long there many enemy encounter take many hit go came game expecting atmospheric horror unfortunately encounter game take long enemy become familiar lose effect encounter really low stake far easy attack heavily telegraphed changing difficulty make encounter take longer increasing health combat boil swing three time dodge rinse repeat enemy bos encounter weird spike difficulty theyre also far long really become slog struggle figure game understand fan i am one
206864150,76561198007510946,0,46,53,0,en,"Probably an unpopular opinion, but I feels there's waaaay too much combat in this for it to be enjoyable. I played for like an hour and killed several copies of the same 2 types of monster. Worst of all I didn't even feel scared, they revealed the monsters too early and they're only an annoyance at that point. It kinda felt like playing a crappier version of a soulslike",1760631444,1760631444,False,2,0,0.4069008827209472,True,False,probably unpopular opinion feel there waaaay much combat enjoyable played like hour killed several copy type monster worst didnt even feel scared revealed monster early theyre annoyance point kinda felt like playing crappier version soulslike,probably unpopular opinion feel there waaaay much combat enjoyable played like hour killed several copy type monster worst didnt even feel scared revealed monster early theyre annoyance point kinda felt like playing crappier version soulslike
207619861,76561197960584411,112,2,1310,0,en,"super! Atmospheric, great graphics, great plot!",1761468736,1761468736,True,0,0,0.5,False,False,super atmospheric great graphic great plot,super atmospheric great graphic great plot
207585303,76561198166219109,166,74,956,956,en,"If remakes were Oscar winners, this game would have won every single one. It's simply incredible!",1761428049,1761428049,True,0,0,0.5,True,False,remake oscar winner game would every single one simply incredible,remake oscar winner game would every single one simply incredible
207372157,76561199123624018,253,13,1249,315,en,The best horror game ive ever played and one of the best games ive ever played. (Pyramid Head is a baddie btw),1761211015,1761211015,True,0,0,0.5,True,False,best horror game ive ever played one best game ive ever played pyramid head baddie btw,best horror game i have ever played one best game i have ever played pyramid head baddie btw
207257148,76561199159820522,109,1,1372,1372,en,"My only problem got taken care of in the hospital by someone, 10/10 game",1761071982,1761071982,True,0,0,0.5,False,False,problem got taken care hospital someone game,problem got taken care hospital someone game
206740441,76561197996018930,117,26,1304,0,en,"Very high quality game. the only con I might have is that it seems to be not very optimised. I have a decent system and it still was not smooth the entire time, even with fsr 4. But on the other hand the graphic design and overall graphics of this game are top notch. I have never seen a game with better graphics than this. Especially the lakeview hotel was just really really well designed. I can definitely recommend this to people who have like games like RE2 remake. It will create a similar tension and go even beyond.  ending is pretty rough tbh",1760475744,1760476796,True,0,0,0.5,False,False,high quality game con might seems optimised decent system still smooth entire time even fsr hand graphic design overall graphic game top notch never seen game better graphic especially lakeview hotel really really well designed definitely recommend people like game like remake create similar tension go even beyond ending pretty rough tbh,high quality game con might seems optimised decent system still smooth entire time even fsr hand graphic design overall graphic game top notch never seen game better graphic especially lakeview hotel really really well designed definitely recommend people like game like remake create similar tension go even beyond ending pretty rough tbh
206705063,76561198039976159,0,22,65,0,en,"Walked into a foggy town, met some monsters, and questioned all my life choices. 10/10",1760443080,1760443080,True,0,0,0.5,False,False,walked foggy town met monster questioned life choice,walked foggy town met monster questioned life choice
205657655,76561199466739220,0,4,1318,0,en,"MUY BUEN REMAKE, MUY FIEL AL ORIGINAL, ME TRANSPORTO A MI ADOLECENCIA CUANDO JUGUE POR PRIMERA VEZ EL ORIGINAL.",1759366672,1759366672,True,0,0,0.5,True,False,muy buen remake muy fiel al original transporto mi adolecencia cuando jugue por primera vez el original,muy buen remake muy fiel al original transporto mi adolecencia cuando jugue por primera vez el original
207810326,76561198246127620,270,50,905,31,en,Aside from how the game looks this game is inferior to the original in pretty much every regard. It's a boring third person shooter not a survival horror game. It just throws a shit ton of enemies at you to the point where you can't even run past them. The new endings are fine I suppose but they're kind of unnecessary. The new UFO ending was funny though. Anyways it's another shitty remake in a enormous list of them because gamers do not appreciate video games as an art form.,1761675662,1761675662,False,1,3,0.395339161157608,False,False,aside game look game inferior original pretty much every regard boring third person shooter survival horror game throw shit ton enemy point cant even run past new ending fine suppose theyre kind unnecessary new ufo ending funny though anyways another shitty remake enormous list gamers appreciate video game art form,aside game look game inferior original pretty much every regard boring third person shooter survival horror game throw shit ton enemy point cannot even run past new ending fine suppose theyre kind unnecessary new ufo ending funny though anyways another shitty remake enormous list gamers appreciate video game art form
207913322,76561198147861920,746,87,54,54,en,"This is the first and last Silent Hill game I ever played. The game itself isn't bad, but the performance is a joke. Somehow, the more I lowered the settings, the less FPS I had. HOW?",1761777520,1761777520,False,0,0,0.385777473449707,False,False,first last silent hill game ever played game isnt bad performance joke somehow lowered setting less fps,first last silent hill game ever played game isnt bad performance joke somehow lowered setting less fps
207264783,76561198073685225,611,169,135,0,en,"this game is so good. the atmosphere is incredible, the graphics are top notch.. but it is a ""cinematic game"" for the most part, where you take in the vibes, which makes for a great movie, but not for a great video game in my opinion. the tensions mostly happens by you watching and listening to things, not actually doing stuff, which is not great for a video game.",1761078795,1761078795,False,1,2,0.3570573031902313,True,False,game good atmosphere incredible graphic top notch cinematic game part take vibe make great movie great video game opinion tension mostly happens watching listening thing actually stuff great video game,game good atmosphere incredible graphic top notch cinematic game part take vibe make great movie great video game opinion tension mostly happens watching listening thing actually stuff great video game
207821777,76561198349394093,0,2,1228,21,en,"Absolutely beautiful, but still plagued by performance issues.  Even after a year since release, the PC version continues to suffer from serious optimization problems (regardless if you meet or exceed the system requirements). I don’t mind the typical frame drops when transitioning between areas, but the stuttering is so constant and the frame drop so bad, it actually makes me dizzy after a while.  I’ve tried countless fixes, mods, and troubleshooting guides, but nothing has solved it for me so far.",1761684981,1761684981,False,2,0,0.5,True,False,absolutely beautiful still plagued performance issue even year since release pc version continues suffer serious optimization problem regardless meet exceed system requirement dont mind typical frame drop transitioning area stuttering constant frame drop bad actually make dizzy ive tried countless fix mod troubleshooting guide nothing solved far,absolutely beautiful still plagued performance issue even year since release pc version continues suffer serious optimization problem regardless meet exceed system requirement do not mind typical frame drop transitioning area stuttering constant frame drop bad actually make dizzy i have tried countless fix mod troubleshooting guide nothing solved far
207586342,76561199165708593,51,1,3917,0,en,thank god for James Sunderland. one of the best remakes ever made.,1761429089,1761429089,True,0,0,0.5,True,False,thank god james sunderland one best remake ever made,thank god james sunderland one best remake ever made
205806463,76561197990229029,568,35,3112,0,en,"*SPOILERS*  A sad man goes on what he thinks is a nostalgic vacation to rekindle love and maybe have sex with a ghost. Only to end up in horny jail with a giant triangle man who is mad about his pillow-related life choices.  I’ll admit I was sceptical when I saw the 3rd person camera, but it actually gives the foggy streets and decaying walls a whole new vibe.  Sure, the performance can cough and decay more than Mary, but the liminal, dread-soaked spaces and environmental storytelling are still masterful.  If Konami ever adds a photo mode or a certain “wish” scenario, this remake might be perfect.",1759528099,1759528099,True,0,0,0.5,True,False,spoiler sad man go think nostalgic vacation rekindle love maybe sex ghost end horny jail giant triangle man mad pillowrelated life choice ill admit sceptical saw rd person camera actually give foggy street decaying wall whole new vibe sure performance cough decay mary liminal dreadsoaked space environmental storytelling still masterful konami ever add photo mode certain wish scenario remake might perfect,spoiler sad man go think nostalgic vacation rekindle love maybe sex ghost end horny jail giant triangle man mad pillowrelated life choice ill admit sceptical saw rd person camera actually give foggy street decaying wall whole new vibe sure performance cough decay mary liminal dreadsoaked space environmental storytelling still masterful konami ever add photo mode certain wish scenario remake might perfect
205692556,76561198214089284,0,5,2856,0,en,"amazing, oppressive, scary, melancholic, beautiful",1759412843,1759412843,True,0,0,0.5,True,False,amazing oppressive scary melancholic beautiful,amazing oppressive scary melancholic beautiful
206980402,76561197975435039,0,9,3404,0,en,"This was my first foray into the Silent Hill series, and I must say I really enjoyed it. The eerie atmosphere was really well done and gave me goosebumps and a few good scares.",1760765255,1760765255,True,0,0,0.5,True,False,first foray silent hill series must say really enjoyed eerie atmosphere really well done gave goosebump good scare,first foray silent hill series must say really enjoyed eerie atmosphere really well done gave goosebump good scare
206751941,76561198016760565,874,53,1828,4,en,"My god. What a rush, I missed this when it first released many year's ago. Glad I finally played it.",1760489632,1760489632,True,0,0,0.5,False,False,god rush missed first released many year ago glad finally played,god rush missed first released many year ago glad finally played
206248084,76561199084306075,0,21,868,53,en,monsters arent real so im not sure what bullshit this games trying to pull,1760002660,1760002660,True,0,0,0.5,False,False,monster arent real im sure bullshit game trying pull,monster arent real i am sure bullshit game trying pull
205833779,76561198442639456,120,14,1264,0,en,"one of the best games i've ever played, such a well told heartbreaking story.",1759561759,1759561759,True,0,0,0.5,True,False,one best game ive ever played well told heartbreaking story,one best game i have ever played well told heartbreaking story
205720643,76561197990314140,953,41,1970,184,en,"[h1]Everything has been said. Go play it![/h1] [b]It respects and improves the original at the same time, quite an achievement.[/b]  🔶Technically, UE5 can be pain: traversal stutters with unholy random FPS drops are still present. 🔶You can force NV Ray Reconstruction and get good FPS/Quality using DLSS4 Performance K profile. 🔶The HDR implementation isn't great, you want to use mod: ""[url=https://www.nexusmods.com/silenthill2/mods/145]Black Floor Fix[/url]"". 🔶There are also other good to have mods like: - ""[url=https://www.nexusmods.com/silenthill2/mods/118]No Character Fake Point Lights[/url]"" - ""[url=https://www.nexusmods.com/silenthill2/mods/48]Classic Health Indicator[/url]"" - ""[url=https://www.nexusmods.com/silenthill2/mods/52]Clean Flashlight[/url]"" - ""[url=https://www.nexusmods.com/silenthill2/mods/100]Original Jacket for James[/url]""   This still stands: [h3]Faaaak, the Prison level nearly broke me...[/h3]",1759436759,1761242987,True,0,0,0.5,False,False,heverything said go play ith bit respect improves original time quite achievementb technically ue pain traversal stutter unholy random fps drop still present force nv ray reconstruction get good fpsquality using dlss performance k profile hdr implementation isnt great want use mod url floor fixurl also good mod like url character fake point lightsurl url health indicatorurl url flashlighturl url jacket jamesurl still stand hfaaaak prison level nearly broke meh,heverything said go play ith bit respect improves original time quite achievementb technically ue pain traversal stutter unholy random fps drop still present force nv ray reconstruction get good fpsquality using dlss performance k profile hdr implementation isnt great want use mod url floor fixurl also good mod like url character fake point lightsurl url health indicatorurl url flashlighturl url jacket jamesurl still stand hfaaaak prison level nearly broke meh
207826143,76561198838624455,90,27,1041,0,en,"Best horror game by far, RE is a bad joke against this masterpiece.",1761688713,1761688713,True,1,0,0.5060790181159973,True,False,best horror game far bad joke masterpiece,best horror game far bad joke masterpiece
207100335,76561198083501845,0,25,1194,405,en,"That was the best experience I've had with a game, 10/10.",1760887195,1760887195,True,2,0,0.5501729846000671,True,False,best experience ive game,best experience i have game
205788533,76561199092383402,0,1,1669,0,en,L game couldn't get Maria to wear the nurse outfit in Heaven's Night.,1759512385,1759512385,True,0,0,0.5,False,False,l game couldnt get maria wear nurse outfit heaven night,l game couldnt get maria wear nurse outfit heaven night
207863658,76561198404363987,320,28,783,0,en,Original is better in every way aside from resolution... 23 years ago btw,1761735915,1761735915,False,2,0,0.4386555254459381,False,False,original better every way aside resolution year ago btw,original better every way aside resolution year ago btw
205739801,76561198117822066,0,3,1921,0,en,"In my restless dreams,  I still see that dead hot nurse,   Silent hill..",1759459927,1759459927,True,0,0,0.5,True,False,restless dream still see dead hot nurse silent hill,restless dream still see dead hot nurse silent hill
205648926,76561199095309365,87,16,1371,0,en,"In my restless dreams, I see that town.  Silent Hill.  You promised you’d take me there again someday. But you never did.   Well I’m alone there now…   In our “special place”… Waiting for you…   Waiting for you to come to see me.   But you never do…   And so I wait, wrapped in my coccoon of pain and loneliness.   I know I’ve done a terrible thing to you, something you’ll never forgive me for.    I wish I could change that but I can’t.   I feel so pathetic and ugly laying here, waiting for you…   Every day I stair up at the cracks in the ceiling and all I can think about is how unfair it all is.   The doctor came today, he told me I could go home for a short stay.   It’s not that I am getting better, its just that this maybe my last chance, I think you know what I mean.   Even so I am glad to be coming home I’ve missed you terribly   But… I’m afraid James, I’m afraid you don’t really want me to come home.   When ever you come see me I can tell how hard it is on you. I don’t know if you hate me or pity me or maybe i disgust you.  I’m sorry about that.   When I first learned I was going to die, I just didn’t want to accept it.   I was so angry all the time and I struck out at everyone I loved most, especially you James.   That’s why I understand if you do hate me.   But I want you to know this James. I’ll always love you.   Even though our life together had to end like this. I still wouldn’t trade it for the world. We had some wonderful years together.   Well, this letter has gone on too long, so I’ll say goodbye.   I told the nurse to give this to you after I’m gone. That means that as you read this I’m already dead.   I can’t tell you to remember me but I can’t bear for you to forget me these last few years since I became ill.   I am so sorry for what I did to you, did to us. You’ve given me so much and I haven’t been able to return a single thing.   Thats why I want you to live, for yourself now. Do what’s best for you James.  James…  You made me happy.",1759355228,1759355228,True,2,0,0.5,True,False,restless dream see town silent hill promised youd take someday never well im alone special place waiting waiting come see never wait wrapped coccoon pain loneliness know ive done terrible thing something youll never forgive wish could change cant feel pathetic ugly laying waiting every day stair crack ceiling think unfair doctor came today told could go home short stay getting better maybe last chance think know mean even glad coming home ive missed terribly im afraid james im afraid dont really want come home ever come see tell hard dont know hate pity maybe disgust im sorry first learned going die didnt want accept angry time struck everyone loved especially james thats understand hate want know james ill always love even though life together end like still wouldnt trade world wonderful year together well letter gone long ill say goodbye told nurse give im gone mean read im already dead cant tell remember cant bear forget last year since became ill sorry u youve given much havent able return single thing thats want live whats best james james made happy,restless dream see town silent hill promised youd take someday never well i am alone special place waiting waiting come see never wait wrapped coccoon pain loneliness know i have done terrible thing something youll never forgive wish could change cannot feel pathetic ugly laying waiting every day stair crack ceiling think unfair doctor came today told could go home short stay getting better maybe last chance think know mean even glad coming home i have missed terribly i am afraid james i am afraid do not really want come home ever come see tell hard do not know hate pity maybe disgust i am sorry first learned going die didnt want accept angry time struck everyone loved especially james thats understand hate want know james ill always love even though life together end like still wouldnt trade world wonderful year together well letter gone long ill say goodbye told nurse give i am gone mean read i am already dead cannot tell remember cannot bear forget last year since became ill sorry you youve given much havent able return single thing thats want live whats best james james made happy
207041254,76561198125956845,117,12,1345,230,en,Never played the original but holy... Best Story Game I've Ever Played,1760822690,1760822690,True,2,0,0.5238095521926879,True,False,never played original holy best story game ive ever played,never played original holy best story game i have ever played
206518001,76561198322197676,0,8,1378,0,en,Really great!!! loved the story and atmosphere.,1760250250,1760250250,True,1,0,0.5238095521926879,False,False,really great loved story atmosphere,really great loved story atmosphere
207877755,76561198090280394,425,38,1079,252,en,"In my restless dreams, I see this game... Silent Hill 2 . 5/5 I'm too devastated to write a review.",1761749349,1761749349,True,0,0,0.5,False,False,restless dream see game silent hill im devastated write review,restless dream see game silent hill i am devastated write review
207586626,76561199123897701,0,7,1482,0,en,This game is a masterpiece! I wish I could play it again for the first time!,1761429371,1761429371,True,0,0,0.5,True,False,game masterpiece wish could play first time,game masterpiece wish could play first time
206810654,76561199211357319,0,5,1725,0,en,"You won't get this game out of your head for a while, even after you finish it. 10/10",1760561571,1760561571,True,0,0,0.5,True,False,wont get game head even finish,will not get game head even finish
206276317,76561199093736580,23,17,412,0,en,combat is a little slugish .. but i like how scary the game is,1760031679,1760031679,True,0,0,0.5,True,False,combat little slugish like scary game,combat little slugish like scary game
205924904,76561199865293301,0,4,1125,21,en,"Worth the 70 bucks, Everything about it is just great",1759647594,1759647594,True,0,0,0.5,True,False,worth buck everything great,worth buck everything great
206195725,76561198280857157,1116,16,864,244,en,Tonight's the night.. in my restless dreams... I see her bald head... I just can't prove it yet.,1759935556,1759935556,True,1,1,0.5238095521926879,False,False,tonight night restless dream see bald head cant prove yet,tonight night restless dream see bald head cannot prove yet
207847670,76561199148477143,33,1,920,612,en,"tbh a sad story but unforgettable, and it almost made me cry, sad thing a man could live, be strong James, #TWISTTHEGAME, #QUARTZ,#YOUBI, #ALMONKEYMAT, #chaos, TTV (justtchaos)",1761712420,1761712420,True,1,1,0.5060790181159973,True,True,tbh sad story unforgettable almost made cry sad thing man could live strong james twistthegame quartzyoubi almonkeymat chaos ttv justtchaos,tbh sad story unforgettable almost made cry sad thing man could live strong james twistthegame quartzyoubi almonkeymat chaos ttv justtchaos
207282257,76561199626539233,16,1,734,678,en,Gave me resident evil vibes in the gameplay sense and i love it.,1761099597,1761099597,True,0,0,0.5,True,False,gave resident evil vibe gameplay sense love,gave resident evil vibe gameplay sense love
206811301,76561197971148488,0,1,1907,38,en,Unbelievably good Remake and hands down best game in this genre I've ever played.,1760562250,1760562250,True,0,0,0.5,True,False,unbelievably good remake hand best game genre ive ever played,unbelievably good remake hand best game genre i have ever played
206748973,76561199132104288,67,39,1031,0,en,The first time I've truly felt scared since the Outlast Trials.,1760485576,1760485576,True,0,0,0.5,True,False,first time ive truly felt scared since outlast trial,first time i have truly felt scared since outlast trial
206263833,76561198170124542,128,31,3039,0,en,literally one of the best remakes to ever exist,1760021219,1760021219,True,0,0,0.5,False,False,literally one best remake ever exist,literally one best remake ever exist
207079620,76561198002343028,639,145,991,991,en,Awful performance and constant crashes. Game stopped crashing as much after turning off steam in-game overlay. Still awful performance though. The rest of the game is pretty good if you can live with those two glaring issues. ,1760869162,1761181896,False,2,1,0.5,False,False,awful performance constant crash game stopped crashing much turning steam ingame overlay still awful performance though rest game pretty good live two glaring issue,awful performance constant crash game stopped crashing much turning steam ingame overlay still awful performance though rest game pretty good live two glaring issue
207033030,76561198023545778,344,5,2954,116,en,One of the greatest thrillers of all time. When you pay attention to the details this game grades as you play through it’s easily a masterpiece.,1760815437,1761111803,True,1,0,0.5,True,False,one greatest thriller time pay attention detail game grade play easily masterpiece,one greatest thriller time pay attention detail game grade play easily masterpiece
207027514,76561197983155062,0,42,1842,151,en,"The time-tested personal horror story of guilt and punishment, a journey into the depths of self, wrapped into a modern, beautifully rendered vision preserving he additional gameplay and improving on the original boss fights, sometimes with terrifying ingenuity. Absolute recommend for horror fans, especially if you haven't enjoyed the original.",1760810789,1760810789,True,1,0,0.5,True,False,timetested personal horror story guilt punishment journey depth self wrapped modern beautifully rendered vision preserving additional gameplay improving original bos fight sometimes terrifying ingenuity absolute recommend horror fan especially havent enjoyed original,timetested personal horror story guilt punishment journey depth self wrapped modern beautifully rendered vision preserving additional gameplay improving original bos fight sometimes terrifying ingenuity absolute recommend horror fan especially havent enjoyed original
207019419,76561198048127786,0,13,1030,229,en,this game is too damn scary. Graphics are incredible. I can't believe they made legs scary,1760804515,1760804515,True,1,1,0.5,False,False,game damn scary graphic incredible cant believe made leg scary,game damn scary graphic incredible cannot believe made leg scary
206495227,76561197998776409,7571,313,1027,0,en,"Silent Hill 2 has always been my favorite in the series, and this remake is exactly what I was looking for. Modernizing where it needs it and leaving in the sense of nostalgia when it makes sense, everything about the remake hits right for me. It's a great way to get into the series for new comers too. Very impressed that Konami (even though they didn't develop it) is keeping the dream alive.  ",1760226329,1760226329,True,1,0,0.5,False,False,silent hill always favorite series remake exactly looking modernizing need leaving sense nostalgia make sense everything remake hit right great way get series new comer impressed konami even though didnt develop keeping dream alive,silent hill always favorite series remake exactly looking modernizing need leaving sense nostalgia make sense everything remake hit right great way get series new comer impressed konami even though didnt develop keeping dream alive
206072154,76561198985382216,278,33,1272,43,en,"Wife guy horror game (defo not lots of those around).  In all seriousness, amazing game all around.  Level design: this is where the game shines and brings most of its elements together. If you haven't played a Silent Hill game, think of it like a Resident Evil game (closest comparable example I can think of is RE2R). It's a lot about exploring paths and solving puzzles, all while threading through perilous paths and challenging encounters (all heightened by the spooky aspect of the game). Enemy placements never feel unfair (aside from a few challenging encounters towards the end, but they're meant to be hard), but do require situational awareness. Puzzles (and level progress) is always rewarding (it's never too cut and clear but neither too hard, while still requiring some fair brain power for some).  Story and themes: a refined version of the original (imo), and the original is well remembered for a reason. I can't really go into the story itself, but if you haven't played it, there are 2 questions that you should keep in mind: ""What is Silent Hill (and its purpose)?"" and ""Why are the present people here?"". It explores deep themes of psychology, while making good use of presentation through gameplay more so than cinematics (which makes it paying attention all the more rewarding, but it isn't the level of interpretation from Soulsborne games if you're worried). There's also some subtle choices the game never makes you aware of that dictate the end of the game (an important aspect is related to a key game mechanic, but it's up to you to guess), instead of having the obvious ""choose your ending"" options (although if you really don't want to screw yourself over you can always save at the end of the game, as there will be a ""choice"" before your final confrontation).  Gameplay: as previously mentioned, puzzles and map exploration are great (which is why I urge to not use guides, even when you struggle). The combat is probably the weak point of the game (although this doesn't mean it's bad). Melee never ever really changes throughout the game (you only need to learn a new enemy's attack pattern every so often), and it will most likely be your main recourse as standard enemies are pretty manageable and saving ammo for tough/boss encounters is vital. Gunplay is serviceable (standard third person shooting). However enemies are pretty fun to fight, and the diversity in how they attack you helps making combat fresh for every encounter (accentuated by the level design). Boss fights are also really great (one of which is probably amongst the best in terms of ""what makes a good horror game boss fight?""). While your offensive capabilities are ""simple"" how they are used for which enemies and which scenarios is what makes combat good.  Art direction: one of the best in horror games. The soundtrack and sound design never misses. The world and levels are scary as they are enthralling. The otherworld (and fogworld) are still one of the most unique horror aesthetics conceived. They manage to perfectly capture the feelings of ""you shouldn't be here"" and ""this place shouldn't exist"". The environments are filled with gloominess and hopelessness, with shards of hope.  The horror: excellent. The main emotion felt is ""uneasy"" with certain high tension scenarios. It never goes for the jumpscares, but rather heavily relies on its suspense and slow built-up for the majority of the game, which makes the tense scenarios even more impactful when they do actually happen. The first quarter of the game is mostly used to introduce its world and workings, while the last quarter is where they bump up the horror aspect.",1759787447,1759787447,True,1,0,0.5,False,False,wife guy horror game defo lot around seriousness amazing game around level design game shine brings element together havent played silent hill game think like resident evil game closest comparable example think rer lot exploring path solving puzzle threading perilous path challenging encounter heightened spooky aspect game enemy placement never feel unfair aside challenging encounter towards end theyre meant hard require situational awareness puzzle level progress always rewarding never cut clear neither hard still requiring fair brain power story theme refined version original imo original well remembered reason cant really go story havent played question keep mind silent hill purpose present people explores deep theme psychology making good use presentation gameplay cinematics make paying attention rewarding isnt level interpretation soulsborne game youre worried there also subtle choice game never make aware dictate end game important aspect related key game mechanic guess instead obvious choose ending option although really dont want screw always save end game choice final confrontation gameplay previously mentioned puzzle map exploration great urge use guide even struggle combat probably weak point game although doesnt mean bad melee never ever really change throughout game need learn new enemy attack pattern every often likely main recourse standard enemy pretty manageable saving ammo toughboss encounter vital gunplay serviceable standard third person shooting however enemy pretty fun fight diversity attack help making combat fresh every encounter accentuated level design bos fight also really great one probably amongst best term make good horror game bos fight offensive capability simple used enemy scenario make combat good art direction one best horror game soundtrack sound design never miss world level scary enthralling otherworld fogworld still one unique horror aesthetic conceived manage perfectly capture feeling shouldnt place shouldnt exist environment filled gloominess hopelessness shard hope horror excellent main emotion felt uneasy certain high tension scenario never go jumpscares rather heavily relies suspense slow builtup majority game make tense scenario even impactful actually happen first quarter game mostly used introduce world working last quarter bump horror aspect,wife guy horror game defo lot around seriousness amazing game around level design game shine brings element together havent played silent hill game think like resident evil game closest comparable example think rer lot exploring path solving puzzle threading perilous path challenging encounter heightened spooky aspect game enemy placement never feel unfair aside challenging encounter towards end theyre meant hard require situational awareness puzzle level progress always rewarding never cut clear neither hard still requiring fair brain power story theme refined version original imo original well remembered reason cannot really go story havent played question keep mind silent hill purpose present people explores deep theme psychology making good use presentation gameplay cinematics make paying attention rewarding isnt level interpretation soulsborne game youre worried there also subtle choice game never make aware dictate end game important aspect related key game mechanic guess instead obvious choose ending option although really do not want screw always save end game choice final confrontation gameplay previously mentioned puzzle map exploration great urge use guide even struggle combat probably weak point game although doesnt mean bad melee never ever really change throughout game need learn new enemy attack pattern every often likely main recourse standard enemy pretty manageable saving ammo toughboss encounter vital gunplay serviceable standard third person shooting however enemy pretty fun fight diversity attack help making combat fresh every encounter accentuated level design bos fight also really great one probably amongst best term make good horror game bos fight offensive capability simple used enemy scenario make combat good art direction one best horror game soundtrack sound design never miss world level scary enthralling otherworld fogworld still one unique horror aesthetic conceived manage perfectly capture feeling shouldnt place shouldnt exist environment filled gloominess hopelessness shard hope horror excellent main emotion felt uneasy certain high tension scenario never go jumpscares rather heavily relies suspense slow builtup majority game make tense scenario even impactful actually happen first quarter game mostly used introduce world working last quarter bump horror aspect
206070860,76561198058615779,0,29,1096,0,en,"The first Silent Hill I've played and I really enjoyed it. I did have to play it in shortish chunks over a few weeks because I found the atmosphere so oppressive and unsettling that I couldn't do longer sessions. I think that is a testament to how effective Bloober team was at creating an affecting experience. The audio design was a highlight for me, score and SFX included. The pulsing stingers that would play during otherwise quiet moments really instilled dread in me any time I thought I was safe. The combat SFX was especially crunchy and I really liked the sound design for all the weapons. If you like the core gameplay of RE games and don't mind something with much less levity I'd check this one out.",1759786029,1759786029,True,1,0,0.5,False,False,first silent hill ive played really enjoyed play shortish chunk week found atmosphere oppressive unsettling couldnt longer session think testament effective bloober team creating affecting experience audio design highlight score sfx included pulsing stinger would play otherwise quiet moment really instilled dread time thought safe combat sfx especially crunchy really liked sound design weapon like core gameplay game dont mind something much less levity id check one,first silent hill i have played really enjoyed play shortish chunk week found atmosphere oppressive unsettling couldnt longer session think testament effective bloober team creating affecting experience audio design highlight score sfx included pulsing stinger would play otherwise quiet moment really instilled dread time thought safe combat sfx especially crunchy really liked sound design weapon like core gameplay game do not mind something much less levity id check one
207764217,76561198104240828,0,3,1280,1200,en,"Scared the shit out of me while making me think about life, loss, and love.",1761623321,1761623321,True,2,0,0.5238095521926879,True,False,scared shit making think life loss love,scared shit making think life loss love
206633741,76561198000419821,0,30,1577,535,en,Great game but poor PC optimization,1760363405,1760363405,True,1,0,0.5185185670852661,True,False,great game poor pc optimization,great game poor pc optimization
206811928,76561197960584707,0,25,1099,0,en,Still one of the greatets horror games ever made.,1760562903,1760562903,True,0,0,0.5,True,False,still one greatets horror game ever made,still one greatets horror game ever made
206519798,76561199174088904,79,49,1384,0,en,James is actually hard to hate in this game. Fuck you Bloober.,1760252265,1760252265,True,0,0,0.5,True,False,james actually hard hate game fuck bloober,james actually hard hate game fuck bloober
206166895,76561198024124516,0,5,1271,0,en,"Amazing, the remake did the original justice",1759898056,1759898056,True,0,0,0.5,True,False,amazing remake original justice,amazing remake original justice
207748794,76561198325872685,0,5,1168,0,en,playing through the  toluca prison is kind of what going to walmart feels like,1761602926,1761602926,True,1,0,0.5172414183616638,True,False,playing toluca prison kind going walmart feel like,playing toluca prison kind going walmart feel like
206720546,76561199006673114,37,2,3374,205,en,"Such a good game, Can't wait to play Silent hill 1 and 3 remake",1760457418,1760457418,True,0,0,0.5,True,False,good game cant wait play silent hill remake,good game cannot wait play silent hill remake
206408427,76561198347061215,141,65,208,0,en,"this game is fun. i dont enjoy a lot of things, but one of the things i do enjoy is silent hill 2.",1760158953,1760158953,True,0,0,0.5,True,False,game fun dont enjoy lot thing one thing enjoy silent hill,game fun do not enjoy lot thing one thing enjoy silent hill
206140916,76561198323432181,559,23,1002,0,en,haven't even finished and it's so incredible and good. thank you,1759866357,1759866357,True,0,0,0.5,False,False,havent even finished incredible good thank,havent even finished incredible good thank
205642140,76561199304517549,59,8,4712,0,en,"Now I understand. The real reason I came to this town. I wonder what was I afraid of? Without you, Mary, I've got nothing...   Now we can be together.",1759347933,1759347933,True,1,0,0.5,True,False,understand real reason came town wonder afraid without mary ive got nothing together,understand real reason came town wonder afraid without mary i have got nothing together
206215335,76561198005482432,0,4,2643,0,en,"Yes. Definitely yes. Sorry, James, but you have to suffer.",1759954153,1759954153,True,1,0,0.525547444820404,True,False,yes definitely yes sorry james suffer,yes definitely yes sorry james suffer
206257047,76561198930005944,0,23,1620,0,en,"best horror game i've ever played, you should play it if you like horror",1760015002,1760015002,True,0,0,0.5,True,False,best horror game ive ever played play like horror,best horror game i have ever played play like horror
206005133,76561199138040044,0,7,1195,0,en,"Not to ragebait, but loop theory kinda...",1759716744,1759716744,True,0,0,0.5,True,False,ragebait loop theory kinda,ragebait loop theory kinda
205917321,76561199063279665,135,8,1094,0,en,nostalgic game. but not to worthed with the price.,1759638019,1759638019,True,0,0,0.5,True,False,nostalgic game worthed price,nostalgic game worthed price
207436059,76561198584648950,173,8,1312,1009,en,this game is peak remake culture. a total dogshit game,1761278610,1761278610,False,1,0,0.4697754681110382,False,False,game peak remake culture total dogshit game,game peak remake culture total dogshit game
206856388,76561198870620105,0,1,1024,287,en,This town is full of monsters. How can u sit there and eat pizza?,1760624481,1760624481,True,1,0,0.5172414183616638,False,False,town full monster u sit eat pizza,town full monster you sit eat pizza
206419072,76561198156034191,143,22,2356,521,en,great game but has lots of frame rate drops ;-;,1760169750,1760169750,True,0,0,0.5,False,False,great game lot frame rate drop,great game lot frame rate drop
205730360,76561199022406921,90,1,2870,0,en,"In my restless dreams, I see that town.  Silent Hill.  You promised me you'd take me there again someday. But you never did.  Well, I'm alone there now... In our 'special place'... Waiting for you...  Waiting for you to come to see me.  But you never do.  And so I wait, wrapped in my cocoon of pain and loneliness.  I know I've done a terrible thing to you. Something you'll never forgive me for.  I wish I could change that, but I can't.  I feel so pathetic and ugly laying here, waiting for you...  Every day I stare up at the cracks in the ceiling and all I can think about is how unfair it all is...  The doctor came today. He told me I could go home for a short stay.  It’s not that I'm getting better. It’s just that this may be my last chance...  I think you know what I mean...  Even so, I'm glad to be coming home. I've missed you terribly.  But I'm afraid, James. I'm afraid you don't really want me to come home.  Whenever you come see me, I can tell how hard it is on you...  I don't know if you hate me or pity me... Or maybe I just disgust you...  I'm sorry about that.  When I first learned that I was going to die, I just didn't want to accept it.  I was so angry all the time and I struck out at everyone I loved most. Especially you, James.  That's why I understand if you do hate me.  But I want you to know this, James.  I'll always love you.  Even though our life together had to end like this, I still wouldn't trade it for the world. We had some wonderful years together.  Well, this letter has gone on too long, so I'll say goodbye.  I told the nurse to give this to you after I'm gone.  That means that as you read this, I'm already dead.  I can't tell you to remember me, but I can't bear for you to forget me.  These last few years since I became ill... I'm so sorry for what I did to you, did to us...  You've given me so much and I haven't been able to return a single thing.  That's why I want you to live for yourself now. Do what's best for you, James.  James...  You made me happy.",1759447658,1759447658,True,0,0,0.5,True,False,restless dream see town silent hill promised youd take someday never well im alone special place waiting waiting come see never wait wrapped cocoon pain loneliness know ive done terrible thing something youll never forgive wish could change cant feel pathetic ugly laying waiting every day stare crack ceiling think unfair doctor came today told could go home short stay im getting better may last chance think know mean even im glad coming home ive missed terribly im afraid james im afraid dont really want come home whenever come see tell hard dont know hate pity maybe disgust im sorry first learned going die didnt want accept angry time struck everyone loved especially james thats understand hate want know james ill always love even though life together end like still wouldnt trade world wonderful year together well letter gone long ill say goodbye told nurse give im gone mean read im already dead cant tell remember cant bear forget last year since became ill im sorry u youve given much havent able return single thing thats want live whats best james james made happy,restless dream see town silent hill promised youd take someday never well i am alone special place waiting waiting come see never wait wrapped cocoon pain loneliness know i have done terrible thing something youll never forgive wish could change cannot feel pathetic ugly laying waiting every day stare crack ceiling think unfair doctor came today told could go home short stay i am getting better may last chance think know mean even i am glad coming home i have missed terribly i am afraid james i am afraid do not really want come home whenever come see tell hard do not know hate pity maybe disgust i am sorry first learned going die didnt want accept angry time struck everyone loved especially james thats understand hate want know james ill always love even though life together end like still wouldnt trade world wonderful year together well letter gone long ill say goodbye told nurse give i am gone mean read i am already dead cannot tell remember cannot bear forget last year since became ill i am sorry you youve given much havent able return single thing thats want live whats best james james made happy
207997034,76561199060896671,0,24,545,545,en,So boring. Cant bring myself to play it anymore.,1761861949,1761861949,False,0,0,0.4148148000240325,False,False,boring cant bring play anymore,boring cannot bring play anymore
207648145,76561199599541384,74,52,1589,806,en,"[h1]In my restless dreams, I see that town. [i]Silent Hill.[/i][/h1] [h2]Bloober Team promised they'd take me there again some day. And they did.[/h2]  I can't describe in words how happy I was when KONAMI announced the SILENT HILL 2 remake. This game holds a special place in my heart. I've played it a numerous amount of times and I was worried about the remake. Will they manage to bring the atmosphere, the aesthetics, the eeriness of the original SILENT HILL 2?   But when I started playing the game - I was surprised! They managed to capture everything and even improve upon the original. Unreal Engine 5 didn't destroy the design and art of SILENT HILL 2. The horror aspect was intact, sometimes I was spooked and even jumped out of my chair during the walkthrough.   The voice acting and scene composition are top-notch. They managed to modernize it without making it look out of place (e.g. METAL GEAR SOLID DELTA: SNAKE EATER). The character overhaul looks amazing as well, and personally, I prefer the remake versions over the originals.  But what about the sound design and music? Fear not, because Bloober Team brought the maestro Akira Yamaoka back and he (re)made the original soundtrack for the remake as well. Only the guy who created the music for the original game can outperform himself.  The only issue with this game is Unreal Engine 5, with it's constant traversal stutters, other than that, I have no complaints.  Overall, I liked the remake more than the original. Heck, I think it is better than the Resident Evil 2 remake, even though that is my personal opinion. If you are looking for an atmospheric psychological / survival horror experience, then SILENT HILL 2 is the answer for you. If you are a fan of SILENT HILL games, especially SILENT HILL 2 - IMMEDIATELY BUY IT, IT IS WORTH EVERY PENNY!  Bloober Team... You made me happy.",1761493652,1761502407,True,2,0,0.5185185670852661,True,False,hin restless dream see town isilent hillih hbloober team promised theyd take day didh cant describe word happy konami announced silent hill remake game hold special place heart ive played numerous amount time worried remake manage bring atmosphere aesthetic eeriness original silent hill started playing game surprised managed capture everything even improve upon original unreal engine didnt destroy design art silent hill horror aspect intact sometimes spooked even jumped chair walkthrough voice acting scene composition topnotch managed modernize without making look place eg metal gear solid delta snake eater character overhaul look amazing well personally prefer remake version original sound design music fear bloober team brought maestro akira yamaoka back remade original soundtrack remake well guy created music original game outperform issue game unreal engine constant traversal stutter complaint overall liked remake original heck think better resident evil remake even though personal opinion looking atmospheric psychological survival horror experience silent hill answer fan silent hill game especially silent hill immediately buy worth every penny bloober team made happy,hin restless dream see town isilent hillih hbloober team promised theyd take day didh cannot describe word happy konami announced silent hill remake game hold special place heart i have played numerous amount time worried remake manage bring atmosphere aesthetic eeriness original silent hill started playing game surprised managed capture everything even improve upon original unreal engine didnt destroy design art silent hill horror aspect intact sometimes spooked even jumped chair walkthrough voice acting scene composition topnotch managed modernize without making look place eg metal gear solid delta snake eater character overhaul look amazing well personally prefer remake version original sound design music fear bloober team brought maestro akira yamaoka back remade original soundtrack remake well guy created music original game outperform issue game unreal engine constant traversal stutter complaint overall liked remake original heck think better resident evil remake even though personal opinion looking atmospheric psychological survival horror experience silent hill answer fan silent hill game especially silent hill immediately buy worth every penny bloober team made happy
206650586,76561198880630191,230,29,1511,0,en,playing this game with a friend and drinking at the same time is goated,1760377511,1760377511,True,0,0,0.5,True,False,playing game friend drinking time goated,playing game friend drinking time goated
206285919,76561197985825413,196,27,1108,0,en,just a proper remake of one of the best games ever made  nothing to see here,1760040112,1760040112,True,0,0,0.5,False,False,proper remake one best game ever made nothing see,proper remake one best game ever made nothing see
205653504,76561198400083834,49,2,1316,0,en,Best game I've ever played. Never had a game that gave me chills like this one did.,1759361140,1759361278,True,0,0,0.5,True,False,best game ive ever played never game gave chill like one,best game i have ever played never game gave chill like one
206896619,76561199229758454,0,7,1504,151,en,The only way I can describe how I feel about Silent Hill 2 is the same way Jake felt when he ate his time sandwich,1760666307,1760666307,True,1,0,0.5238095521926879,True,False,way describe feel silent hill way jake felt ate time sandwich,way describe feel silent hill way jake felt ate time sandwich
205835460,76561199070226171,0,3,819,0,en,RE4 and this Fav game of all time story to good best of all time,1759563707,1759563707,True,1,0,0.5238095521926879,True,False,fav game time story good best time,fav game time story good best time
206195327,76561198066703246,313,6,2309,588,en,man kills wife and suffers the simulator.,1759935214,1759935214,True,1,0,0.504587173461914,False,False,man kill wife suffers simulator,man kill wife suffers simulator
207869978,76561199425489388,154,12,236,0,en,60 bucks for paranoia if your willing to buy this game.,1761742734,1761742861,True,0,0,0.5,True,False,buck paranoia willing buy game,buck paranoia willing buy game
206821497,76561198157017688,0,4,2152,0,en,One of the best have you seen my wife simulators there is.  ,1760575028,1760575028,True,0,0,0.5,False,False,one best seen wife simulator,one best seen wife simulator
205786365,76561199052210554,143,15,3626,0,en,"In my restless dreams, I see that town. Silent Hill.",1759510612,1759510612,True,1,0,0.5238095521926879,True,False,restless dream see town silent hill,restless dream see town silent hill
207084522,76561199687992734,0,2,1483,0,en,"sick game, insane lore",1760874083,1760874083,True,0,0,0.5,True,False,sick game insane lore,sick game insane lore
206808607,76561197970344745,0,12,1963,0,en,still the best silent hill over 2 decades later,1760559568,1760559568,True,0,0,0.5,True,False,still best silent hill decade later,still best silent hill decade later
206758680,76561197977005357,0,2,86,5,en,Most atmospheric game ever made,1760499022,1760499022,True,0,0,0.5,True,False,atmospheric game ever made,atmospheric game ever made
206375883,76561198025186053,0,15,1811,0,en,"Peak Horror, Both the Remake and Original.",1760130076,1760130076,True,0,0,0.5,False,False,peak horror remake original,peak horror remake original
205997088,76561199802179383,0,4,1190,14,en,great game love this series now i cant wait for the silent hill 1 remake,1759707182,1759707182,True,0,0,0.5,True,False,great game love series cant wait silent hill remake,great game love series cannot wait silent hill remake
206543262,76561198028168912,229,10,51,0,en,DO NOT BUY IT! 50 min steam time = 5 times crash. It can be a good remake if you can play it.,1760272783,1760272783,False,0,0,0.4148783981800079,True,False,buy min steam time time crash good remake play,buy min steam time time crash good remake play
207982060,76561198064697606,606,200,913,913,en,This may be the best horror game ever made.,1761850167,1761850167,True,0,0,0.5,False,False,may best horror game ever made,may best horror game ever made
207553001,76561199483039939,0,2,5920,73,en,One of the best horror games I've ever played. 9.5/10,1761403560,1761403560,True,0,0,0.5,True,False,one best horror game ive ever played,one best horror game i have ever played
206564925,76561199811241664,35,2,1654,0,en,Game scary Game sad  Game really sad Game fix life,1760287416,1760287416,True,0,0,0.5,True,False,game scary game sad game really sad game fix life,game scary game sad game really sad game fix life
205658846,76561198974788305,186,7,905,0,en,I need SILENT HILL:Master Collection Version Vol.1,1759368274,1759368421,True,0,0,0.5,False,False,need silent hillmaster collection version vol,need silent hillmaster collection version vol
207017396,76561198795686281,0,1,1241,132,en,Definitely one of the best games I've played in a long time :>,1760802905,1760802905,True,3,0,0.5454545617103576,True,False,definitely one best game ive played long time,definitely one best game i have played long time
207785560,76561198087560268,0,6,1622,559,en,hands down the best game ever created,1761654915,1761654915,True,2,0,0.5400696992874146,False,False,hand best game ever created,hand best game ever created
207417717,76561198881263980,0,4,4276,632,en,Game laced with pure hatred and agony.,1761254929,1761254929,True,1,0,0.5238095521926879,True,False,game laced pure hatred agony,game laced pure hatred agony
207744272,76561198008997853,0,11,1286,1286,en,WOW is all I can say. A good wow by the way. An amazing wow. One of the best Wows around,1761598458,1761598458,True,0,0,0.5,False,False,wow say good wow way amazing wow one best wow around,wow say good wow way amazing wow one best wow around
207546058,76561197995328067,7390,81,1013,160,en,if the hole/toilet isnt big enough to jump in you at least put your whole arm in there...,1761398717,1761398717,True,0,0,0.5,False,False,holetoilet isnt big enough jump least put whole arm,holetoilet isnt big enough jump least put whole arm
206259707,76561199130303717,0,14,6137,340,en,I love this game. Still get jumped scared from time to time.,1760017656,1760017656,True,0,0,0.5,True,False,love game still get jumped scared time time,love game still get jumped scared time time
205954076,76561199195854687,58,14,1615,56,en,This town is full of monsters! How can you sit there and hit blinker?,1759673867,1759673867,True,1,0,0.503311276435852,True,False,town full monster sit hit blinker,town full monster sit hit blinker
206881900,76561198043208437,155,20,1447,0,en,"If there's a chance for Silent Hill 3 remake to be released, it will be a good reason to go on living.",1760647616,1760647616,True,0,0,0.5,True,False,there chance silent hill remake released good reason go living,there chance silent hill remake released good reason go living
206433105,76561198327899308,243,52,1231,0,en,"In my restless dreams, I see that town. Silent Hill. You promised me you'd take me there again someday. But because of me, you were never able to. Well, I'm alone there now…",1760182248,1760182248,True,0,0,0.5,True,False,restless dream see town silent hill promised youd take someday never able well im alone,restless dream see town silent hill promised youd take someday never able well i am alone
206268290,76561198164264125,445,7,1336,0,en,Very good atmosphere,1760024885,1760024885,True,0,0,0.5,True,False,good atmosphere,good atmosphere
206400002,76561199482216863,90,2,1094,0,en,it's not a video game - it's the bottomless melancholy,1760150584,1760150584,True,1,0,0.5238095521926879,True,False,video game bottomless melancholy,video game bottomless melancholy
205601193,76561198060280668,640,72,1478,0,en,"I'm Joe, and this is my favorite game on Steam.",1759305250,1759305250,True,1,0,0.52173912525177,False,False,im joe favorite game steam,i am joe favorite game steam
207951665,76561198067448771,0,26,1859,0,en,i wanted to be scared but instead i got depressed  yippee,1761826177,1761826177,True,1,0,0.5020747184753417,True,False,wanted scared instead got depressed yippee,wanted scared instead got depressed yippee
206154818,76561199806570838,0,4,1838,0,en,i got scared but the game is ok,1759881578,1759881578,False,0,2,0.4509283900260925,True,False,got scared game ok,got scared game ok
206947068,76561199486085916,12,4,5289,0,en,in my rizzless dreams i see that gyattt akira yamaoka on top,1760727134,1760727134,True,0,0,0.5,True,False,rizzless dream see gyattt akira yamaoka top,rizzless dream see gyattt akira yamaoka top
206916191,76561198339464591,0,29,1117,0,en,"I completed my journey through Silent Hill, there was many a fright like leg men and women I'm diverse your welcome. Pyramid Head or as I call him John, he was quite scary and he was the one to kill me and I will say that was my only death I had in this game I would of had 0 deaths if it wasn't for him near the end and also it was due to my stupidity but we don't look much into that. I didn't like Laura for most of the game little shithead kept running away from me like did I smell? I saw that there was 8 endings yea I am not going for all the endings can not be arsed and some of the ways to get the other endings are like really really really really weird, But I'm out of time so I'm gonna sign off right here bye bye bye Dilster out.",1760697969,1760697969,True,0,1,0.5,False,False,completed journey silent hill many fright like leg men woman im diverse welcome pyramid head call john quite scary one kill say death game would death wasnt near end also due stupidity dont look much didnt like laura game little shithead kept running away like smell saw ending yea going ending arsed way get ending like really really really really weird im time im gon na sign right bye bye bye dilster,completed journey silent hill many fright like leg men woman i am diverse welcome pyramid head call john quite scary one kill say death game would death wasnt near end also due stupidity do not look much didnt like laura game little shithead kept running away like smell saw ending yea going ending arsed way get ending like really really really really weird i am time i am gon na sign right bye bye bye dilster
206500442,76561198354620587,0,14,882,0,en,had a fun time playing through the game for the first time   (ngl made me shed a tear),1760231954,1760231954,True,1,0,0.5,False,False,fun time playing game first time ngl made shed tear,fun time playing game first time ngl made shed tear
206148513,76561198120090817,380,32,896,0,en,The devs don't seem to have the word 'variety' in their vocabulary.  ,1759873853,1759873853,False,2,1,0.4656684100627899,False,False,devs dont seem word variety vocabulary,devs do not seem word variety vocabulary
206930202,76561198452758935,200,20,420,327,en,Hills have been anything but silent since i got a gun 😭✌️,1760712612,1761145590,True,1,0,0.5084269642829895,True,False,hill anything silent since got gun,hill anything silent since got gun
207908824,76561198070078720,0,50,1371,971,en,Respect to Konami and Bloober Team.,1761773477,1761773477,True,0,0,0.5,False,False,respect konami bloober team,respect konami bloober team
207840713,76561198178636997,0,5,1844,1494,en,James a bigger freak than myself.,1761703308,1761703308,True,0,0,0.5,True,False,james bigger freak,james bigger freak
206475095,76561198164954392,111,21,1680,398,en,Nightmare fuel.  Gameplay 10/10.,1760209924,1760209924,True,0,0,0.5,True,False,nightmare fuel gameplay,nightmare fuel gameplay
206247860,76561198061936489,0,46,1919,0,en,Great remake of the original.,1760002298,1760002298,True,0,0,0.5,True,False,great remake original,great remake original
207211029,76561198109859338,0,1,401,43,en,idk im really autistic abt this game,1761013462,1761013462,True,3,0,0.5597484707832336,True,False,idk im really autistic abt game,idk i am really autistic abt game
206568341,76561199233032647,0,3,1298,10,en,in my restless dreams i see that game silent peak 2,1760289805,1760289805,True,0,0,0.5,False,False,restless dream see game silent peak,restless dream see game silent peak
206219805,76561198029596166,107,36,1883,0,en,"Oh no! Where is the ""born from a wish"" sub scenario at the and? :o",1759959092,1759959092,True,0,0,0.5,True,False,oh born wish sub scenario,oh born wish sub scenario
205621089,76561199025749873,88,23,1827,913,en,直面恐惧 I know what you are I know why I needed you But it's all over now I don't need you anymore I'm ready,1759329075,1759329266,True,0,0,0.5,True,False,know know needed dont need anymore im ready,know know needed do not need anymore i am ready
205594255,76561198371572299,234,10,1436,0,en,I really did see that town in my restless dreams....,1759294633,1759294633,True,0,0,0.5,True,False,really see town restless dream,really see town restless dream
205590010,76561198283704231,0,19,1369,0,en,triangle man hasn't been the same since the divorce,1759288595,1759288595,True,0,0,0.5,True,False,triangle man hasnt since divorce,triangle man hasnt since divorce
206906974,76561199600083481,0,4,1393,496,en,james is certified wife beater,1760682900,1760682900,True,1,0,0.5238095521926879,False,False,james certified wife beater,james certified wife beater
207873783,76561198840126358,110,14,823,87,en,I want firstperson,1761746205,1761746205,True,0,0,0.5,True,False,want firstperson,want firstperson
207501778,76561198901185149,0,38,319,319,en,horror at its finest thumbs up,1761347704,1761347704,True,0,0,0.5,True,False,horror finest thumb,horror finest thumb
207184217,76561198824146193,0,1,823,589,en,Great Game. Better than Silent Hill f,1760981164,1760981164,True,0,0,0.5,False,False,great game better silent hill f,great game better silent hill f
207050093,76561198020899907,0,23,975,755,en,Better than Silent Hill f ass game,1760832277,1760832277,True,0,0,0.5,True,False,better silent hill f as game,better silent hill f as game
206671597,76561198066191879,56,32,1188,0,en,"I remember being a kid and playing this, it was good then it's good now.",1760396167,1760396204,True,0,0,0.5,False,False,remember kid playing good good,remember kid playing good good
206510471,76561198869127594,0,21,1193,0,en,Game that has a place in my heart. 10/10.,1760242261,1760242261,True,0,0,0.5,False,False,game place heart,game place heart
205993148,76561199128447735,0,50,343,88,en,"In my rizzless dreams, I see that gyatt.......",1759702779,1759702779,True,0,0,0.5,False,False,rizzless dream see gyatt,rizzless dream see gyatt
207885693,76561198169542211,0,63,740,740,en,The best atmosphere ever.,1761755537,1761755537,True,1,0,0.5238095521926879,False,False,best atmosphere ever,best atmosphere ever
207442355,76561199228149209,422,109,472,472,en,One of the scariest games of all time!,1761288074,1761288074,True,0,0,0.5,True,False,one scariest game time,one scariest game time
207061447,76561197970551837,372,1,372,60,en,Stellar psychological horror.,1760846587,1760846587,True,0,0,0.5,False,False,stellar psychological horror,stellar psychological horror
206862045,76561199549341702,92,16,3181,987,en,Most scary game i've ever played  ,1760629610,1760629610,True,0,0,0.5,False,False,scary game ive ever played,scary game i have ever played
206806460,76561198029991453,63,2,1418,205,en,Wooooo still the GOAT survirval horror!!!,1760557486,1760557486,True,0,0,0.5,False,False,wooooo still goat survirval horror,wooooo still goat survirval horror
206275836,76561199174593996,0,15,1351,0,en,Every details of this game are perfect,1760031252,1760031252,True,0,0,0.5,True,False,every detail game perfect,every detail game perfect
206263443,76561198453681845,0,14,1904,0,en,great tribute to the original in many ways,1760020891,1760020891,True,0,0,0.5,True,False,great tribute original many way,great tribute original many way
206017661,76561199070922927,97,2,657,0,en,finished in one sitting... its peak.,1759733676,1759733676,True,0,0,0.5,True,False,finished one sitting peak,finished one sitting peak
207360623,76561198256846756,0,4,283,283,en,well optimized with beautiful ambiance,1761193014,1761193014,True,0,0,0.4807692468166351,True,False,well optimized beautiful ambiance,well optimized beautiful ambiance
207400254,76561198163264900,0,52,1334,1146,en,one of a kind in the genre. it's just great,1761239221,1761239221,True,1,0,0.5238095521926879,True,False,one kind genre great,one kind genre great
208018735,76561198211856307,0,4,2075,1235,en,Horrifying in the best way.,1761885042,1761885042,True,0,0,0.5,False,False,horrifying best way,horrifying best way
207409615,76561198048111667,0,1,6809,488,en,beautiful and well acted,1761247317,1761247317,True,0,0,0.5,False,False,beautiful well acted,beautiful well acted
207308089,76561198225948872,0,4,1217,546,en,"In my restless dreams, I see that town...",1761137428,1761137428,True,0,0,0.5,False,False,restless dream see town,restless dream see town
206689655,76561198083140160,0,43,1729,0,en,"Excellent, play it now.",1760420661,1760420661,True,0,0,0.5,True,False,excellent play,excellent play
206050302,76561197998141961,0,18,1433,0,en,Just chilling to the bone good ...,1759768299,1759768299,True,0,0,0.5,True,False,chilling bone good,chilling bone good
205870657,76561199816143528,0,1,20,0,en,everytime i lauch it it crashes,1759594912,1759594912,True,0,0,0.5,False,False,everytime lauch crash,everytime lauch crash
205783176,76561199176955364,0,4,1217,0,en,this is one of my favorite games ever please play it oh my god,1759508011,1759508011,True,0,0,0.5,True,False,one favorite game ever please play oh god,one favorite game ever please play oh god
205582733,76561198064566700,0,59,841,76,en,This game ages like fine wine.,1759279061,1759279061,True,0,0,0.5,False,True,game age like fine wine,game age like fine wine
205797325,76561198988174972,0,7,3139,0,en,"""Wake up James, it was all a dream"" - Mary",1759519691,1759733225,True,2,0,0.541984736919403,True,False,wake james dream mary,wake james dream mary
205961247,76561198305868931,144,11,871,1,en,The most beautiful game,1759678733,1759678733,True,1,0,0.503311276435852,False,False,beautiful game,beautiful game
207933606,76561199019371522,107,15,964,384,en,OBRA MAESTRA final 10/10,1761802027,1761802027,True,0,0,0.5,False,False,obra maestra final,obra maestra final
207482230,76561199033859166,101,13,585,385,en,its a pretty quiet mountain,1761329684,1761329684,True,0,0,0.5,False,False,pretty quiet mountain,pretty quiet mountain
207240210,76561198034484602,0,3,1583,0,en,Enjoyed this with my gf good game,1761057447,1761057447,True,0,0,0.5,False,False,enjoyed gf good game,enjoyed gf good game
207072019,76561197988286819,0,22,645,0,en,Good horror game.,1760860615,1760860615,True,0,0,0.5,True,False,good horror game,good horror game
206472528,76561199510692652,0,1,3740,0,en,10/10 would stomp again,1760208153,1760208153,True,0,0,0.5,False,False,would stomp,would stomp
205598414,76561197987065869,231,30,2585,0,en,APENAS JOGUE ISSO.  11/10,1759301044,1759301044,True,0,0,0.5,True,False,apenas jogue isso,apenas jogue isso
207872542,76561199656900811,0,66,5166,0,en,Survival Horror best 💯,1761745088,1761745088,True,3,0,0.5334821343421936,False,False,survival horror best,survival horror best
206508200,76561199474833756,0,4,1306,80,en,better then old one great game,1760239990,1760239990,True,0,0,0.4761904776096343,True,False,better old one great game,better old one great game
207468111,76561198130724987,1086,11,2054,820,en,10/10 in my restless dreams,1761317885,1761334430,True,1,0,0.5238095521926879,True,False,restless dream,restless dream
207079555,76561199577739302,73,2,1891,210,en,yes. buy this game NOW,1760869099,1760869099,True,1,0,0.5238095521926879,False,False,yes buy game,yes buy game
206230836,76561199057744052,73,12,2196,0,en,This game is legendary.,1759973860,1759973860,True,2,0,0.5238095521926879,True,False,game legendary,game legendary
206942153,76561199403370259,70,4,1672,0,en,"This game ""Made me happy""",1760722799,1760722799,True,1,0,0.52173912525177,False,False,game made happy,game made happy
207845513,76561198048686181,35,1,1644,1454,en,There wasn't a hole in my chest. It's there now.,1761709338,1761709338,True,0,0,0.5,False,False,wasnt hole chest,wasnt hole chest
207632240,76561198830160434,137,11,1036,988,en,the hill really was silent all along,1761481148,1761481148,True,0,0,0.5,True,False,hill really silent along,hill really silent along
207434487,76561199121738469,0,1,3349,664,en,this game changed me,1761276178,1761276178,True,0,0,0.5,True,False,game changed,game changed
206796253,76561198857878735,116,19,923,734,en,"shitted myself, twice 9.5/10",1760548018,1761402699,True,0,0,0.5,True,False,shitted twice,shitted twice
206611279,76561198048536905,343,2,1554,0,en,This game gave me the heebie jeebies!,1760332528,1760332528,True,0,0,0.5,True,False,game gave heebie jeebies,game gave heebie jeebies
206251772,76561199441836774,106,22,441,0,en,Very great game,1760008441,1760008441,True,0,0,0.5,True,False,great game,great game
205937706,76561198008283581,218,8,2907,0,en,Fantastic! Love it!,1759660763,1759660763,True,0,0,0.5,True,False,fantastic love,fantastic love
205870351,76561198379382816,123,17,1093,0,en,One of the best games of all time,1759594687,1759594687,True,1,0,0.5,False,False,one best game time,one best game time
205813563,76561197990751945,0,39,1335,0,en,Genuinly unpleasant,1759536012,1759536012,True,0,0,0.5,False,False,genuinly unpleasant,genuinly unpleasant
205722977,76561199712921012,17,1,2701,0,en,10/10 this game is top!,1759439042,1759439042,True,0,0,0.5,True,False,game top,game top
205900850,76561198127055103,202,18,1043,46,en,"Peak ""Where is my wife"" simulator.",1759619038,1759619038,True,2,0,0.5454545617103576,False,False,peak wife simulator,peak wife simulator
207268298,76561198055956515,684,453,2330,610,en,YOU'VE BEEN HERE FOR TWO DECADES.,1761082302,1761082302,True,2,0,0.5438839197158813,False,False,youve two decade,youve two decade
207633285,76561198137023545,275,40,1312,1122,en,Pretty good remake,1761482073,1761482073,True,1,0,0.5238095521926879,False,False,pretty good remake,pretty good remake
207491114,76561199112437178,40,3,881,586,en,the fog is coming,1761337477,1761337477,True,1,0,0.5238095521926879,True,False,fog coming,fog coming
206893524,76561199120978069,0,2,1651,479,en,So peak it made me cry 10/10,1760661977,1760661977,True,1,0,0.5238095521926879,True,False,peak made cry,peak made cry
206046867,76561199223147393,149,41,2734,0,en,I love this game,1759765566,1759765566,True,1,0,0.5238095521926879,True,False,love game,love game
206087352,76561198264235538,189,22,1047,4,en,One of the greatest games of all time,1759804987,1759804987,True,1,0,0.5049099922180175,False,False,one greatest game time,one greatest game time
207961329,76561198834105348,217,41,1139,949,en,"Amazing, loved it",1761834353,1761834353,True,0,1,0.5,False,False,amazing loved,amazing loved
207859494,76561198205085060,0,7,677,677,en,The perfect game <3,1761730770,1761730770,True,0,0,0.5,False,False,perfect game,perfect game
207735505,76561198013690437,388,19,2806,2413,en,"For me, it's always like this.",1761590276,1761590276,True,0,0,0.5,True,False,always like,always like
207333641,76561198018729727,0,40,1783,862,en,Masha is fine but she's not mine,1761160264,1761210428,True,0,0,0.5,True,False,masha fine shes mine,masha fine shes mine
207221193,76561198096213892,73,8,2625,1,en,it's good,1761031702,1761031702,True,0,0,0.5,True,False,good,good
207117337,76561197971149386,0,1,1038,110,en,"Just incredible, a worthy remake",1760900437,1760900437,True,0,0,0.5,True,False,incredible worthy remake,incredible worthy remake
206855428,76561198049370424,0,36,3841,0,en,this game changed my life,1760623577,1760623577,True,0,0,0.5,True,False,game changed life,game changed life
206586530,76561198094522977,301,4,794,0,en,MASTERPIECE. That is all.,1760303384,1760303384,True,0,0,0.5,True,False,masterpiece,masterpiece
206227128,76561199228407603,66,10,1710,89,en,this is the best game ever,1759968643,1759968643,True,0,0,0.5,True,False,best game ever,best game ever
206146563,76561199790386287,0,2,3011,0,en,it's pretty cool.,1759871726,1759871726,True,0,0,0.5,False,False,pretty cool,pretty cool
205986058,76561198407776346,267,31,2342,0,en,Out of my Teague.,1759696315,1759696315,True,0,0,0.5,True,False,teague,teague
205582766,76561198140821393,157,9,1426,128,en,really spooky 10/10,1759279107,1759279107,True,0,0,0.5,False,False,really spooky,really spooky
207473509,76561199807935140,26,7,451,0,en,famye smells of farts,1761322236,1761322236,True,0,0,0.4724409580230712,True,False,famye smell fart,famye smell fart
207745003,76561199573922825,0,5,1162,1162,en,Game is peak.,1761599143,1761599143,True,0,0,0.5,True,False,game peak,game peak
207599722,76561199091590754,46,3,2654,2662,en,pretty good,1761443974,1761443974,True,0,0,0.5,True,False,pretty good,pretty good
207566691,76561198362117489,172,16,1210,1210,en,One of the best horror games,1761412992,1761412992,True,0,0,0.5,True,False,one best horror game,one best horror game
206860445,76561198402360713,113,34,1237,892,en,actually incredible.,1760628177,1760628177,True,0,0,0.5,True,False,actually incredible,actually incredible
206678031,76561198146070425,143,2,891,0,en,perfection.,1760403988,1760442346,True,0,0,0.5,False,False,perfection,perfection
206394115,76561198307941484,0,14,1368,0,en,ts so goated...,1760144809,1760144809,True,0,0,0.5,True,False,t goated,t goated
206235338,76561197998107972,1025,4,343,109,en,Absolutely Fabulous,1759980613,1759980613,True,0,0,0.5,False,False,absolutely fabulous,absolutely fabulous
206095008,76561198259684264,0,82,276,0,en,A classic.,1759815522,1759815522,True,0,0,0.5,False,False,classic,classic
205735595,76561199065803059,0,40,210,0,en,good soup,1759454535,1759454535,True,0,0,0.5,True,False,good soup,good soup
205777692,76561198157057224,1728,159,55,0,en,better than silent hill f,1759503593,1759503593,True,5,0,0.528363049030304,True,False,better silent hill f,better silent hill f
206162089,76561198205377945,0,2,958,0,en,Check the back seat,1759891500,1759891500,True,0,0,0.5,True,False,check back seat,check back seat
205716604,76561199484876000,0,2,2828,0,en,true goty of 2024,1759432969,1759432969,True,0,0,0.5,True,False,true goty,true goty
206370817,76561199006248469,0,18,1293,0,en,They removed the can of lightbulbs.,1760126896,1760126896,False,3,3,0.4809160232543945,True,False,removed lightbulb,removed lightbulb
207933958,76561198319765238,0,20,213,213,en,Silent Hill is St. Louis,1761802549,1761802549,True,0,0,0.5,False,False,silent hill st louis,silent hill st louis
207071561,76561198844639210,0,18,3681,588,en,Silent Hill ting's. ,1760860060,1760860060,True,0,0,0.5,False,False,silent hill ting,silent hill ting
206537178,76561199196019534,184,25,1671,0,en,Welcome to Silent Hill...,1760267902,1760267902,True,0,0,0.5,True,False,welcome silent hill,welcome silent hill
206227385,76561198987288653,0,3,269,10,en,its aight ig,1759969027,1759969027,True,0,0,0.5,True,False,aight ig,aight ig
206129675,76561198381043116,429,39,780,137,en,Would you like it to be?,1759856966,1759856966,True,0,0,0.5,True,False,would like,would like
205669899,76561199082621549,0,30,169,0,en,really scary,1759383842,1759383842,True,0,0,0.5,True,False,really scary,really scary
206520296,76561198103464170,0,5,4517,0,en,So good i went out and beat my very own silent hill manifested monster (homeless man) with a pipe,1760252804,1760252804,True,2,3,0.5454545617103576,True,False,good went beat silent hill manifested monster homeless man pipe,good went beat silent hill manifested monster homeless man pipe
207055838,76561198109725712,191,164,1170,637,en,Is Maria in the room with us now?,1760839516,1760839516,True,1,0,0.5238095521926879,True,False,maria room u,maria room you
207769522,76561198086385107,325,58,74,74,en,it aight,1761632365,1761632365,True,0,0,0.5,True,False,aight,aight
207086988,76561199191331189,0,4,1145,1145,en,You scared me to death ! ,1760876466,1760876466,True,0,0,0.5,True,False,scared death,scared death
206728399,76561199344652205,0,2,1005,0,en,It’s beautiful..,1760464472,1760464472,True,0,0,0.5,True,False,beautiful,beautiful
206281818,76561198103335991,0,17,1111,0,en,Old school survival horror,1760036498,1760036498,True,0,0,0.5,False,False,old school survival horror,old school survival horror
206067562,76561197989524280,415,11,1185,0,en,Great,1759782773,1759782773,True,0,0,0.5,False,False,great,great
207332561,76561198015899827,0,6,1421,588,en,Yeah it's arite,1761159280,1761159280,True,0,0,0.5,False,False,yeah arite,yeah arite
207075574,76561198009170522,0,2,1978,62,en,HIGHLY RECOMMEND THE GAME,1760864902,1760864902,True,0,0,0.5,True,False,highly recommend game,highly recommend game
206197744,76561198311273636,0,2,1328,0,en,The best horror game of all time.,1759937452,1759937452,True,1,0,0.5,True,False,best horror game time,best horror game time
207649070,76561198328582851,149,42,684,684,en,Boring,1761494343,1761494343,False,1,2,0.4453064501285552,True,False,boring,boring
207046632,76561198280126564,0,1,1405,189,en,these hills are silent ,1760828134,1760828134,True,1,0,0.5238095521926879,True,False,hill silent,hill silent
207220806,76561198052507633,412,70,1793,1757,en,In hills no one can hear you silent.,1761030947,1761030947,True,1,0,0.5199999809265136,True,False,hill one hear silent,hill one hear silent
206251128,76561199195492469,0,7,2555,0,en,"""I miss you so much.""",1760007411,1760007411,True,0,0,0.5,True,False,miss much,miss much
206166656,76561198005658284,0,5,1383,0,en,Great remake ,1759897716,1759897716,True,0,0,0.5,True,False,great remake,great remake
206146271,76561199006586340,87,16,485,0,en,holy shit!! ,1759871397,1759871397,True,0,0,0.5,False,False,holy shit,holy shit
205888169,76561198080710562,537,57,1138,0,en,"[h1]Silent Hill 2 Review[/h1]  [h2]TL;DR[/h2] This was my (Meta) first entry in the Silent Hills series, and man - what a masterpiece. It's feels like a perfect middle-ground between Resident Evil and Outlast. First playthrough was 15+ hours and it all felt amazing.  [h3]Gameplay[/h3] [list] [*][b]Combat:[/b] You're not a soldier like in RE games, and you're not a journalist like Outlast. You're a normal guy who can lay pipe.  [*][b]Replayability:[/b] Fairly high. Eight endings and NG+  [*][b]Controls:[/b] Slow, but by design. Entering rooms and rounding corners feels terrifying. [/list]  [h3]Story & World[/h3] [list] [*][b]Premise:[/b] James Sunderland arrives in Silent Hill after receiving a letter from his wife (who’s been dead for years). What follows is a descent into guilt, grief, and psychological torment.  [*][b]Characters:[/b] The characters and enemies are so well done. Every scene with Angela felt so powerful.  [*][b]Worldbuilding:[/b] Silent Hill has life(?) but feels so lonely. Atmosphere pulls you in. [/list]  [h3]Progression[/h3] [list] [*][b]100%-able?:[/b] Yes, and seems to be worth it. Each ending gives you another piece of the puzzle.  [*][b]Leveling:[/b] None, you're really just progressing through James' mind.  [*][b]Gear & Tools:[/b] Flashlight, radio, gun, pipe. Every item matters. [/list]  [h3]Presentation[/h3] [list] [*][b]Visuals:[/b] Everything feels so grotesque and unique. I imagine playing the OG was even better.  [*][b]Audio:[/b] Anxiety inducing and amazing.  [*][b]Performance:[/b] Ran fine until one cutscene, and then I dropped frames to 60fps for stream. [/list]  [h3]Bonus Bits[/h3] [list] [*][b]Mods:[/b] Not sure any are out there, or needed.  [*][b]Multiplayer:[/b] None. Silent Hill is a lonely experience.  [*][b]Steam Deck:[/b] I don't believe it's officially supported, and I don't think you'd get the same experience. [/list]",1759608005,1759608005,True,0,0,0.5,False,False,hsilent hill reviewh htldrh meta first entry silent hill series man masterpiece feel like perfect middleground resident evil outlast first playthrough hour felt amazing hgameplayh list bcombatb youre soldier like game youre journalist like outlast youre normal guy lay pipe breplayabilityb fairly high eight ending ng bcontrolsb slow design entering room rounding corner feel terrifying list hstory worldh list bpremiseb james sunderland arrives silent hill receiving letter wife who dead year follows descent guilt grief psychological torment bcharactersb character enemy well done every scene angela felt powerful bworldbuildingb silent hill life feel lonely atmosphere pull list hprogressionh list bableb yes seems worth ending give another piece puzzle blevelingb none youre really progressing james mind bgear toolsb flashlight radio gun pipe every item matter list hpresentationh list bvisualsb everything feel grotesque unique imagine playing og even better baudiob anxiety inducing amazing bperformanceb ran fine one cutscene dropped frame fps stream list hbonus bitsh list bmodsb sure needed bmultiplayerb none silent hill lonely experience bsteam deckb dont believe officially supported dont think youd get experience list,hsilent hill reviewh htldrh meta first entry silent hill series man masterpiece feel like perfect middleground resident evil outlast first playthrough hour felt amazing hgameplayh list bcombatb youre soldier like game youre journalist like outlast youre normal guy lay pipe breplayabilityb fairly high eight ending ng bcontrolsb slow design entering room rounding corner feel terrifying list hstory worldh list bpremiseb james sunderland arrives silent hill receiving letter wife who dead year follows descent guilt grief psychological torment bcharactersb character enemy well done every scene angela felt powerful bworldbuildingb silent hill life feel lonely atmosphere pull list hprogressionh list bableb yes seems worth ending give another piece puzzle blevelingb none youre really progressing james mind bgear toolsb flashlight radio gun pipe every item matter list hpresentationh list bvisualsb everything feel grotesque unique imagine playing og even better baudiob anxiety inducing amazing bperformanceb ran fine one cutscene dropped frame fps stream list hbonus bitsh list bmodsb sure needed bmultiplayerb none silent hill lonely experience bsteam deckb do not believe officially supported do not think youd get experience list
207353729,76561198140738901,179,1,2624,657,en,Its Gud ,1761182986,1761182986,True,0,0,0.5,True,False,gud,gud
206192590,76561199091010942,166,4,1189,0,en,there was a hole here it's gone now,1759932732,1761390490,True,0,0,0.5,True,False,hole gone,hole gone
208014462,76561198058277565,0,9,1293,607,en,Depressed Chef Kiss,1761879593,1761879593,True,0,0,0.5,True,False,depressed chef kiss,depressed chef kiss
206190525,76561198149352369,320,115,2051,0,en,"""The thuth is... I wanted my life back"" 😭😭😭",1759930795,1759930795,True,0,0,0.5,True,False,thuth wanted life back,thuth wanted life back
207771433,76561198050808470,0,5,1693,352,en,What a journey!,1761635759,1761635759,True,0,0,0.5,True,False,journey,journey
207754879,76561199825752406,0,1,2122,653,en,top,1761609801,1761609801,True,0,0,0.5,True,False,top,top
207744588,76561199254704520,0,15,850,850,en,¡¡¡TE AMOO SILENT HILL!!!,1761598759,1761598759,True,0,0,0.5,False,False,te amoo silent hill,te amoo silent hill
207770687,76561198269388531,213,13,1317,607,en,"""SHAPE FORCES THE MIND""",1761634475,1761634475,True,3,0,0.5549561977386473,True,False,shape force mind,shape force mind
207602234,76561197981021735,760,68,1088,183,en,I love my wife.,1761447051,1761447051,True,0,0,0.5,True,False,love wife,love wife
206689125,76561199237328169,0,5,1277,526,en,fire,1760419758,1760419758,True,0,0,0.5,True,False,fire,fire
205595212,76561199224350160,0,1,1296,0,en,honestly yea ,1759296063,1759296063,True,0,0,0.5,True,False,honestly yea,honestly yea
207138665,76561198975078232,145,13,133,0,en,goyslop hill 2,1760922996,1760922996,False,0,2,0.31778484582901,False,False,goyslop hill,goyslop hill
206436683,76561199046407789,0,1,2936,0,en,me love this,1760185122,1760185122,True,0,0,0.5,False,False,love,love
207752124,76561198262539303,351,60,1734,804,en,Goated,1761606527,1761606527,True,0,0,0.5,True,False,goated,goated
207924587,76561199867530150,0,1,1731,978,en,hermoso,1761789755,1761789755,True,0,0,0.5,False,False,hermoso,hermoso
205909454,76561199069887432,108,22,1118,0,en,Cine,1759628816,1759628816,True,1,0,0.5238095521926879,True,False,cine,cine
205926945,76561198040958392,2543,21,1620,0,en,"Absolute disaster.   [spoiler] Action that feels borderline mocking of the original. UE5 stutter. Disgraceful looking character models and shameful redesigns; Angela being a complete laughingstock with each and every appearance. Missing bits storytelling integral to the character of James (i.e. “Liquor bottles. I don't need that right now.”) and of course others. Misinterpretation of scene direction. Subtlety as a whole was abandoned, smothered and butchered. Airy, slow, breathy Troy Baker-esque voice acting galore that becomes insufferable to listen. Mindless idiot design of breaking walls repeatedly 5 thousand times and yellow paint nonsense. 2-3x the length of the original making for an exhausting slog to sit through— modern day game design, where pacing is not an existing word within the mental dictionary of the designers or players lacking self-respect. Only 3 enemy types that you are more likely/inclined to kill a thousand times more than the original because of its heavy action based design. Awful third person combat melee with silly hyper action i-frame dodging. Clunky, generic Last of Us style of gameplay (it sucked in those games, too). No Born from a Wish scenario. [/spoiler]",1759649982,1759650119,False,3,1,0.4631268382072448,False,False,absolute disaster spoiler action feel borderline mocking original ue stutter disgraceful looking character model shameful redesigns angela complete laughingstock every appearance missing bit storytelling integral character james ie liquor bottle dont need right course others misinterpretation scene direction subtlety whole abandoned smothered butchered airy slow breathy troy bakeresque voice acting galore becomes insufferable listen mindless idiot design breaking wall repeatedly thousand time yellow paint nonsense x length original making exhausting slog sit modern day game design pacing existing word within mental dictionary designer player lacking selfrespect enemy type likelyinclined kill thousand time original heavy action based design awful third person combat melee silly hyper action iframe dodging clunky generic last u style gameplay sucked game born wish scenario spoiler,absolute disaster spoiler action feel borderline mocking original ue stutter disgraceful looking character model shameful redesigns angela complete laughingstock every appearance missing bit storytelling integral character james ie liquor bottle do not need right course others misinterpretation scene direction subtlety whole abandoned smothered butchered airy slow breathy troy bakeresque voice acting galore becomes insufferable listen mindless idiot design breaking wall repeatedly thousand time yellow paint nonsense x length original making exhausting slog sit modern day game design pacing existing word within mental dictionary designer player lacking selfrespect enemy type likelyinclined kill thousand time original heavy action based design awful third person combat melee silly hyper action iframe dodging clunky generic last you style gameplay sucked game born wish scenario spoiler
205922753,76561198005686691,0,2,688,279,en,"I am a huge fan of the original and this one is a faithful, and frankly, amazing tribute to the original. The slight variation in dialogue between James and the other NPCs adds so much more depth to their character. The atmosphere is amazing and does a good job creating that tension that was so present in the original. Then comes the added detail to the environment and to the spaces you explore. I couldn't have asked for a better remake. If you're a SH fan, definitely worth a play through. Can't wait for SH1 remake.",1759645001,1759645001,True,0,0,0.5,True,False,huge fan original one faithful frankly amazing tribute original slight variation dialogue james npc add much depth character atmosphere amazing good job creating tension present original come added detail environment space explore couldnt asked better remake youre sh fan definitely worth play cant wait sh remake,huge fan original one faithful frankly amazing tribute original slight variation dialogue james npc add much depth character atmosphere amazing good job creating tension present original come added detail environment space explore couldnt asked better remake youre sh fan definitely worth play cannot wait sh remake
203635739,76561198174755803,0,20,2592,0,en,"Silent Hill 2 - and really the entire franchise - is a unique experience in gaming. When I played the original back in my school years, I felt hopelessness, deep sorrow, and fear. For me, it was the scariest game ever – it didn’t frighten me with jump scares, but with its suffocating atmosphere. Twenty years have passed, and nothing has changed.   The remake crushes you with that same atmosphere from start to finish, carried by the legendary soundtrack of Akira Yamaoka. This is the only game where it feels literally uncomfortable to be there. You want to turn it off, to escape from it - and that is exactly where Bloober succeeded brilliantly.   Yes, there are plenty of excellent survival horrors - Alan Wake 2, Resident Evil 2, 4, 7, 8 - but only in Silent Hill 2 will you feel this. And that’s why the game remains one of a kind.   It’s also unique because of its story - so personal, so intimate for each of its characters: James, Angela, Eddie. If you love narratives rich with psychological depth, this is your game.   And for those who played the original, Bloober prepared surprises: Glimpses of the Past that reference specific moments, scenes, or items from the original game and two completely new endings. Both are worthy of the original, and one of them is so powerful it gives you chills – and you even think, “Yes, this might be the best ending for James.”   An unforgettable game. A unique survival horror. A one-of-a-kind experience that gets under your skin and never lets go.",1757103714,1757110335,True,118,2,0.8835460543632507,True,False,silent hill really entire franchise unique experience gaming played original back school year felt hopelessness deep sorrow fear scariest game ever didnt frighten jump scare suffocating atmosphere twenty year passed nothing changed remake crush atmosphere start finish carried legendary soundtrack akira yamaoka game feel literally uncomfortable want turn escape exactly bloober succeeded brilliantly yes plenty excellent survival horror alan wake resident evil silent hill feel thats game remains one kind also unique story personal intimate character james angela eddie love narrative rich psychological depth game played original bloober prepared surprise glimpse past reference specific moment scene item original game two completely new ending worthy original one powerful give chill even think yes might best ending james unforgettable game unique survival horror oneofakind experience get skin never let go,silent hill really entire franchise unique experience gaming played original back school year felt hopelessness deep sorrow fear scariest game ever didnt frighten jump scare suffocating atmosphere twenty year passed nothing changed remake crush atmosphere start finish carried legendary soundtrack akira yamaoka game feel literally uncomfortable want turn escape exactly bloober succeeded brilliantly yes plenty excellent survival horror alan wake resident evil silent hill feel thats game remains one kind also unique story personal intimate character james angela eddie love narrative rich psychological depth game played original bloober prepared surprise glimpse past reference specific moment scene item original game two completely new ending worthy original one powerful give chill even think yes might best ending james unforgettable game unique survival horror oneofakind experience get skin never let go
204938348,76561198828442946,188,1,1452,0,en,"i rarely leave reviews, but this one deserves it. a truly moving experience that just gripped me, wrapped in unsettling, heavy atmosphere, sound, and themes. it’s far more than just fog and monsters—it’s a journey into the darkest corners of humanity.",1758537207,1758537207,True,94,0,0.873958170413971,True,False,rarely leave review one deserves truly moving experience gripped wrapped unsettling heavy atmosphere sound theme far fog monstersits journey darkest corner humanity,rarely leave review one deserves truly moving experience gripped wrapped unsettling heavy atmosphere sound theme far fog monstersits journey darkest corner humanity
201647046,76561198973166532,200,22,2383,0,en,"I just cannot get this game out of my head, unforgettable experience  Thank you for not ruining the charm of the original game and even enhance some parts of it, 9.5 (performance and could make some parts a bit shorter, but the good outweighs this much more)",1754585178,1754585178,True,99,2,0.8517404198646545,True,False,get game head unforgettable experience thank ruining charm original game even enhance part performance could make part bit shorter good outweighs much,get game head unforgettable experience thank ruining charm original game even enhance part performance could make part bit shorter good outweighs much
203309572,76561198201399737,526,4,938,0,en,"An extremely wholesome game about a man who really loves his family. You'll laugh and cry and really ponder what Silent Hill truly represents, which is serenity. To get the most out of this mesmerizing experience, be sure to play late at night with a good pair of headphones. Good luck.",1756719297,1756719297,True,70,39,0.836182951927185,True,False,extremely wholesome game man really love family youll laugh cry really ponder silent hill truly represents serenity get mesmerizing experience sure play late night good pair headphone good luck,extremely wholesome game man really love family youll laugh cry really ponder silent hill truly represents serenity get mesmerizing experience sure play late night good pair headphone good luck
202240361,76561199493304991,78,6,2267,0,en,"In my restless dreams, I see that town, Silent Hill. Absloute Masterpiece.  can't wait for silent hill 1 remake :)",1755339502,1755339502,True,54,0,0.7839695811271667,True,False,restless dream see town silent hill absloute masterpiece cant wait silent hill remake,restless dream see town silent hill absloute masterpiece cannot wait silent hill remake
202032995,76561198165364935,888,181,1062,0,en,"a mans journey through his own personal hell dictated by guilt, grief, lust and punishment. For a first time player I thought it was a great experience, confusing af but great none the less",1755078058,1755078058,True,57,0,0.7825312614440917,True,False,man journey personal hell dictated guilt grief lust punishment first time player thought great experience confusing af great none less,man journey personal hell dictated guilt grief lust punishment first time player thought great experience confusing af great none less
204109295,76561198401230618,156,51,2057,0,en,"This game was absolutely perfect and without a doubt the scariest I have ever played. I grew up with horror games and have played countless titles over the years, yet nothing has unsettled me quite like this. Since I never had the chance to play the original Silent Hill 2, this remake was a completely fresh experience for me, and I truly could not have enjoyed it more.",1757624299,1757624299,True,39,1,0.7758007049560546,False,False,game absolutely perfect without doubt scariest ever played grew horror game played countless title year yet nothing unsettled quite like since never chance play original silent hill remake completely fresh experience truly could enjoyed,game absolutely perfect without doubt scariest ever played grew horror game played countless title year yet nothing unsettled quite like since never chance play original silent hill remake completely fresh experience truly could enjoyed
201529757,76561199110181632,65,4,1881,0,en,The game is really good but I hate Unreal Engine 5 Also if you have bad performance go to properties and type -dx12 in advanced startup,1754428554,1754698988,True,41,0,0.7533364295959472,False,False,game really good hate unreal engine also bad performance go property type dx advanced startup,game really good hate unreal engine also bad performance go property type dx advanced startup
203792607,76561198845672640,0,32,2578,0,en,"No game nails atmosphere quite like Silent Hill 2. The suffocating fog, the crushing darkness, and the unnerving sound design wrap around you like a nightmare you can’t wake up from. Akira Yamaoka’s soundtrack is unforgettable—soft, sorrowful piano one moment, grinding industrial noise the next—always pulling you deeper into unease. Silent Hill doesn’t just look alive; it feels alive, as if the entire town is breathing down James’ neck.",1757251212,1757251212,True,33,0,0.7323388457298278,True,False,game nail atmosphere quite like silent hill suffocating fog crushing darkness unnerving sound design wrap around like nightmare cant wake akira yamaokas soundtrack unforgettablesoft sorrowful piano one moment grinding industrial noise nextalways pulling deeper unease silent hill doesnt look alive feel alive entire town breathing james neck,game nail atmosphere quite like silent hill suffocating fog crushing darkness unnerving sound design wrap around like nightmare cannot wake akira yamaokas soundtrack unforgettablesoft sorrowful piano one moment grinding industrial noise nextalways pulling deeper unease silent hill doesnt look alive feel alive entire town breathing james neck
205294606,76561198422639965,230,24,1202,0,en,"Dog ending is canon.   ... No, but seriously. Bloober Team did an amazing job on the remake of this classic. Need them to remake the first game next.",1758954601,1758954601,True,32,2,0.731383204460144,True,False,dog ending canon seriously bloober team amazing job remake classic need remake first game next,dog ending canon seriously bloober team amazing job remake classic need remake first game next
205809762,76561198082136770,491,48,1740,0,en,Amazing game and GOTY 2024.,1759531650,1759531650,True,2,0,0.5526203513145446,False,False,amazing game goty,amazing game goty
206960153,76561198857732288,0,22,250,106,en,30 fps cutscenes is LAME,1760739614,1760739614,True,1,0,0.4988485276699066,True,False,fps cutscenes lame,fps cutscenes lame
205808238,76561198795618629,0,1,1923,0,en,James...  You made me happy..,1759529971,1759529971,True,0,0,0.5,False,False,james made happy,james made happy
207664733,76561198977229715,0,3,2675,2675,en,james is so fine.,1761506582,1761506582,True,1,0,0.5238095521926879,True,False,james fine,james fine
207879554,76561198796295936,224,13,852,0,en,three melatonin pill deep dream,1761750777,1761750777,True,0,1,0.5,True,False,three melatonin pill deep dream,three melatonin pill deep dream
207745983,76561199588830761,0,5,1350,0,en,“Then why do you look so sad”,1761600081,1761600081,True,0,0,0.5,True,False,look sad,look sad
206355605,76561199081608912,0,5,529,0,en,Will you wait for me,1760117837,1760117837,True,0,0,0.5,True,False,wait,wait
206053598,76561198026224827,0,10,1054,0,en,JOGO INCRIVEL,1759770947,1759770947,True,0,0,0.5,False,False,jogo incrivel,jogo incrivel
207124923,76561199042169452,93,17,1100,344,en,yes thank you mark,1760907062,1760907062,True,0,1,0.5,False,False,yes thank mark,yes thank mark
206733741,76561198806756813,126,4,5045,0,en,i miss my wife,1760469191,1760469191,True,4,0,0.5740364789962769,False,False,miss wife,miss wife
205746360,76561198375278526,30,10,1264,0,en,top 3 games i've ever played for sure,1759468898,1759468898,True,0,0,0.5,True,False,top game ive ever played sure,top game i have ever played sure
205758440,76561199036483054,0,5,1197,0,en,best game oat,1759485140,1760895090,True,1,0,0.50202077627182,True,False,best game oat,best game oat
206938833,76561198972606557,192,47,1532,460,en,holy peak,1760719882,1760719882,True,2,0,0.5454545617103576,False,False,holy peak,holy peak
205755865,76561198014219099,427,393,930,0,en,"📝 English review below / Reseña en inglés más abajo  ⸻  🔶 El terror más profundo no viene de afuera, viene de adentro.  ⸻  📝 RESEÑA EN ESPAÑOL  Voy a contar un poco mi historia con este juego. La primera vez que lo jugué fue en la década de los 2000, cuando todavía no llegaba a los 15 años. No logré pasar ni un tercio porque me daba demasiado miedo, así que terminé abandonándolo.  Hoy, muchos años después, me doy cuenta de algo más fuerte: no solo no lo iba a terminar, sino que tampoco lo iba a entender. Este Silent Hill no se limita a dar miedo con monstruos o escenarios oscuros, sino que toca el verdadero terror: el que genera nuestra propia mente. Habla de traumas, de culpas, de rencores… y nos muestra que la batalla más grande es contra nosotros mismos.  Como decía Carl Jung con el concepto de la sombra, este juego nos enfrenta con esa parte oscura de nuestra psique que escondemos por miedo. En ese sentido, Silent Hill 2 Remake es tan realista como perturbador: no se trata solo de sobrevivir, sino de mirarnos en un espejo incómodo.  Lo recomiendo a quienes estén preparados para algo más que un survival horror. Porque puede ayudarnos a ser más sinceros con nosotros mismos y, en consecuencia, también con los demás.  ⸻  ✅ Puntos positivos: • Una historia profunda y psicológica. • Terror que trasciende lo superficial. • Personajes y atmósfera que dejan huella. • Excelente reinterpretación en el remake.  ❌ Puntos negativos: • No es para cualquiera: puede ser demasiado perturbador. • Jugabilidad que en algunos momentos se siente pesada. • Exige estar en el “estado mental” correcto para apreciarlo.  ⸻  🎯 Conclusión:  Más que un juego de terror, es un viaje a lo más oscuro de la mente humana. Silent Hill 2 Remake no solo asusta: confronta, incomoda y deja pensando. Una experiencia única para quienes se animen a mirarse dentro.  🔸 PUNTUACIÓN FINAL: 9/10 El miedo más real es el que llevamos dentro.  ⸻  📝 REVIEW IN ENGLISH  🔶 The deepest fear doesn’t come from the outside — it comes from within.  ⸻  Let me share a bit of my story with this game. The first time I played it was back in the 2000s, when I was under 15 years old. I couldn’t get past even a third of the game because it scared me so much, so I abandoned it.  Today, looking back as an adult, I realize something bigger: not only was I not going to finish it, I wasn’t even going to understand it. This Silent Hill doesn’t just scare with monsters or dark environments — it dives into the fear created by our own minds. It’s about trauma, guilt, resentment… and it shows us that the greatest battle is against ourselves.  As Carl Jung described with the concept of the shadow, this game confronts us with the darkest part of our psyche that we hide out of fear. In that sense, Silent Hill 2 Remake is as realistic as it is disturbing: it’s not just about surviving, it’s about facing an uncomfortable reflection.  I recommend it to those who are ready for something deeper than a survival horror. It can genuinely help us treat ourselves — and others — more sincerely.  ⸻  ✅ Pros: • Deep, psychological storytelling. • Fear that goes beyond the superficial. • Memorable characters and atmosphere. • Strong reinterpretation in the remake.  ❌ Cons: • Not for everyone: can be too disturbing. • Gameplay can feel heavy at times. • Requires the right mental state to fully appreciate.  ⸻  🎯 Conclusion:  More than a horror game, it’s a journey into the darkest corners of the human mind. Silent Hill 2 Remake doesn’t just scare — it confronts, unsettles, and lingers. A unique experience for those brave enough to look within.  🔸 FINAL SCORE: 9/10 The scariest fear is the one we carry inside.",1759482003,1759482003,True,1,0,0.4979253411293029,False,False,english review resea en ingls m abajo el terror m profundo viene de afuera viene de adentro resea en espaol voy contar un poco mi historia con este juego la primera vez que lo jugu fue en la dcada de los cuando todava llegaba los aos logr pasar ni un tercio porque daba demasiado miedo que termin abandonndolo hoy muchos aos despus doy cuenta de algo m fuerte solo lo iba terminar sino que tampoco lo iba entender este silent hill se limita dar miedo con monstruos escenarios oscuros sino que toca el verdadero terror el que genus nuestra propia mente habla de trauma de culpas de rencores no muestra que la batalla m grande e contra nosotros mismos como deca carl jung con el concepto de la sombra este juego no enfrenta con esa parte oscura de nuestra psique que escondemos por miedo en ese sentido silent hill remake e tan realista como perturbador se trata solo de sobrevivir sino de mirarnos en un espejo incmodo lo recomiendo quienes estn preparados para algo m que un survival horror porque puede ayudarnos ser m sinceros con nosotros mismos en consecuencia tambin con los dems puntos positivos una historia profunda psicolgica terror que trasciende lo superficial personajes atmsfera que dejan huella excelente reinterpretacin en el remake puntos negativos e para cualquiera puede ser demasiado perturbador jugabilidad que en algunos momentos se siente pesada exige estar en el estado mental correcto para apreciarlo conclusin m que un juego de terror e un viaje lo m oscuro de la mente humana silent hill remake solo asusta confronta incomoda deja pensando una experiencia nica para quienes se animen mirarse dentro puntuacin final el miedo m real e el que llevamos dentro review english deepest fear doesnt come outside come within let share bit story game first time played back year old couldnt get past even third game scared much abandoned today looking back adult realize something bigger going finish wasnt even going understand silent hill doesnt scare monster dark environment dive fear created mind trauma guilt resentment show u greatest battle carl jung described concept shadow game confronts u darkest part psyche hide fear sense silent hill remake realistic disturbing surviving facing uncomfortable reflection recommend ready something deeper survival horror genuinely help u treat others sincerely pro deep psychological storytelling fear go beyond superficial memorable character atmosphere strong reinterpretation remake con everyone disturbing gameplay feel heavy time requires right mental state fully appreciate conclusion horror game journey darkest corner human mind silent hill remake doesnt scare confronts unsettles lingers unique experience brave enough look within final score scariest fear one carry inside,english review resea en ingls m abajo el terror m profundo viene de afuera viene de adentro resea en espaol voy contar un poco mi historia con este juego la primera vez que lo jugu fue en la dcada de los cuando todava llegaba los aos logr pasar ni un tercio porque daba demasiado miedo que termin abandonndolo hoy muchos aos despus doy cuenta de algo m fuerte solo lo iba terminar sino que tampoco lo iba entender este silent hill se limita dar miedo con monstruos escenarios oscuros sino que toca el verdadero terror el que genus nuestra propia mente habla de trauma de culpas de rencores no muestra que la batalla m grande e contra nosotros mismos como deca carl jung con el concepto de la sombra este juego no enfrenta con esa parte oscura de nuestra psique que escondemos por miedo en ese sentido silent hill remake e tan realista como perturbador se trata solo de sobrevivir sino de mirarnos en un espejo incmodo lo recomiendo quienes estn preparados para algo m que un survival horror porque puede ayudarnos ser m sinceros con nosotros mismos en consecuencia tambin con los dems puntos positivos una historia profunda psicolgica terror que trasciende lo superficial personajes atmsfera que dejan huella excelente reinterpretacin en el remake puntos negativos e para cualquiera puede ser demasiado perturbador jugabilidad que en algunos momentos se siente pesada exige estar en el estado mental correcto para apreciarlo conclusin m que un juego de terror e un viaje lo m oscuro de la mente humana silent hill remake solo asusta confronta incomoda deja pensando una experiencia nica para quienes se animen mirarse dentro puntuacin final el miedo m real e el que llevamos dentro review english deepest fear doesnt come outside come within let share bit story game first time played back year old couldnt get past even third game scared much abandoned today looking back adult realize something bigger going finish wasnt even going understand silent hill doesnt scare monster dark environment dive fear created mind trauma guilt resentment show you greatest battle carl jung described concept shadow game confronts you darkest part psyche hide fear sense silent hill remake realistic disturbing surviving facing uncomfortable reflection recommend ready something deeper survival horror genuinely help you treat others sincerely pro deep psychological storytelling fear go beyond superficial memorable character atmosphere strong reinterpretation remake con everyone disturbing gameplay feel heavy time requires right mental state fully appreciate conclusion horror game journey darkest corner human mind silent hill remake doesnt scare confronts unsettles lingers unique experience brave enough look within final score scariest fear one carry inside
207123381,76561198361315574,0,7,1090,256,en,"sehr gutes spiel, top",1760905626,1760905626,True,0,0,0.5,True,False,sehr gutes spiel top,sehr gutes spiel top
206593495,76561198016165569,0,2,1287,0,en,excellent remake for all silent hill fans,1760310103,1760310103,True,0,0,0.5,True,False,excellent remake silent hill fan,excellent remake silent hill fan
